article_id,body_chars,explicit_connection_signal,heuristic_commodities,heuristic_disruption_types,heuristic_locations,heuristic_response_types,human_verified,label_status,near_copy_cluster_id,pub_date,pub_time,publisher_family,roles,source,split,time_is_exact,title,url
ann_00056d483efa,1826,True,"[""corn"", ""rice""]","[""SupplyShortage""]","[""surabaya""]","[""DistributionIntervention""]",False,candidate_unverified,copy_248c06e314f3,2022-07-22,08:45,kompas,"[""disruption_candidate""]",kompas_money,train,1,Bos Bulog Bakal Bangun Sentra Penggilingan Padi di Marauke Money 22 Juli 2022,https://money.kompas.com/read/2022/07/22/084500526/bos-bulog-bakal-bangun-sentra-penggilingan-padi-di-marauke
ann_001eb1608699,1582,False,"[""broad_food""]","[""DisasterEvent""]","[""kediri""]",[],False,candidate_unverified,copy_7e8ef2316b3f,2022-01-04,22:11,beritajatim,"[""disruption_candidate""]",beritajatim,train,1,Kapolres Bantu Korban Banjir Bandang Lereng Wilis Kediri,https://beritajatim.com/kapolres-bantu-korban-banjir-bandang-lereng-wilis-kediri
ann_0029eafec3bd,2229,False,"[""broad_food"", ""rice""]","[""WeatherDisruption""]","[""tuban""]","[""CrisisPreparednessAction"", ""ProcurementAction"", ""ReserveRelease""]",False,candidate_unverified,copy_767cd9143f47,2023-04-06,13:38,kompas,"[""disruption_candidate""]",kompas_nasional,train,1,Jokowi Sebut Impor 2 Juta Ton Beras untuk Antisipasi El Nino News 6 April 2023,https://nasional.kompas.com/read/2023/04/06/13381401/jokowi-sebut-impor-2-juta-ton-beras-untuk-antisipasi-el-nino
ann_002ae92061c0,1782,False,[],"[""DisasterEvent""]","[""gresik""]",[],False,candidate_unverified,copy_0a09347addb6,2023-02-22,05:38,kompas,"[""disruption_candidate""]",kompas_regional,train,1,3 Desa di Kecamatan Cerme Gresik Banjir akibat Luapan Kali Lamong Regional 22 Februari 2023,https://surabaya.kompas.com/read/2023/02/22/053855978/3-desa-di-kecamatan-cerme-gresik-banjir-akibat-luapan-kali-lamong
ann_005d2777a0c6,2158,False,"[""chili""]","[""DisasterEvent""]","[""nganjuk"", ""pasuruan""]",[],False,candidate_unverified,copy_f692dea1e4a7,2021-02-15,08:43,beritajatim,"[""disruption_candidate""]",beritajatim,train,1,"Tanah Longsor Nganjuk, 20 Warga Ngetos Dilaporkan Hilang",https://beritajatim.com/tanah-longsor-nganjuk-20-warga-ngetos-dilaporkan-hilang
ann_00b2e9bfc503,2914,True,[],"[""DisasterEvent""]","[""gresik""]",[],False,candidate_unverified,copy_797ec0feb741,2024-12-23,,kontan,"[""disruption_candidate""]",kontan,train,0,"Freeport Ajukan Tambahan Kuota Ekspor Tembaga 2024, Smelter Belum Pulih",https://industri.kontan.co.id/news/freeport-ajukan-tambahan-kuota-ekspor-tembaga-2024-smelter-belum-pulih
ann_00b5fc342e32,3098,False,[],"[""SupplyShortage""]","[""banyuwangi"", ""malang"", ""sidoarjo"", ""surabaya""]",[],False,candidate_unverified,copy_aafaa8d5a264,2022-01-10,,kontan,"[""disruption_candidate""]",kontan,train,0,"Berangsur Pulih, LPEI Catat Ekspor Kopi Indonesia Hanya Minus 1,9% di November 2021",https://industri.kontan.co.id/news/berangsur-pulih-lpei-catat-ekspor-kopi-indonesia-hanya-minus-19-di-november-2021
ann_00b6f5e5dd35,2283,False,"[""broad_food"", ""chicken_eggs"", ""chili"", ""rice"", ""shallot""]","[""SupplyShortage""]","[""sumenep""]","[""ReserveRelease""]",False,candidate_unverified,copy_df33096037a4,2024-02-13,15:46,kompas,"[""disruption_candidate""]",kompas_regional,train,1,"Harga Beras di Sumenep Meroket Jelang Pemilu, Warga: Semoga Capres Juga Merasakan Ini Regional 13 Februari 2024",https://surabaya.kompas.com/read/2024/02/13/154643978/harga-beras-di-sumenep-meroket-jelang-pemilu-warga-semoga-capres-juga
ann_00c163d05bc1,2592,False,[],"[""DisasterEvent""]","[""jember""]",[],False,candidate_unverified,copy_7182ffb7af4f,2025-12-17,09:41,kompas,"[""disruption_candidate""]",kompas_regional,validation,1,Universitas Jember Kirim 12 Relawan Medis ke Aceh Tamiang untuk Bantu Korban Banjir Regional 17 Desember 2025,https://surabaya.kompas.com/read/2025/12/17/094119478/universitas-jember-kirim-12-relawan-medis-ke-aceh-tamiang-untuk-bantu
ann_01010cdccf81,1384,False,"[""broad_food"", ""chili""]","[""DisasterEvent""]","[""bondowoso""]","[""DistributionIntervention"", ""FoodAssistance""]",False,candidate_unverified,copy_2f20b53df028,2025-02-03,14:32,beritajatim,"[""disruption_candidate""]",beritajatim,validation,1,Angin Kencang Robohkan Dapur Rumah Warga di Prajekan Bondowoso,https://beritajatim.com/angin-kencang-robohkan-dapur-rumah-warga-di-prajekan-bondowoso
ann_01282aa11401,1451,False,[],"[""DisasterEvent""]","[""lumajang""]",[],False,candidate_unverified,copy_76e59d68d907,2021-12-04,21:44,beritajatim,"[""disruption_candidate""]",beritajatim,train,1,"Erupsi Gunung Semeru, Semua Rumah di Curah Kobokan Lumajang Hancur",https://beritajatim.com/erupsi-gunung-semeru-semua-rumah-di-curah-kobokan-lumajang-hancur
ann_012eadb8c21e,2031,False,[],"[""DisasterEvent""]","[""bondowoso"", ""jember""]",[],False,candidate_unverified,copy_8679686ebdd2,2025-11-14,23:12,beritajatim,"[""disruption_candidate""]",beritajatim,validation,1,"Banjir Drainase Genangi Sejumlah Titik di Bondowoso, 10 Rumah Warga Terendam",https://beritajatim.com/banjir-drainase-genangi-sejumlah-titik-di-bondowoso-10-rumah-warga-terendam
ann_01332ce44768,2234,False,"[""broad_food"", ""chicken_eggs"", ""rice""]","[""DisasterEvent""]","[""gresik""]","[""DistributionIntervention"", ""FoodAssistance""]",False,candidate_unverified,copy_0b87e60adbf9,2022-11-25,07:10,kompas,"[""disruption_candidate""]",kompas_money,train,1,Petrokimia Gresik Bantu Korban Gempa Cianjur Senilai Rp 100 Juta Money 25 November 2022,https://money.kompas.com/read/2022/11/25/071000226/petrokimia-gresik-bantu-korban-gempa-cianjur-senilai-rp-100-juta
ann_016bcdce6ba8,1819,False,[],"[""DisasterEvent""]","[""mojokerto""]","[""DistributionIntervention"", ""FoodAssistance""]",False,candidate_unverified,copy_87d7b916ff21,2025-10-24,14:50,beritajatim,"[""response_query""]",beritajatim,validation,1,"Tanah Longsor di Pacet Mojokerto Tutup Jalan Raya Claket, Lalu Lintas Sempat Tersendat",https://beritajatim.com/tanah-longsor-pacet-mojokerto-jalan-claket-normal
ann_018f5332e665,4419,False,"[""broad_food"", ""corn""]","[""ProductionDisruption""]","[""gresik""]","[""OtherResponseAction""]",False,candidate_unverified,copy_52c94aaa4c1f,2021-01-19,20:15,detik,"[""disruption_candidate""]",detik_finance,train,1,"Anak Usaha BUMN Genjot Produktivitas Jagung, Begini Caranya",https://finance.detik.com/berita-ekonomi-bisnis/d-5340476/anak-usaha-bumn-genjot-produktivitas-jagung-begini-caranya
ann_01af9dcd81a7,2061,False,"[""chicken_eggs"", ""rice""]","[""WeatherDisruption""]","[""malang""]","[""CrisisPreparednessAction""]",False,candidate_unverified,copy_4f57ae11565c,2024-06-06,,kontan,"[""disruption_candidate"", ""response_query""]",kontan,train,0,"Antisipasi Darurat Pangan, Begini Langkah Kementan",https://regional.kontan.co.id/news/antisipasi-darurat-pangan-begini-langkah-kementan
ann_01eff573af26,2151,False,[],"[""DisasterEvent""]","[""mojokerto"", ""sidoarjo""]",[],False,candidate_unverified,copy_9911e3fe771a,2025-04-04,13:58,beritajatim,"[""disruption_candidate""]",beritajatim,validation,1,Dua Kendaraan Terseret Longsor di Jalur Mojokerto – Batu Membawa Penumpang,https://beritajatim.com/dua-kendaraan-terseret-longsor-di-jalur-mojokerto-batu-membawa-penumpang
ann_021c15a2288c,2293,False,"[""fish""]","[""DisasterEvent""]","[""pacitan""]",[],False,candidate_unverified,copy_8fb8730ca672,2025-05-13,11:44,kompas,"[""disruption_candidate""]",kompas_regional,validation,1,Nelayan di Pacitan yang Hilang Ditemukan Tewas Regional 13 Mei 2025,https://surabaya.kompas.com/read/2025/05/13/114454678/nelayan-di-pacitan-yang-hilang-ditemukan-tewas
ann_02302b145dc1,3329,False,"[""broad_food"", ""chicken_eggs"", ""chili"", ""cooking_oil"", ""corn"", ""fish"", ""rice"", ""soybean"", ""sugar"", ""wheat""]","[""DisasterEvent""]","[""banyuwangi"", ""gresik"", ""jember"", ""jombang"", ""lumajang"", ""madiun"", ""malang"", ""probolinggo"", ""surabaya""]",[],False,candidate_unverified,copy_3010b1e7ad54,2025-12-18,18:02,beritajatim,"[""disruption_candidate""]",beritajatim,validation,1,"Pembatasan Angkutan Barang di Jalan Tol-Non Tol Jatim Mulai 19 Desember, Mana Saja?",https://beritajatim.com/pembatasan-angkutan-barang-di-jalan-tol-non-tol-jatim-mulai-19-desember-mana-saja
ann_024bf0d3c00b,3230,False,"[""broad_food""]","[""DisasterEvent""]","[""surabaya""]","[""DistributionIntervention"", ""FoodAssistance""]",False,candidate_unverified,copy_2b898bb5ce2c,2025-12-17,21:34,detik,"[""disruption_candidate"", ""response_query""]",detik_news,validation,1,PELNI-Polri Lepas 237 Personel dan Bantuan Logistik Via KM Egon ke Sumatera,https://news.detik.com/berita/d-8265088/pelni-polri-lepas-237-personel-dan-bantuan-logistik-via-km-egon-ke-sumatera
ann_0260db8d9bb0,1476,False,[],"[""DisasterEvent""]","[""pamekasan""]",[],False,candidate_unverified,copy_0aa1b714705b,2026-01-20,13:27,kompas,"[""disruption_candidate""]",kompas_regional,test,1,Korban Longsor di Pamekasan Jatim Mengungsi ke Tenda Darurat Regional 20 Januari 2026,https://surabaya.kompas.com/read/2026/01/20/132720778/korban-longsor-di-pamekasan-jatim-mengungsi-ke-tenda-darurat
ann_027e9040be7c,1875,False,[],"[""DisasterEvent""]","[""pamekasan""]",[],False,candidate_unverified,copy_0ffffb9bd5e2,2021-10-26,07:30,beritajatim,"[""disruption_candidate""]",beritajatim,train,1,Masyarakat Pamekasan Dihimbau Waspada dan Antisipasi Resiko Bencana,https://beritajatim.com/masyarakat-pamekasan-dihimbau-waspada-dan-antisipasi-resiko-bencana
ann_02aba3539538,2517,False,"[""shallot""]","[""DisasterEvent""]","[""nganjuk""]",[],False,candidate_unverified,copy_b28069498fcc,2024-04-25,14:10,kompas,"[""disruption_candidate""]",kompas_money,train,1,"Harga Bawang Merah Tembus Rp 80.000, Mendag: Tidak Akan Ada Impor! Money 25 April 2024",https://money.kompas.com/read/2024/04/25/141000026/harga-bawang-merah-tembus-rp-80.000-mendag--tidak-akan-ada-impor-
ann_036e6a072d88,5320,False,[],"[""DisasterEvent""]","[""jombang"", ""mojokerto""]","[""DistributionIntervention""]",False,candidate_unverified,copy_8df97f21cfad,2024-12-14,22:11,detik,"[""disruption_candidate"", ""response_query""]",detik_news,train,1,"Mensos Tinjau Banjir Jombang-Mojokerto, Pastikan Pengungsi Dilayani Baik",https://news.detik.com/berita/d-7686927/mensos-tinjau-banjir-jombang-mojokerto-pastikan-pengungsi-dilayani-baik
ann_040a6ea28201,2389,False,"[""broad_food""]","[""DisasterEvent""]","[""madiun""]","[""DistributionIntervention"", ""FoodAssistance""]",False,candidate_unverified,copy_77670c33a9ea,2025-09-22,16:14,kompas,"[""response_query""]",kompas_regional,validation,1,53 Keluarga Korban Puting Beliung di Madiun Dapat Bantuan Sembako dan Selimut Regional 22 September 2025,https://surabaya.kompas.com/read/2025/09/22/161408978/53-keluarga-korban-puting-beliung-di-madiun-dapat-bantuan-sembako-dan
ann_04359516d0c1,1905,False,"[""shallot""]","[""DisasterEvent""]","[""nganjuk""]","[""CrisisPreparednessAction""]",False,candidate_unverified,copy_7541f93d24e6,2023-07-31,17:54,kompas,"[""response_query""]",kompas_regional,train,1,"Gudang Bawang Merah di Nganjuk Ludes Terbakar, Kerugian Capai Rp 700 Juta Regional 31 Juli 2023",https://surabaya.kompas.com/read/2023/07/31/175444778/gudang-bawang-merah-di-nganjuk-ludes-terbakar-kerugian-capai-rp-700-juta
ann_047af0f8da7b,1134,False,[],"[""DisasterEvent""]","[""bojonegoro""]",[],False,candidate_unverified,copy_05f2ccbaf7fd,2025-03-01,23:18,detik,"[""disruption_candidate""]",detik_news,validation,1,Jalan Terendam Banjir Tak Surutkan Warga Bojonegoro ke Masjid Salat Tarawih,https://news.detik.com/berita/d-7802251/jalan-terendam-banjir-tak-surutkan-warga-bojonegoro-ke-masjid-salat-tarawih
ann_04e22cf212c1,1403,False,[],"[""DisasterEvent""]","[""bangkalan"", ""banyuwangi"", ""blitar"", ""bojonegoro"", ""bondowoso"", ""gresik"", ""jember"", ""jombang"", ""kediri"", ""lamongan"", ""lumajang"", ""madiun"", ""malang"", ""mojokerto"", ""nganjuk"", ""pacitan"", ""pamekasan"", ""pasuruan"", ""probolinggo"", ""sampang"", ""sidoarjo"", ""sumenep"", ""surabaya"", ""tuban""]",[],False,candidate_unverified,copy_1d85b5dde476,2021-02-25,16:57,kompas,"[""disruption_candidate""]",kompas_regional,train,1,"Ini Daftar Daerah di Jatim Berstatus Siaga dan Waspada Banjir, Surabaya Salah Satunya News 25 Februari 2021",https://regional.kompas.com/read/2021/02/25/16570221/ini-daftar-daerah-di-jatim-berstatus-siaga-dan-waspada-banjir-surabaya-salah
ann_0515f92c9d83,4642,True,[],"[""DisasterEvent""]","[""lamongan""]","[""CrisisPreparednessAction"", ""InspectionEnforcement""]",False,candidate_unverified,copy_2451c91f7ff3,2022-02-23,14:23,beritajatim,"[""response_query""]",beritajatim,train,1,"Gelar Demo dan Sampaikan 6 Tuntutan Soal Banjir, PMII Lamongan Tak Ditemui Bupati YES",https://beritajatim.com/gelar-demo-dan-sampaikan-6-tuntutan-soal-banjir-pmii-lamongan-tak-ditemui-bupati-yes
ann_0526360c926c,2391,True,"[""rice""]","[""DisasterEvent""]","[""bojonegoro""]",[],False,candidate_unverified,copy_ed2ab8d88480,2026-01-16,08:26,kompas,"[""disruption_candidate""]",kompas_regional,test,1,"Truk Angkut 25 Ton Beras Terguling di Jalan Lingkar Salatiga, Sopir Luka Regional 16 Januari 2026",https://regional.kompas.com/read/2026/01/16/082610878/truk-angkut-25-ton-beras-terguling-di-jalan-lingkar-salatiga-sopir-luka
ann_052e7b7d6919,3021,True,"[""broad_food"", ""cooking_oil""]","[""PestDiseaseEvent"", ""WeatherDisruption""]","[""surabaya""]","[""CrisisPreparednessAction"", ""ProductionAssistance""]",False,candidate_unverified,copy_becc73a7105f,2023-09-14,20:17,kompas,"[""disruption_candidate""]",kompas_money,train,1,"Antisipasi El Nino, Kementan Siap Jaga Keberlanjutan Produksi Tanaman Perkebunan Money 14 September 2023",https://money.kompas.com/read/2023/09/14/201701726/antisipasi-el-nino-kementan-siap-jaga-keberlanjutan-produksi-tanaman
ann_053284119e71,2022,False,[],"[""DisasterEvent""]","[""jombang""]",[],False,candidate_unverified,copy_fc17108bcfc1,2021-01-14,23:59,detik,"[""disruption_candidate""]",detik_news,train,1,"Ditantang Tinggal di Lokasi Banjir, Bupati Jombang Curigai Aksi Settingan",https://news.detik.com/berita/d-5334661/ditantang-tinggal-di-lokasi-banjir-bupati-jombang-curigai-aksi-settingan
ann_054d283a86ab,2447,True,[],"[""DisasterEvent""]","[""kediri"", ""lumajang"", ""surabaya""]",[],False,candidate_unverified,copy_5339098aa6af,2025-11-20,09:19,beritajatim,"[""disruption_candidate""]",beritajatim,validation,1,"Erupsi Semeru Mereda dan Tiga Korban Luka, BPBD Jatim: Status Tetap Awas",https://beritajatim.com/erupsi-semeru-berakhir-dan-tiga-korban-luka-bpbd-jatim-status-tetap-awas
ann_056f14e04c52,1120,False,[],"[""PestDiseaseEvent""]","[""gresik"", ""lamongan"", ""mojokerto"", ""sidoarjo"", ""surabaya""]","[""CrisisPreparednessAction""]",False,candidate_unverified,copy_5a40e0ba164a,2022-05-11,01:14,beritajatim,"[""disruption_candidate""]",beritajatim,train,1,"Virus PMK di Jawa Timur, PD RPH Surabaya: Tak Pengaruhi Pasokan",https://beritajatim.com/virus-pmk-di-jawa-timur-pd-rph-surabaya-tak-pengaruhi-pasokan
ann_05759c01101a,4089,False,"[""broad_food""]","[""SupplyShortage""]","[""lamongan""]","[""OtherResponseAction""]",False,candidate_unverified,copy_96144eeb3641,2022-09-30,18:07,beritajatim,"[""response_query""]",beritajatim,train,1,"Pupuk Subsidi di Lamongan Langka, Petani Menjerit",https://beritajatim.com/pupuk-subsidi-di-lamongan-langka-petani-menjerit
ann_0580f99e9f00,2241,False,[],"[""DisasterEvent""]","[""banyuwangi""]",[],False,candidate_unverified,copy_c7629ad6e601,2022-07-14,18:16,kompas,"[""disruption_candidate""]",kompas_regional,train,1,"Antisipasi Bencana di Banyuwangi, Ribuan Pohon Cemara dan Mangrove Ditanam di Pantai Regional 14 Juli 2022",https://surabaya.kompas.com/read/2022/07/14/181616578/antisipasi-bencana-di-banyuwangi-ribuan-pohon-cemara-dan-mangrove-ditanam
ann_0586829f82ca,2224,False,"[""broad_food""]","[""DisasterEvent""]","[""lamongan""]","[""DistributionIntervention"", ""FoodAssistance""]",False,candidate_unverified,copy_1eeb6965a09c,2022-01-03,21:17,beritajatim,"[""disruption_candidate"", ""response_query""]",beritajatim,train,1,Kemensos Salurkan Paket Bantuan Untuk Korban Banjir di Lamongan,https://beritajatim.com/kemensos-salurkan-paket-bantuan-untuk-korban-banjir-di-lamongan
ann_05916aae3758,1689,True,[],"[""DisasterEvent""]","[""bondowoso"", ""malang""]",[],False,candidate_unverified,copy_773121921516,2025-09-24,14:17,kompas,"[""disruption_candidate""]",kompas_regional,validation,1,"Atasi Banjir, Pemkot Malang Terima Dana Rp 154 Miliar dari Bank Dunia Regional 24 September 2025",https://surabaya.kompas.com/read/2025/09/24/141712078/atasi-banjir-pemkot-malang-terima-dana-rp-154-miliar-dari-bank-dunia
ann_059d1a9e0927,3325,False,"[""broad_food"", ""rice""]","[""DisasterEvent""]","[""mojokerto"", ""sidoarjo""]",[],False,candidate_unverified,copy_b53ab78d527b,2024-05-10,,kontan,"[""disruption_candidate""]",kontan,train,0,"Wilmar Padi Bangunkan Lahan Tidur, Produksi Gabah Petani Capai 8 Ton per Hektare",https://regional.kontan.co.id/news/wilmar-padi-bangunkan-lahan-tidur-produksi-gabah-petani-capai-8-ton-per-hektare
ann_059d5d2011f2,1854,False,[],"[""DisasterEvent""]","[""blitar"", ""malang""]",[],False,candidate_unverified,copy_7cb353fb614b,2021-04-10,,kontan,"[""disruption_candidate""]",kontan,train,0,"Gempa melanda Malang dan Sangihe Sulut dalam satu hari, ini faktanya",https://regional.kontan.co.id/news/gempa-melanda-malang-dan-sangihe-sulut-dalam-satu-hari-ini-faktanya
ann_05af0cd1cfa1,2260,True,"[""beef"", ""broad_food"", ""chicken_eggs"", ""chicken_meat"", ""chili"", ""cooking_oil"", ""garlic"", ""rice"", ""shallot"", ""soybean""]","[""SupplyShortage""]","[""malang""]","[""CrisisPreparednessAction"", ""OtherResponseAction""]",False,candidate_unverified,copy_b19741184634,2026-02-07,16:31,beritajatim,"[""disruption_candidate""]",beritajatim,test,1,"Jelang Ramadan 2026, Satgas Pangan Polres Malang Pastikan Stok Bahan Pokok Aman",https://beritajatim.com/jelang-ramadan-2026-satgas-pangan-polres-malang-pastikan-stok-bahan-pokok-aman
ann_06025d16dea4,2016,False,"[""broad_food"", ""rice""]","[""WeatherDisruption""]","[""blitar""]",[],False,candidate_unverified,copy_7d6c60caccf3,2024-04-05,14:01,beritajatim,"[""disruption_candidate""]",beritajatim,train,1,"Hasil Panen Padi Blitar Anjlok 4 Kali Lipat, Stok Beras Terancam",https://beritajatim.com/hasil-panen-padi-blitar-anjlok-4-kali-lipat-stok-beras-terancam
ann_060c50ed804a,1810,False,"[""rice""]","[""DisasterEvent""]","[""lamongan""]","[""DistributionIntervention"", ""FoodAssistance""]",False,candidate_unverified,copy_aa8a46fdb09b,2021-12-23,22:14,kompas,"[""disruption_candidate""]",kompas_regional,train,1,Pemkab Lamongan Terjunkan Pikap dan Truk Bantu Warga Terdampak Banjir Regional 23 Desember 2021,https://surabaya.kompas.com/read/2021/12/23/221414978/pemkab-lamongan-terjunkan-pikap-dan-truk-bantu-warga-terdampak-banjir
ann_06196cd92868,1745,False,[],"[""DisasterEvent""]","[""blitar""]",[],False,candidate_unverified,copy_db956819242e,2021-06-05,,kontan,"[""disruption_candidate""]",kontan,train,0,Ini kata LIPI soal prediksi gempa dan tsunami Jatim,https://regional.kontan.co.id/news/ini-kata-lipi-soal-prediksi-gempa-dan-tsunami-jatim
ann_062ba5ac7c7a,3509,False,"[""chili"", ""rice"", ""sugar""]","[""DisasterEvent"", ""WeatherDisruption""]","[""banyuwangi"", ""jember"", ""lumajang""]","[""InspectionEnforcement""]",False,candidate_unverified,copy_20c43e2a3608,2026-05-06,20:55,beritajatim,"[""disruption_candidate""]",beritajatim,test,1,10.640 Hektare Lahan Pertanian Tiga Kabupaten Dioptimasi Jelang El Nino Godzilla,https://beritajatim.com/10-640-hektare-lahan-pertanian-tiga-kabupaten-dioptimasi-jelang-el-nino-godzilla
ann_0641aea8499b,1021,False,[],"[""DisasterEvent""]","[""kediri""]",[],False,candidate_unverified,copy_f14d99b942b3,2022-12-05,18:00,kompas,"[""disruption_candidate""]",kompas_regional,train,1,"Kebakaran Toko di Kediri, Bermula Pemotor Pindahkan BBM di Depan Lokasi Regional 5 Desember 2022",https://surabaya.kompas.com/read/2022/12/05/180034178/kebakaran-toko-di-kediri-bermula-pemotor-pindahkan-bbm-di-depan-lokasi
ann_0643d791b022,1833,True,[],"[""DisasterEvent""]","[""lumajang""]","[""CrisisPreparednessAction"", ""ProcurementAction""]",False,candidate_unverified,copy_bedb32c8383d,2022-10-25,22:34,kompas,"[""response_query""]",kompas_regional,train,1,"Hadapi Tiga Potensi Bencana, BPBD Lumajang Masih Minim Peralatan Regional 25 Oktober 2022",https://surabaya.kompas.com/read/2022/10/25/223459978/hadapi-tiga-potensi-bencana-bpbd-lumajang-masih-minim-peralatan
ann_064fe8b36622,4256,True,"[""chili""]","[""PestDiseaseEvent""]","[""jember""]",[],False,candidate_unverified,copy_94dbb27419ee,2024-04-26,,kontan,"[""disruption_candidate""]",kontan,train,0,Petani di Jember Berhasil Panen Keuntungan Pepaya dengan Pinjaman KECE dari BRI,https://keuangan.kontan.co.id/news/petani-di-jember-berhasil-panen-keuntungan-pepaya-dengan-pinjaman-kece-dari-bri
ann_065863ad46f5,1711,False,[],"[""DisasterEvent"", ""WeatherDisruption""]","[""jember""]",[],False,candidate_unverified,copy_41c1ef675d0f,2024-11-29,19:37,beritajatim,"[""disruption_candidate""]",beritajatim,train,1,Ratusan Keluarga di Kecamatan Tempurejo Jember Terdampak Banjir,https://beritajatim.com/ratusan-keluarga-di-kecamatan-tempurejo-jember-terdampak-banjir
ann_06d20632ffa5,2834,False,"[""broad_food""]","[""SupplyShortage""]","[""surabaya""]","[""MarketOperationAction""]",False,candidate_unverified,copy_2588f0237cf5,2022-09-12,13:10,beritajatim,"[""disruption_candidate""]",beritajatim,train,1,"Harga BBM Bersubsidi Naik, DPRD Surabaya Dorong Percepatan Penyesuaian UMK",https://beritajatim.com/harga-bbm-bersubsidi-naik-dprd-surabaya-dorong-percepatan-penyesuaian-umk
ann_06d2325251d2,1908,False,[],"[""PestDiseaseEvent"", ""SupplyShortage""]","[""gresik""]","[""CrisisPreparednessAction""]",False,candidate_unverified,copy_503735b81f77,2021-09-22,19:41,beritajatim,"[""response_query""]",beritajatim,train,1,Petani Tembakau Gresik Curhat Soal Pupuk,https://beritajatim.com/petani-tembakau-gresik-curhat-soal-pupuk
ann_06e46f28d807,2039,False,[],"[""DisasterEvent"", ""WeatherDisruption""]","[""bangkalan"", ""banyuwangi"", ""batu"", ""blitar"", ""bojonegoro"", ""bondowoso"", ""gresik"", ""jember"", ""jombang"", ""kediri"", ""lamongan"", ""lumajang"", ""magetan"", ""malang"", ""mojokerto"", ""ngawi"", ""pacitan"", ""pamekasan"", ""pasuruan"", ""ponorogo"", ""probolinggo"", ""sampang"", ""situbondo"", ""sumenep"", ""surabaya"", ""trenggalek"", ""tuban"", ""tulungagung""]","[""CrisisPreparednessAction""]",False,candidate_unverified,copy_052c6c8bcef4,2024-08-07,18:00,kompas,"[""disruption_candidate""]",kompas_regional,train,1,"Musim Kemarau, 27 Daerah di Jatim Alami Kekeringan Regional 7 Agustus 2024",https://surabaya.kompas.com/read/2024/08/07/180030978/musim-kemarau-27-daerah-di-jatim-alami-kekeringan
ann_06eda6bacf84,2968,True,"[""broad_food""]","[""SupplyShortage""]","[""surabaya""]","[""CrisisPreparednessAction""]",False,candidate_unverified,copy_6e114f8da0ad,2022-07-05,,kontan,"[""disruption_candidate"", ""response_query""]",kontan,train,0,"Cegah Penyebaran PMK, Kementan gelar ToT Vaksinasi Bagi Anggota Polri",https://industri.kontan.co.id/news/cegah-penyebaran-pmk-kementan-gelar-tot-vaksinasi-bagi-anggota-polri
ann_071b954e2eb5,3591,False,"[""fish""]","[""SupplyShortage""]","[""tuban""]","[""DistributionIntervention"", ""InspectionEnforcement"", ""OtherResponseAction""]",False,candidate_unverified,copy_a0d21a63d5aa,2021-10-18,17:50,kompas,"[""disruption_candidate""]",kompas_money,train,1,Pertamina Bongkar Aksi Penimbunan BBM Bersubsidi di Kabupaten Semarang Money 18 Oktober 2021,https://money.kompas.com/read/2021/10/18/175006726/pertamina-bongkar-aksi-penimbunan-bbm-bersubsidi-di-kabupaten-semarang
ann_07318dfa35a9,614,False,[],"[""DisasterEvent""]","[""pacitan""]",[],False,candidate_unverified,copy_4d75a33f50a3,2021-07-27,23:39,detik,"[""disruption_candidate""]",detik_news,train,1,"Gempa M 5,2 Guncang Pacitan Jatim",https://news.detik.com/berita/d-5659434/gempa-m-5-2-guncang-pacitan-jatim
ann_07732b0fdf40,2759,False,[],"[""PestDiseaseEvent""]","[""malang""]",[],False,candidate_unverified,copy_6a36f9de09a0,2022-06-16,17:52,kompas,"[""disruption_candidate""]",kompas_regional,train,1,"Akibat Wabah PMK, Produksi Susu di Pujon Malang Turun hingga 40 Persen Regional 16 Juni 2022",https://surabaya.kompas.com/read/2022/06/16/175246578/akibat-wabah-pmk-produksi-susu-di-pujon-malang-turun-hingga-40-persen
ann_077d750c715a,2892,False,"[""chili""]","[""DisasterEvent""]","[""kediri""]",[],False,candidate_unverified,copy_edf876cbc606,2025-05-22,12:51,kompas,"[""disruption_candidate""]",kompas_regional,validation,1,"Sigap Tangani Longsor dan Banjir di Mojo, Pemkab Kediri Lakukan Evakuasi hingga Pulihkan Infrastruktur Regional 22 Mei 2025",https://regional.kompas.com/read/2025/05/22/125126178/sigap-tangani-longsor-dan-banjir-di-mojo-pemkab-kediri-lakukan-evakuasi
ann_07a346b001b7,2129,False,[],"[""DisasterEvent""]","[""lumajang""]",[],False,candidate_unverified,copy_606ce23f56e0,2021-12-05,16:16,kompas,"[""disruption_candidate""]",kompas_money,train,1,"Gunung Semeru Erupsi, Baznas Bangun Pos Kesehatan di Lumajang Money 5 Desember 2021",https://money.kompas.com/read/2021/12/05/161600426/gunung-semeru-erupsi-baznas-bangun-pos-kesehatan-di-lumajang
ann_07da6bb4a2b8,3110,False,"[""buffalo_meat""]","[""PestDiseaseEvent""]","[""bangkalan"", ""gresik"", ""lamongan"", ""malang"", ""sampang"", ""trenggalek"", ""tuban""]",[],False,candidate_unverified,copy_3a33002dc581,2022-06-07,20:13,beritajatim,"[""disruption_candidate""]",beritajatim,train,1,"Cegah PMK Meluas, Pelabuhan Paciran Lamongan Tutup Akses Pengangkutan Hewan Ternak",https://beritajatim.com/cegah-pmk-meluas-pelabuhan-paciran-lamongan-tutup-akses-pengangkutan-hewan-ternak
ann_07e74c45ec95,1905,False,"[""broad_food"", ""corn"", ""rice""]","[""PestDiseaseEvent""]","[""lumajang""]","[""CrisisPreparednessAction""]",False,candidate_unverified,copy_303a0afc06bd,2025-05-01,14:02,kompas,"[""disruption_candidate"", ""response_query""]",kompas_regional,validation,1,14.000 Hektar Sawah Padi di Lumajang Diserang Tikus Regional 1 Mei 2025,https://surabaya.kompas.com/read/2025/05/01/140232078/14000-hektar-sawah-padi-di-lumajang-diserang-tikus
ann_084c4ff487b7,550,False,[],"[""DisasterEvent""]","[""blitar""]",[],False,candidate_unverified,copy_d8d74d353ca3,2024-10-04,23:42,detik,"[""disruption_candidate""]",detik_news,train,1,"Gempa M 3,9 Terjadi di Blitar Jatim",https://news.detik.com/berita/d-7572870/gempa-m-3-9-terjadi-di-blitar-jatim
ann_085a07eddac1,2630,False,[],"[""DisasterEvent""]","[""lumajang"", ""malang""]",[],False,candidate_unverified,copy_37912cba11a4,2021-12-05,22:52,detik,"[""disruption_candidate""]",detik_news,train,1,"Bantu Korban Erupsi Gunung Semeru, Relawan Jatinangor Bertolak ke Lumajang",https://news.detik.com/berita-jawa-barat/d-5841907/bantu-korban-erupsi-gunung-semeru-relawan-jatinangor-bertolak-ke-lumajang
ann_085ec3a75e7c,2186,True,[],"[""DisasterEvent""]","[""surabaya""]",[],False,candidate_unverified,copy_602ed17fbef0,2026-05-05,14:14,kompas,"[""disruption_candidate""]",kompas_regional,test,1,"Mulai Tahun Ini, Eri Cahyadi Targetkan Surabaya Selatan Bebas Banjir Regional 5 Mei 2026",https://surabaya.kompas.com/read/2026/05/05/141453278/mulai-tahun-ini-eri-cahyadi-targetkan-surabaya-selatan-bebas-banjir
ann_087bc9c48c4e,2273,False,[],"[""DisasterEvent""]","[""surabaya""]",[],False,candidate_unverified,copy_8d1bff28813f,2022-04-14,,kontan,"[""disruption_candidate""]",kontan,train,0,"Tunjungan Plaza Surabaya Kebakaran, Mari Kenali Mall Terbesar di Jawa Timur Ini",https://industri.kontan.co.id/news/tunjungan-plaza-surabaya-kebakaran-mari-kenali-mall-terbesar-di-jawa-timur-ini-1
ann_08d912f61d3f,1913,False,"[""broad_food""]","[""DisasterEvent""]","[""surabaya""]","[""DistributionIntervention"", ""FoodAssistance""]",False,candidate_unverified,copy_a5fa9a8b7968,2022-12-21,19:27,kompas,"[""disruption_candidate""]",kompas_money,train,1,Warga Terdampak Erupsi Semeru Dapat Bantuan Sembako Money 21 Desember 2022,https://money.kompas.com/read/2022/12/21/192745826/warga-terdampak-erupsi-semeru-dapat-bantuan-sembako
ann_0908fbe7f56e,1811,False,[],"[""PestDiseaseEvent""]",[],[],False,candidate_unverified,copy_460ec70bd8f5,2022-05-25,,kontan,"[""disruption_candidate""]",kontan,train,0,Kementan Catat 20.723 Ekor Hewan Ternak Terjangkit Penyakit Mulut dan Kuku,https://industri.kontan.co.id/news/kementan-catat-20723-ekor-hewan-ternak-terjangkit-penyakit-mulut-dan-kuku
ann_0947f1bb4822,1681,False,[],"[""DisasterEvent""]","[""blitar"", ""madiun"", ""malang"", ""mojokerto""]",[],False,candidate_unverified,copy_bbd3dccc27d6,2022-10-18,21:26,kompas,"[""disruption_candidate""]",kompas_regional,train,1,"Sempat Tertutup Longsor, Jalur Kereta Api Blitar-Malang Kini Sudah Bisa Dilalui Regional 18 Oktober 2022",https://surabaya.kompas.com/read/2022/10/18/212617678/sempat-tertutup-longsor-jalur-kereta-api-blitar-malang-kini-sudah-bisa
ann_099e260a1b8e,2968,False,[],"[""PestDiseaseEvent"", ""WeatherDisruption""]","[""sidoarjo"", ""surabaya""]","[""OtherResponseAction"", ""ProductionAssistance""]",False,candidate_unverified,copy_b678c07190cd,2023-10-24,22:32,beritajatim,"[""response_query""]",beritajatim,train,1,"Dampak El Nino, Pemkab Sidoarjo Bekali Petani Gunakan Alsintan dan Pestisida Nabati",https://beritajatim.com/dampak-el-nino-pemkab-sidoarjo-bekali-petani-gunakan-alsintan-dan-pestisida-nabati
ann_09a30578bc1f,1247,False,[],"[""DisasterEvent""]","[""lumajang""]",[],False,candidate_unverified,copy_f0d1d09bd6b6,2024-09-02,22:38,detik,"[""disruption_candidate""]",detik_news,train,1,Hutan Kawasan Bromo di Lumajang Kebakaran,https://news.detik.com/berita/d-7521448/hutan-kawasan-bromo-di-lumajang-kebakaran
ann_09f74c5c8685,8000,False,"[""fish"", ""sugar""]","[""WeatherDisruption""]","[""lumajang""]",[],False,candidate_unverified,copy_3b056974ba52,2024-01-12,,kontan,"[""disruption_candidate""]",kontan,train,0,"BMKG Ramalkan Cuaca Besok di Jawa Timur Wilayah Ini, Akan Diselimuti Awan",https://momsmoney.kontan.co.id/news/bmkg-ramalkan-cuaca-besok-di-jawa-timur-wilayah-ini-akan-diselimuti-awan
ann_0a043959f8a3,1696,False,[],"[""DisasterEvent""]","[""lumajang"", ""malang""]",[],False,candidate_unverified,copy_e05cfa012954,2021-12-05,02:23,beritajatim,"[""disruption_candidate""]",beritajatim,train,1,Pengungsi Korban Erupsi Semeru di Pronojiwo Lumajang Butuh Pertolongan,https://beritajatim.com/pengungsi-korban-erupsi-semeru-di-pronojiwo-lumajang-butuh-pertolongan
ann_0a25ee2ba8a9,3402,True,[],"[""DisasterEvent""]","[""lumajang""]","[""CrisisPreparednessAction""]",False,candidate_unverified,copy_bf300c7eb887,2021-12-13,13:33,kompas,"[""response_query""]",kompas_nasional,train,1,"Jalur Logistik Macet, Polisi Sekat Jalan Antisipasi Wisatawan yang Nekat Kunjungi Lokasi Erupsi Semeru News 13 Desember 2021",https://nasional.kompas.com/read/2021/12/13/13334851/jalur-logistik-macet-polisi-sekat-jalan-antisipasi-wisatawan-yang-nekat
ann_0a2fd97e90d2,2204,False,"[""rice""]","[""DisasterEvent"", ""ProductionDisruption"", ""WeatherDisruption""]",[],"[""CrisisPreparednessAction""]",False,candidate_unverified,copy_0773215fbf96,2023-08-07,,kontan,"[""disruption_candidate""]",kontan,train,0,"Ada El Nino, 2.269 Ha Tanaman Padi Terancam Gagal Panen",https://nasional.kontan.co.id/news/ada-el-nino-2269-ha-tanaman-padi-terancam-gagal-panen
ann_0a3d5c2ffcff,1780,False,"[""broad_food"", ""fish"", ""rice""]","[""DisasterEvent"", ""ProductionDisruption""]","[""ponorogo""]",[],False,candidate_unverified,copy_9ebec571c729,2026-01-07,18:51,kompas,"[""disruption_candidate""]",kompas_regional,test,1,"Banjir Rendam Lahan Pertanian di Ponorogo, 28 Hektar Tanaman Padi Dipastikan Gagal Panen Regional 7 Januari 2026",https://surabaya.kompas.com/read/2026/01/07/185149178/banjir-rendam-lahan-pertanian-di-ponorogo-28-hektar-tanaman-padi-dipastikan
ann_0a5dc4ecedea,916,False,[],"[""DisasterEvent""]","[""jember""]",[],False,candidate_unverified,copy_2934cc93b780,2025-11-11,09:35,beritajatim,"[""disruption_candidate""]",beritajatim,validation,1,Banjir dari Lereng Argopuro Mulai Landa Panti Jember,https://beritajatim.com/banjir-dari-lereng-argopuro-mulai-landa-panti-jember
ann_0a6c5d71781b,4142,True,[],"[""DisasterEvent""]","[""blitar"", ""lumajang"", ""malang"", ""surabaya""]",[],False,candidate_unverified,copy_f886cb37ed57,2021-04-10,20:10,beritajatim,"[""disruption_candidate""]",beritajatim,train,1,Gubernur Khofifah Rasakan Getaran Gempa di Islamic Center Surabaya,https://beritajatim.com/gubernur-khofifah-rasakan-getaran-gempa-di-islamic-center-surabaya
ann_0a74db204b84,7851,False,"[""broad_food"", ""rice""]","[""ProductionDisruption"", ""WeatherDisruption""]","[""jombang"", ""kediri"", ""nganjuk""]","[""ProcurementAction""]",False,candidate_unverified,copy_402b161b453c,2025-03-28,01:25,beritajatim,"[""response_query""]",beritajatim,validation,1,"Bulog Kediri Dituding Tolak Serap Gabah, PERPADI: Tidak Benar, Justru Lampaui Target",https://beritajatim.com/bulog-kediri-dituding-tolak-serap-gabah-perpadi-tidak-benar-justru-lampaui-target
ann_0ac183a48b3a,913,False,[],"[""DisasterEvent"", ""WeatherDisruption""]","[""ponorogo""]",[],False,candidate_unverified,copy_b0158a9e9e1c,2021-11-18,19:14,kompas,"[""disruption_candidate""]",kompas_regional,train,1,Tanah Longsor di Ponorogo Terjang Rumah Tukijo hingga Jebol Regional 18 November 2021,https://regional.kompas.com/read/2021/11/18/191452278/tanah-longsor-di-ponorogo-terjang-rumah-tukijo-hingga-jebol
ann_0ad3e69dd9d8,1860,False,[],"[""DisasterEvent""]","[""ponorogo""]",[],False,candidate_unverified,copy_0a49931282dd,2025-11-19,22:48,kompas,"[""disruption_candidate""]",kompas_regional,validation,1,"Longsor di Pulung Ponorogo: Dua Rumah Tertimbun Tanah, Pelajar Jadi Korban Regional 19 November 2025",https://surabaya.kompas.com/read/2025/11/19/224846378/longsor-di-pulung-ponorogo-dua-rumah-tertimbun-tanah-pelajar-jadi-korban
ann_0adeb59f9bce,1684,False,"[""broad_food"", ""rice""]","[""WeatherDisruption""]","[""malang""]","[""OtherResponseAction""]",False,candidate_unverified,copy_beb8f1418b2b,2024-03-08,17:15,kompas,"[""disruption_candidate""]",kompas_money,train,1,DPR Minta Ketersediaan Kebutuhan Pokok Terjamin hingga Lebaran Money 8 Maret 2024,https://money.kompas.com/read/2024/03/08/171511326/dpr-minta-ketersediaan-kebutuhan-pokok-terjamin-hingga-lebaran
ann_0af2c4ec2c71,2581,False,"[""corn"", ""rice""]","[""SupplyShortage""]","[""banyuwangi"", ""gresik"", ""jember"", ""ponorogo""]","[""DistributionIntervention"", ""OtherResponseAction""]",False,candidate_unverified,copy_e0cdc9cc27c1,2021-04-01,,kontan,"[""disruption_candidate""]",kontan,train,0,"Masuki musim tanam, wamentan pastikan kebutuhan pupuk subsidi tercukupi",https://industri.kontan.co.id/news/masuki-musim-tanam-wamentan-pastikan-kebutuhan-pupuk-subsidi-tercukup
ann_0b2ad0c89d98,2583,True,[],"[""DisasterEvent""]","[""pasuruan""]","[""CrisisPreparednessAction""]",False,candidate_unverified,copy_171351b03370,2026-03-31,12:26,beritajatim,"[""response_query""]",beritajatim,test,1,Strategi Penanganan Banjir Pasuruan: Mas Rusdi Fokus Sinergi Antarinstansi dan Penguatan Shelter Darurat di Titik Rawan,https://beritajatim.com/strategi-penanganan-banjir-pasuruan-mas-rusdi-fokus-sinergi-antarinstansi-dan-penguatan-shelter-darurat-di-titik-rawan
ann_0b34ed522140,2444,False,[],"[""DisasterEvent""]","[""pamekasan""]",[],False,candidate_unverified,copy_4cb6cf05763c,2026-01-17,12:19,kompas,"[""disruption_candidate""]",kompas_regional,test,1,"40 KK Terisolasi Akibat Longsor di Pamekasan, 10 Siswa Digendong dan Melintasi Bukit ke Sekolah Regional 17 Januari 2026",https://surabaya.kompas.com/read/2026/01/17/121938178/40-kk-terisolasi-akibat-longsor-di-pamekasan-10-siswa-digendong-dan
ann_0b70388a0b54,2446,False,[],"[""PestDiseaseEvent"", ""ProductionDisruption""]","[""malang""]","[""CrisisPreparednessAction""]",False,candidate_unverified,copy_5f7a2b278a6f,2022-08-15,17:54,beritajatim,"[""disruption_candidate""]",beritajatim,train,1,ECF Beri Konsultasi Petani Cegah Gagal Panen Akibat Cuaca dan Hama,https://beritajatim.com/ecf-beri-konsultasi-petani-cegah-gagal-panen-akibat-cuaca-dan-hama
ann_0b920cced1c1,3010,True,"[""broad_food""]","[""DisasterEvent""]","[""mojokerto""]","[""CrisisPreparednessAction"", ""DistributionIntervention"", ""FoodAssistance""]",False,candidate_unverified,copy_b08a4b2198d9,2026-01-12,08:32,beritajatim,"[""response_query""]",beritajatim,test,1,"Bupati Mojokerto Tinjau Banjir Dawarblandong, Pastikan Penanganan Darurat Berjalan Optimal",https://beritajatim.com/bupati-mojokerto-tinjau-banjir-dawarblandong-pastikan-penanganan-darurat-berjalan-optimal
ann_0ba6f41c2d62,2213,True,[],"[""DisasterEvent"", ""WeatherDisruption""]",[],[],False,candidate_unverified,copy_6b8d72433eb6,2021-11-01,23:36,detik,"[""disruption_candidate""]",detik_news,train,1,Pemprov Jatim Diimbau Siapkan Skenario Mitigasi Bencana Dampak La Nina,https://news.detik.com/berita/d-5792666/pemprov-jatim-diimbau-siapkan-skenario-mitigasi-bencana-dampak-la-nina
ann_0bdc5017af92,2796,False,[],"[""DisasterEvent"", ""WeatherDisruption""]","[""lamongan"", ""surabaya""]",[],False,candidate_unverified,copy_7bb1aa96726e,2026-03-11,17:57,beritajatim,"[""disruption_candidate""]",beritajatim,test,1,"Banjir Bengawan Jero Belum Surut, Pemkab Lamongan Ajukan Operasi Modifikasi Cuaca",https://beritajatim.com/banjir-bengawan-jero-belum-surut-pemkab-lamongan-ajukan-operasi-modifikasi-cuaca
ann_0c11a339ec99,3404,False,"[""broad_food"", ""rice""]","[""DisasterEvent""]","[""blitar"", ""gresik"", ""malang"", ""surabaya"", ""trenggalek""]",[],False,candidate_unverified,copy_0b74ef3ae2b0,2022-10-20,01:23,beritajatim,"[""disruption_candidate""]",beritajatim,train,1,"Bersama Pangdam dan Bupati, BUMN Jatim Tinjau Lokasi Banjir Malang",https://beritajatim.com/bersama-pangdam-dan-bupati-bumn-jatim-tinjau-lokasi-banjir-malang
ann_0c19ec239dbc,2622,True,"[""beef""]","[""PestDiseaseEvent""]","[""gresik"", ""lamongan"", ""mojokerto"", ""sidoarjo""]","[""CrisisPreparednessAction""]",False,candidate_unverified,copy_de6e2c998533,2022-05-12,16:13,kompas,"[""disruption_candidate"", ""response_query""]",kompas_money,train,1,"RI Bebas PMK sejak 1990-an, Wabah Kembali Muncul Diduga gara-gara Impor Daging dan Ternak Meningkat Money 12 Mei 2022",https://money.kompas.com/read/2022/05/12/161354626/ri-bebas-pmk-sejak-1990-an-wabah-kembali-muncul-diduga-gara-gara-impor-daging
ann_0c4a9c62a073,3324,False,"[""broad_food"", ""rice""]","[""WeatherDisruption""]","[""surabaya""]","[""ReserveRelease""]",False,candidate_unverified,copy_dd05965f1e74,2026-04-20,12:14,kompas,"[""disruption_candidate"", ""response_query""]",kompas_money,test,1,"Cadangan Beras Pemerintah 4,9 Juta Ton, Bulog Sebut Rekor Tertinggi Money 20 April 2026",https://money.kompas.com/read/2026/04/20/121409526/cadangan-beras-pemerintah-49-juta-ton-bulog-sebut-rekor-tertinggi
ann_0cbe685de532,1420,True,"[""broad_food"", ""rice""]","[""WeatherDisruption""]","[""lamongan""]","[""CrisisPreparednessAction""]",False,candidate_unverified,copy_fa3d97aea3a7,2024-04-20,07:14,beritajatim,"[""disruption_candidate""]",beritajatim,train,1,Menteri Pertanian Panen Raya di Lamongan dan Tinjau Pompanisasi,https://beritajatim.com/menteri-pertanian-panen-raya-di-lamongan-dan-tinjau-pompanisasi
ann_0ce41419e093,1965,False,[],"[""DisasterEvent""]","[""kediri"", ""malang""]",[],False,candidate_unverified,copy_911465df71af,2021-02-05,,kontan,"[""disruption_candidate""]",kontan,train,0,Sudah 3 hari akses Malang-Kediri putus akibat tertutup material longsor,https://regional.kontan.co.id/news/sudah-3-hari-akses-malang-kediri-putus-akibat-tertutup-material-longsor
ann_0ce8e2ce5ae6,1735,False,"[""broad_food"", ""rice""]","[""DisasterEvent""]","[""surabaya""]","[""DistributionIntervention""]",False,candidate_unverified,copy_93087f94a94e,2021-03-09,15:47,kompas,"[""disruption_candidate""]",kompas_money,train,1,Mensos Risma Bakal Salurkan Surplus Beras dari Merauke ke NTT Money 9 Maret 2021,https://money.kompas.com/read/2021/03/09/154714626/mensos-risma-bakal-salurkan-surplus-beras-dari-merauke-ke-ntt
ann_0cfd36f1713c,1960,False,[],"[""DisasterEvent""]","[""bangkalan"", ""pamekasan"", ""sampang"", ""surabaya""]",[],False,candidate_unverified,copy_012cc2f82467,2021-12-03,16:19,kompas,"[""disruption_candidate""]",kompas_regional,train,1,"Sungai Blega Meluap, 4 Desa di Bangkalan Terendam Banjir Regional 3 Desember 2021",https://regional.kompas.com/read/2021/12/03/161937878/sungai-blega-meluap-4-desa-di-bangkalan-terendam-banjir
ann_0d14074ee24c,2070,False,"[""corn"", ""rice""]","[""DisasterEvent"", ""PestDiseaseEvent"", ""ProductionDisruption""]","[""ponorogo""]",[],False,candidate_unverified,copy_a9fb88adacd3,2026-01-05,05:47,kompas,"[""disruption_candidate""]",kompas_regional,test,1,"Sebagian Tanaman Padi Warga Ponorogo Masih Terendam Banjir, Petani: Kami Merugi. Regional 5 Januari 2026",https://surabaya.kompas.com/read/2026/01/05/054735878/sebagian-tanaman-padi-warga-ponorogo-masih-terendam-banjir-petani-kami
ann_0d1a11e53da8,2543,False,[],"[""DisasterEvent""]","[""pasuruan""]",[],False,candidate_unverified,copy_11c523aef8d3,2026-01-21,10:16,kompas,"[""disruption_candidate""]",kompas_regional,test,1,"Update Banjir Pasuruan, Winongan dan Grati Masih Terendam hingga 1 Meter Regional 21 Januari 2026",https://surabaya.kompas.com/read/2026/01/21/101601178/update-banjir-pasuruan-winongan-dan-grati-masih-terendam-hingga-1-meter
ann_0d2c51f5fe33,2291,False,[],"[""DisasterEvent"", ""WeatherDisruption""]","[""magetan""]","[""CrisisPreparednessAction"", ""DistributionIntervention"", ""FoodAssistance""]",False,candidate_unverified,copy_154f9af175a6,2025-10-28,09:48,kompas,"[""disruption_candidate""]",kompas_regional,validation,1,"Catat 17 Bencana Selama Oktober, BPBD Magetan Siagakan Alat Peringatan Dini Hadapi Musim Hujan Regional 28 Oktober 2025",https://surabaya.kompas.com/read/2025/10/28/094857378/catat-17-bencana-selama-oktober-bpbd-magetan-siagakan-alat-peringatan-dini
ann_0d590881c4f8,2907,False,[],"[""DisasterEvent""]","[""banyuwangi"", ""probolinggo"", ""situbondo""]","[""DistributionIntervention"", ""FoodAssistance""]",False,candidate_unverified,copy_f2bca1f386c1,2026-01-28,15:43,kompas,"[""response_query""]",kompas_regional,test,1,"Proyek Tol Prosiwangi Dituding Jadi Biang Banjir di Probolinggo, Ini Kata DPRD dan Pemkab Regional 28 Januari 2026",https://surabaya.kompas.com/read/2026/01/28/154330978/proyek-tol-prosiwangi-dituding-jadi-biang-banjir-di-probolinggo-ini-kata
ann_0d65ea488b70,5241,False,"[""broad_food"", ""corn"", ""rice"", ""soybean""]","[""PestDiseaseEvent""]","[""bangkalan"", ""banyuwangi"", ""batu"", ""blitar"", ""bojonegoro"", ""bondowoso"", ""jember"", ""lamongan"", ""madiun"", ""magetan"", ""mojokerto"", ""ngawi"", ""pacitan"", ""pasuruan"", ""ponorogo"", ""sampang"", ""sumenep"", ""surabaya"", ""tuban"", ""tulungagung""]",[],False,candidate_unverified,copy_479ae1019a1a,2024-11-02,11:01,beritajatim,"[""disruption_candidate""]",beritajatim,train,1,"Jatim Jadi Lumbung Padi Nasional, Tantangan dan Peluang di Depan Mata",https://beritajatim.com/jatim-jadi-lumbung-padi-nasional-tantangan-dan-peluang-di-depan-mata
ann_0d6b35a94899,1012,False,[],"[""DisasterEvent""]","[""pacitan""]",[],False,candidate_unverified,copy_7918217e6ebc,2025-01-11,,kontan,"[""disruption_candidate""]",kontan,validation,0,"Gempa Magnitudo 4.9 Menguncang Yogyakarta, Pacitan dan Karangkates Sabtu (11/1)",https://regional.kontan.co.id/news/gempa-magnitudo-49-menguncang-yogyakarta-pacitan-dan-karangkates-sabtu-111
ann_0d8006a412d0,1967,False,[],"[""DisasterEvent""]","[""lumajang""]",[],False,candidate_unverified,copy_1f916a4d9542,2025-12-08,16:46,beritajatim,"[""disruption_candidate""]",beritajatim,validation,1,"Dampak Banjir Lahar Gunung Semeru, Siswa SDN Jugosari Lumajang Tak Bisa Sekolah",https://beritajatim.com/dampak-banjir-lahar-gunung-semeru-siswa-sdn-jugosari-lumajang-tak-bisa-sekolah
ann_0d805d7485ff,7622,False,[],"[""DisasterEvent""]","[""bangkalan"", ""banyuwangi"", ""batu"", ""blitar"", ""bojonegoro"", ""gresik"", ""jember"", ""jombang"", ""kediri"", ""lumajang"", ""madiun"", ""magetan"", ""malang"", ""nganjuk"", ""ngawi"", ""pacitan"", ""pamekasan"", ""pasuruan"", ""ponorogo"", ""probolinggo"", ""sampang"", ""sidoarjo"", ""situbondo"", ""sumenep"", ""surabaya"", ""trenggalek"", ""tuban"", ""tulungagung""]",[],False,candidate_unverified,copy_f84c69996ffd,2021-04-10,21:23,beritajatim,"[""disruption_candidate""]",beritajatim,train,1,Update BPBD Jatim Pukul 21.00 WIB: Delapan Meninggal Akibat Gempa,https://beritajatim.com/update-bpbd-jatim-pukul-21-00-wib-delapan-meninggal-akibat-gempa
ann_0dd075b5e86e,1555,False,[],"[""DisasterEvent""]","[""magetan""]",[],False,candidate_unverified,copy_36fad1782af7,2024-03-04,08:15,kompas,"[""disruption_candidate""]",kompas_regional,train,1,"Hujan Deras Selama 4 Jam, Bukit di Magetan Longsor Menutup Akses Masuk Satu Desa Regional 4 Maret 2024",https://surabaya.kompas.com/read/2024/03/04/081509478/hujan-deras-selama-4-jam-bukit-di-magetan-longsor-menutup-akses-masuk-satu
ann_0dd1a34b8f78,2886,False,"[""broad_food""]","[""DisasterEvent""]","[""banyuwangi"", ""probolinggo"", ""surabaya""]",[],False,candidate_unverified,copy_a1ca4eeda420,2021-03-12,06:44,beritajatim,"[""disruption_candidate""]",beritajatim,train,1,"Solusi Atasi Banjir Dringu Probolinggo, Begini Kata Gubernur Khofifah",https://beritajatim.com/solusi-atasi-banjir-dringu-probolinggo-begini-kata-gubernur-khofifah
ann_0dd1d5be93e5,2501,True,"[""sugar""]","[""DisasterEvent"", ""PestDiseaseEvent""]","[""bojonegoro"", ""jombang"", ""mojokerto"", ""nganjuk"", ""ngawi""]",[],False,candidate_unverified,copy_ca5556e4493a,2024-04-21,18:08,kompas,"[""disruption_candidate""]",kompas_money,train,1,"Pasok Pabrik Gula Rajawali, Perum Perhutani Sediakan Lahan Tanam Tebu Money 21 April 2024",https://money.kompas.com/read/2024/04/21/180800526/pasok-pabrik-gula-rajawali-perum-perhutani-sediakan-lahan-tanam-tebu
ann_0e0baf6162ed,1725,False,[],"[""DisasterEvent""]","[""surabaya""]","[""DistributionIntervention""]",False,candidate_unverified,copy_02a6e80a2816,2021-04-06,,kontan,"[""response_query""]",kontan,train,0,BNPB siapkan 2 helikopter dan 1 pesawat kargo untuk salurkan logistik di NTT,https://nasional.kontan.co.id/news/bnpb-siapkan-2-helikopter-dan-1-pesawat-kargo-untuk-salurkan-logistik-di-ntt
ann_0e4b6d182502,1826,False,[],"[""DisasterEvent"", ""WeatherDisruption""]","[""lumajang""]","[""CrisisPreparednessAction"", ""DistributionIntervention"", ""FoodAssistance""]",False,candidate_unverified,copy_9d211729a967,2025-10-06,20:45,beritajatim,"[""disruption_candidate""]",beritajatim,validation,1,"Puting Beliung Terjang 32 Rumah di Lumajang, Bupati Indah Dirikan Posko Darurat untuk Warga",https://beritajatim.com/puting-beliung-terjang-32-rumah-di-lumajang-bupati-indah-dirikan-posko-darurat-untuk-warga
ann_0e78238dfc7d,2468,True,[],"[""PestDiseaseEvent""]","[""lamongan""]",[],False,candidate_unverified,copy_8279496f6ec9,2022-05-08,13:38,beritajatim,"[""disruption_candidate""]",beritajatim,train,1,Wabah PMK yang Menyerang Hewan Ternak Terdeteksi di Lamongan,https://beritajatim.com/wabah-pmk-yang-menyerang-hewan-ternak-terdeteksi-di-lamongan
ann_0eb6ee75a883,2178,False,[],"[""DisasterEvent""]","[""batu"", ""mojokerto""]",[],False,candidate_unverified,copy_a6a6a44b28c0,2022-11-21,12:01,kompas,"[""disruption_candidate""]",kompas_regional,train,1,"Melintasi Jalan Terdampak Longsor di Kota Batu, Truk Bermuatan Pasir Terperosok ke Lahan Warga Regional 21 November 2022",https://regional.kompas.com/read/2022/11/21/120150778/melintasi-jalan-terdampak-longsor-di-kota-batu-truk-bermuatan-pasir
ann_0ec78e0eb146,603,False,[],"[""DisasterEvent""]","[""tuban""]",[],False,candidate_unverified,copy_457fefd58472,2024-04-27,22:35,detik,"[""disruption_candidate""]",detik_news,train,1,"Gempa M 3,9 Guncang Tuban Jatim",https://news.detik.com/berita/d-7313997/gempa-m-3-9-guncang-tuban-jatim
ann_0ed118fd673a,2069,False,[],"[""DisasterEvent"", ""WeatherDisruption""]","[""sidoarjo"", ""surabaya""]",[],False,candidate_unverified,copy_f0d265926717,2024-02-07,05:00,kompas,"[""disruption_candidate""]",kompas_regional,train,1,"Diguyur Hujan Deras, Akses Sidoarjo ke Surabaya Terendam Banjir Regional 7 Februari 2024",https://surabaya.kompas.com/read/2024/02/07/050055178/diguyur-hujan-deras-akses-sidoarjo-ke-surabaya-terendam-banjir
ann_0ee12942987d,1388,False,"[""fish""]","[""DisasterEvent""]","[""lamongan""]",[],False,candidate_unverified,copy_64b9c4045456,2021-01-09,22:11,detik,"[""disruption_candidate""]",detik_news,train,1,Ratusan Hektar Tambak di Lamongan Terendam Banjir Dampak Tanggul Jebol,https://news.detik.com/berita-jawa-timur/d-5327540/ratusan-hektar-tambak-di-lamongan-terendam-banjir-dampak-tanggul-jebol
ann_0ef2fa038df7,1419,True,"[""cooking_oil"", ""soybean""]","[""SupplyShortage""]","[""gresik"", ""surabaya""]","[""CrisisPreparednessAction"", ""InspectionEnforcement"", ""MarketOperationAction""]",False,candidate_unverified,copy_10acfb1de0a2,2022-03-02,19:59,kompas,"[""disruption_candidate""]",kompas_regional,train,1,Puan Maharani: Masalah Minyak Goreng Harus Selesai Sebelum Ramadhan Regional 2 Maret 2022,https://surabaya.kompas.com/read/2022/03/02/195945178/puan-maharani-masalah-minyak-goreng-harus-selesai-sebelum-ramadhan
ann_0f005958d2ce,2662,False,"[""broad_food"", ""corn"", ""rice""]","[""SupplyShortage""]",[],[],False,candidate_unverified,copy_ce6bf39cac49,2025-09-27,,kontan,"[""disruption_candidate""]",kontan,validation,0,DPD dan Kementan Luncurkan Program Jagung Sejuta Hektar di Pangkep,https://regional.kontan.co.id/news/dpd-dan-kementan-luncurkan-program-jagung-sejuta-hektar-di-pangkep
ann_0f5392042f31,1692,False,[],"[""DisasterEvent""]","[""jombang""]",[],False,candidate_unverified,copy_5f32d0fb82da,2025-05-10,07:27,beritajatim,"[""disruption_candidate""]",beritajatim,validation,1,20 Lapak Pedagang Ludes dalam Kebakaran Pasar Mojoduwur Jombang,https://beritajatim.com/20-lapak-pedagang-ludes-dalam-kebakaran-pasar-mojoduwur-jombang
ann_0f5d1533f0f5,2793,False,"[""broad_food"", ""rice"", ""wheat""]","[""SupplyShortage""]",[],"[""MarketOperationAction""]",False,candidate_unverified,copy_1738e22887bd,2022-09-14,17:51,kompas,"[""response_query""]",kompas_money,train,1,"Gubernur BI: Kita Kelebihan Beras, tapi Kenapa Harga Beras Naik? Money 14 September 2022",https://money.kompas.com/read/2022/09/14/175115026/gubernur-bi-kita-kelebihan-beras-tapi-kenapa-harga-beras-naik
ann_0f896e140a97,1791,True,[],"[""DisasterEvent"", ""WeatherDisruption""]","[""surabaya""]",[],False,candidate_unverified,copy_02faa1146aad,2025-01-27,,kontan,"[""disruption_candidate""]",kontan,validation,0,BMKG Prediksi Hujan Intensitas Tinggi di Jatim Selama Libur Panjang Isra Miraj-Imlek,https://regional.kontan.co.id/news/bmkg-prediksi-hujan-intensitas-tinggi-di-jatim-selama-libur-panjang-isra-miraj-imlek
ann_0f8ec21b5398,2266,False,[],"[""DisasterEvent""]","[""jombang""]",[],False,candidate_unverified,copy_af1307d5f6e8,2024-12-14,16:21,kompas,"[""disruption_candidate""]",kompas_regional,train,1,"Kunjungi Pengungsi Banjir di Jombang, Mensos Gus Ipul Dengarkan Curhatan Warga Regional 14 Desember 2024",https://surabaya.kompas.com/read/2024/12/14/162136978/kunjungi-pengungsi-banjir-di-jombang-mensos-gus-ipul-dengarkan-curhatan
ann_0ff97117620c,3655,False,"[""corn"", ""rice""]","[""SupplyShortage""]","[""banyuwangi"", ""gresik"", ""jember"", ""ponorogo""]","[""DistributionIntervention"", ""OtherResponseAction""]",False,candidate_unverified,copy_6964c31ce6f8,2021-04-01,18:15,beritajatim,"[""disruption_candidate""]",beritajatim,train,1,Wamentan Pastikan Musim Tanam April-Mei 2021 Alokasikan Pupuk Subsidi,https://beritajatim.com/wamentan-pastikan-musim-tanam-april-mei-2021-alokasikan-pupuk-subsidi
ann_100edd3bf182,2851,False,[],"[""DisasterEvent""]","[""malang""]","[""DistributionIntervention""]",False,candidate_unverified,copy_c11b1f88c3f5,2026-05-09,11:59,kompas,"[""response_query""]",kompas_regional,test,1,"Warga Malang Kembangkan Jaringan Komunikasi Darurat Tanpa Internet dan Listrik, Harapan Terakhir Saat Bencana Regional 9 Mei 2026",https://surabaya.kompas.com/read/2026/05/09/115942878/warga-malang-kembangkan-jaringan-komunikasi-darurat-tanpa-internet-dan
ann_10100c13061b,1861,False,"[""chili""]","[""ProductionDisruption"", ""WeatherDisruption""]","[""ngawi""]",[],False,candidate_unverified,copy_b268921fc48d,2025-10-23,15:36,beritajatim,"[""disruption_candidate""]",beritajatim,validation,1,Cuaca Ekstrem di Ngawi Bikin Petani Cabai dan Tomat Gagal Panen,https://beritajatim.com/cuaca-ekstrem-ngawi-petani-cabai-tomat-gagal-panen
ann_1096290075ed,2939,False,"[""chili"", ""corn"", ""garlic"", ""rice"", ""shallot"", ""soybean"", ""sugar""]","[""SupplyShortage""]","[""blitar"", ""surabaya""]","[""CrisisPreparednessAction"", ""OtherResponseAction"", ""ProductionAssistance""]",False,candidate_unverified,copy_d107737a7f18,2023-07-05,10:33,beritajatim,"[""disruption_candidate""]",beritajatim,train,1,DPRD Jatim Dorong Insentif ke Petani Pengguna Pupuk Organik,https://beritajatim.com/dprd-jatim-dorong-insentif-ke-petani-pengguna-pupuk-organik
ann_10e02cb20947,2025,True,"[""broad_food"", ""rice""]","[""DisasterEvent""]","[""malang""]",[],False,candidate_unverified,copy_4ab363bc5e61,2021-04-11,20:50,beritajatim,"[""disruption_candidate""]",beritajatim,train,1,Gubernur Khofifah Beri Santunan Tiga Ahli Waris Korban Gempa Malang,https://beritajatim.com/gubernur-khofifah-beri-santunan-tiga-ahli-waris-korban-gempa-malang
ann_11034d6d694a,2017,False,[],"[""DisasterEvent""]","[""lumajang""]",[],False,candidate_unverified,copy_566c5cf4750f,2022-12-06,18:31,beritajatim,"[""disruption_candidate""]",beritajatim,train,1,Polres Lumajang Akan Paksa Warga Menolak Evakuasi Jika Semeru Erupsi,https://beritajatim.com/polres-lumajang-akan-paksa-warga-menolak-evakuasi-jika-semeru-erupsi
ann_1139bb6a546e,3484,False,"[""rice""]","[""SupplyShortage""]",[],"[""MarketOperationAction""]",False,candidate_unverified,copy_05cfa25b69bd,2024-03-15,,kontan,"[""disruption_candidate"", ""response_query""]",kontan,train,0,Relaksasi HET Beras Bikin Stok Langka di Retail? Ini Kata Aprindo,https://nasional.kontan.co.id/news/relaksasi-het-beras-bikin-stok-langka-di-retail-ini-kata-aprindo
ann_12525dc9af96,3139,True,"[""broad_food""]","[""DisasterEvent""]","[""lamongan""]","[""CrisisPreparednessAction"", ""DistributionIntervention"", ""FoodAssistance""]",False,candidate_unverified,copy_9ed922c5d2e4,2026-01-15,15:25,beritajatim,"[""response_query""]",beritajatim,test,1,"Pemkab Lamongan Tambah Dua Mobil Pompa, Intensifkan Penanganan Banjir Luapan Bengawan Jero",https://beritajatim.com/lamongan-tambah-mobil-pompa-penanganan-banjir-bengawan-jero
ann_12a12f05e451,3331,True,"[""broad_food"", ""fish"", ""rice""]","[""WeatherDisruption""]","[""tuban""]","[""DistributionIntervention"", ""FoodAssistance""]",False,candidate_unverified,copy_39eee5063369,2024-06-01,04:24,beritajatim,"[""disruption_candidate""]",beritajatim,train,1,"Puluhan Alsintan Disalurkan ke Petani, Pemkab Tuban Berupaya Optimalisasi Lahan",https://beritajatim.com/puluhan-alsintan-disalurkan-ke-petani-pemkab-tuban-berupaya-optimalisasi-lahan
ann_130a2b2869e1,2753,True,"[""beef"", ""broad_food"", ""chicken_eggs"", ""chicken_meat"", ""corn"", ""rice""]","[""DisasterEvent"", ""WeatherDisruption""]","[""ngawi"", ""pasuruan"", ""surabaya"", ""tuban""]","[""CrisisPreparednessAction""]",False,candidate_unverified,copy_ff47a52935ec,2026-03-27,21:15,kompas,"[""disruption_candidate""]",kompas_regional,test,1,"Antisipasi Kekeringan, BNPB dan Pemprov Jatim Siapkan Sumur Dalam demi Amankan Stok Padi Regional 27 Maret 2026",https://medan.kompas.com/read/2026/03/27/211523778/antisipasi-kekeringan-bnpb-dan-pemprov-jatim-siapkan-sumur-dalam-demi-amankan
ann_1325904c6d18,1268,False,[],"[""DisasterEvent""]","[""bojonegoro""]",[],False,candidate_unverified,copy_d570e04afff8,2021-12-17,21:18,beritajatim,"[""disruption_candidate""]",beritajatim,train,1,"Longsor di Kanor Bojonegoro Kian Parah, Rumah Suyoto Terancam Ambruk",https://beritajatim.com/longsor-di-kanor-bojonegoro-kian-parah-rumah-suyoto-terancam-ambruk
ann_1336716d4a6a,1986,False,"[""rice""]","[""WeatherDisruption""]","[""madiun""]","[""CrisisPreparednessAction"", ""MarketOperationAction""]",False,candidate_unverified,copy_cc6225d1d47e,2023-09-13,10:44,kompas,"[""disruption_candidate""]",kompas_regional,train,1,"Produksi Padi Turun, Harga Beras di Madiun Tembus Rp 13.000 Per Kilogram Regional 13 September 2023",https://regional.kompas.com/read/2023/09/13/104406278/produksi-padi-turun-harga-beras-di-madiun-tembus-rp-13000-per-kilogram
ann_1340f4adc067,2393,True,"[""rice""]","[""WeatherDisruption""]","[""surabaya""]","[""CrisisPreparednessAction""]",False,candidate_unverified,copy_c837fd605cf7,2024-04-19,,kontan,"[""disruption_candidate"", ""response_query""]",kontan,train,0,"Ada Potensi El Nino Panjang, Ini yang Dilakukan Kementan",https://regional.kontan.co.id/news/ada-potensi-el-nino-panjang-ini-yang-dilakukan-kementan
ann_1345fe3d8991,1858,False,[],"[""DisasterEvent""]","[""pacitan""]","[""DistributionIntervention""]",False,candidate_unverified,copy_fb2c7e288944,2021-11-11,,kontan,"[""disruption_candidate"", ""response_query""]",kontan,train,0,"Banjir melanda dua desa di Kabupaten Pacitan, Jawa Timur",https://regional.kontan.co.id/news/banjir-melanda-dua-desa-di-kabupaten-pacitan-jawa-timur
ann_1370005aec63,1052,False,[],"[""DisasterEvent""]","[""lumajang""]",[],False,candidate_unverified,copy_5406657d174d,2024-09-03,22:43,detik,"[""disruption_candidate""]",detik_news,train,1,Eks Bupati Lumajang Diperiksa soal Dugaan Korupsi Donasi Erupsi Semeru,https://news.detik.com/berita/d-7523142/eks-bupati-lumajang-diperiksa-soal-dugaan-korupsi-donasi-erupsi-semeru
ann_13e739ae1ba7,2845,False,[],"[""SupplyShortage""]","[""probolinggo""]","[""DistributionIntervention"", ""InspectionEnforcement"", ""OtherResponseAction""]",False,candidate_unverified,copy_ce54d8092bb1,2021-10-19,16:08,kompas,"[""disruption_candidate"", ""response_query""]",kompas_money,train,1,"Solar Langka di Beberapa Daerah, Pertamina Sebut Stok Masih Cukup Money 19 Oktober 2021",https://money.kompas.com/read/2021/10/19/160803926/solar-langka-di-beberapa-daerah-pertamina-sebut-stok-masih-cukup
ann_1462add7b302,1617,False,[],"[""DisasterEvent"", ""WeatherDisruption""]","[""bangkalan""]",[],False,candidate_unverified,copy_4ed319a90a33,2021-10-22,22:37,beritajatim,"[""disruption_candidate""]",beritajatim,train,1,"Cuaca Ekstrem, Bangkalan Rawan Bencana",https://beritajatim.com/cuaca-ekstrem-bangkalan-rawan-bencana
ann_1488e4fb7d66,2484,False,"[""broad_food"", ""rice""]","[""DisasterEvent"", ""ProductionDisruption"", ""WeatherDisruption""]","[""surabaya""]",[],False,candidate_unverified,copy_690ac5ede708,2026-01-13,14:12,beritajatim,"[""disruption_candidate""]",beritajatim,test,1,"3.000 Hektare Lahan Pertanian di Jatim Puso akibat Cuaca Ekstrem, Distan Bantu Penggantian Benih",https://beritajatim.com/3-000-hektare-lahan-pertanian-jatim-puso-cuaca-ekstrem
ann_148bdfbb941e,1750,False,"[""cooking_oil""]","[""SupplyShortage""]","[""surabaya""]","[""InspectionEnforcement""]",False,candidate_unverified,copy_6131e02524fc,2022-03-26,19:25,beritajatim,"[""disruption_candidate""]",beritajatim,train,1,"Kunjungi Surabaya, Kapolri Minta Produksi Minyak Goreng Ditambah Jelang Ramadhan",https://beritajatim.com/kunjungi-surabaya-kapolri-minta-produksi-minyak-goreng-ditambah-jelang-ramadhan
ann_149d77efd856,2702,False,[],"[""DisasterEvent""]","[""mojokerto""]","[""CrisisPreparednessAction""]",False,candidate_unverified,copy_e61dd7bb1bb5,2024-07-15,16:25,beritajatim,"[""response_query""]",beritajatim,train,1,Gudang Penyimpanan Bijih Plastik di Mojokerto Terbakar,https://beritajatim.com/gudang-penyimpanan-biji-plastik-di-mojokerto-terbakar
ann_14ef2607bbd3,1863,True,[],"[""SupplyShortage""]","[""blitar"", ""madiun"", ""magetan"", ""nganjuk"", ""ponorogo""]","[""CrisisPreparednessAction""]",False,candidate_unverified,copy_ec0387e149e0,2021-07-16,16:19,beritajatim,"[""disruption_candidate""]",beritajatim,train,1,Emil Dardak Tinjau Langsung Proses Produksi Oksigen di Pazam 732 Lanud Iswahjudi,https://beritajatim.com/emil-dardak-tinjau-langsung-proses-produksi-oksigen-di-pazam-732-lanud-iswahjudi
ann_1553a6a27e32,1282,False,[],"[""DisasterEvent""]","[""pacitan""]",[],False,candidate_unverified,copy_2c9b19776f79,2026-02-06,22:11,detik,"[""disruption_candidate""]",detik_news,test,1,"Pria di Pacitan Meninggal Usai Gempa M 6,2",https://news.detik.com/berita/d-8344624/pria-di-pacitan-meninggal-usai-gempa-m-6-2
ann_158b821b679d,2144,False,"[""chili""]","[""DisasterEvent"", ""PestDiseaseEvent"", ""WeatherDisruption""]","[""banyuwangi""]",[],False,candidate_unverified,copy_1f74b8516f89,2021-03-08,12:23,kompas,"[""disruption_candidate""]",kompas_money,train,1,Cuaca Buruk hingga Banjir Kerek Harga Cabai Hingga Rp 128.000 per Kilogram Money 8 Maret 2021,https://money.kompas.com/read/2021/03/08/122326826/cuaca-buruk-hingga-banjir-kerek-harga-cabai-hingga-rp-128000-per-kilogram
ann_1590a391840e,3456,False,"[""rice""]","[""WeatherDisruption""]","[""surabaya""]","[""DistributionIntervention"", ""ImportExportAction"", ""ReserveRelease""]",False,candidate_unverified,copy_6e68a9ac7f14,2023-12-09,01:07,kompas,"[""disruption_candidate""]",kompas_money,train,1,Bos Bulog Beberkan Alasan Harga Beras RI Naik dan Terpaksa Harus Impor Money 9 Desember 2023,https://money.kompas.com/read/2023/12/09/010700526/bos-bulog-beberkan-alasan-harga-beras-ri-naik-dan-terpaksa-harus-impor
ann_159ed5bf81d9,2357,False,[],"[""DisasterEvent""]","[""jombang"", ""kediri"", ""mojokerto"", ""sidoarjo"", ""surabaya""]",[],False,candidate_unverified,copy_8b7e4cc636d7,2023-10-13,03:23,beritajatim,"[""disruption_candidate""]",beritajatim,train,1,20 Unit Mobil PMK Diterjunkan Padamkan Kebakaran Pabrik Tisu di Mojokerto,https://beritajatim.com/20-unit-mobil-pmk-diterjunkan-padamkan-kebakaran-pabrik-tisu-di-mojokerto
ann_15a0ee83d398,2479,False,"[""broad_food"", ""chili""]","[""PestDiseaseEvent"", ""WeatherDisruption""]",[],"[""OtherResponseAction""]",False,candidate_unverified,copy_bc88ce68aa3b,2026-02-20,15:40,kompas,"[""disruption_candidate"", ""response_query""]",kompas_money,test,1,Cabai Rp 110.000 Per Kg Karena Pasokan Anjlok 50 Persen Money 20 Februari 2026,https://money.kompas.com/read/2026/02/20/154000026/cabai-rp-110.000-per-kg-karena-pasokan-anjlok-50-persen
ann_15a43a38c1c5,978,False,"[""broad_food""]","[""DisasterEvent""]","[""madiun""]","[""CrisisPreparednessAction""]",False,candidate_unverified,copy_8bd765c2d876,2022-01-18,19:55,beritajatim,"[""disruption_candidate""]",beritajatim,train,1,Kapolres Madiun Patroli Wilayah Dampak Bencana Angin Puting Beliung,https://beritajatim.com/kapolres-madiun-patroli-wilayah-dampak-bencana-angin-puting-beliung
ann_15aa81c08730,2099,False,[],"[""ProductionDisruption"", ""SupplyShortage""]","[""bangkalan""]","[""DistributionIntervention""]",False,candidate_unverified,copy_f7aa427bd257,2022-11-25,00:36,beritajatim,"[""response_query""]",beritajatim,train,1,"Pupuk Langka, Ratusan Petani Bangkalan Demo Dinas Pertanian",https://beritajatim.com/pupuk-langka-ratusan-petani-bangkalan-demo-dinas-pertanian
ann_15b5ffe9d974,2338,True,[],"[""DisasterEvent""]","[""blitar"", ""malang""]","[""CrisisPreparednessAction""]",False,candidate_unverified,copy_4c1211038586,2026-03-03,12:53,beritajatim,"[""disruption_candidate"", ""response_query""]",beritajatim,test,1,"Eks Pabrik Rokok Filo Blitar Terbakar, Stok Tembakau Milik Perusahaan Malang Ludes",https://beritajatim.com/eks-pabrik-rokok-filo-blitar-terbakar-stok-tembakau-milik-perusahaan-malang-ludes
ann_15e1d4435fbc,2241,False,"[""rice""]","[""WeatherDisruption""]","[""lamongan""]",[],False,candidate_unverified,copy_f517b2f9a041,2024-04-19,15:06,kompas,"[""disruption_candidate""]",kompas_money,train,1,"Melalui Pompanisasi, Mentan Amran Targetkan Petani di Lamongan Tanam Padi 3 Kali Setahun Money 19 April 2024",https://money.kompas.com/read/2024/04/19/150601026/melalui-pompanisasi-mentan-amran-targetkan-petani-di-lamongan-tanam-padi-3
ann_15fccab31f9a,2482,True,"[""broad_food""]","[""DisasterEvent""]",[],"[""CrisisPreparednessAction"", ""DistributionIntervention"", ""FoodAssistance"", ""ReserveRelease""]",False,candidate_unverified,copy_809dd463ed04,2024-05-07,,kontan,"[""disruption_candidate""]",kontan,train,0,Bapanas Telah Salurkan 314 Ton Cadangan Pangan Pemerintah ke Daerah Terdampak Bencana,https://nasional.kontan.co.id/news/bapanas-telah-salurkan-314-ton-cadangan-pangan-pemerintah-ke-daerah-terdampak-bencana
ann_16147720db5e,1271,False,"[""rice""]","[""DisasterEvent"", ""WeatherDisruption""]","[""banyuwangi""]","[""CrisisPreparednessAction""]",False,candidate_unverified,copy_10ebe3afd891,2023-10-11,12:36,beritajatim,"[""disruption_candidate""]",beritajatim,train,1,"Dampak Kemarau, Banyuwangi Mulai Krisis Air Bersih",https://beritajatim.com/dampak-kemarau-banyuwangi-mulai-krisis-air-bersih
ann_1621be20d009,2469,False,[],"[""DisasterEvent""]","[""trenggalek""]",[],False,candidate_unverified,copy_fa95274bb309,2021-11-17,23:59,detik,"[""disruption_candidate""]",detik_news,train,1,"Banjir Landa 5 Kecamatan di Trenggalek, Pasar Ngrayung Terendam 1,5 Meter",https://news.detik.com/berita-jawa-timur/d-5816088/banjir-landa-5-kecamatan-di-trenggalek-pasar-ngrayung-terendam-1-5-meter
ann_1657b17d970f,2807,False,[],"[""DisasterEvent"", ""WeatherDisruption""]","[""banyuwangi"", ""batu"", ""blitar"", ""bojonegoro"", ""bondowoso"", ""gresik"", ""jember"", ""jombang"", ""kediri"", ""lamongan"", ""lumajang"", ""madiun"", ""magetan"", ""malang"", ""mojokerto"", ""nganjuk"", ""ngawi"", ""pacitan"", ""pamekasan"", ""pasuruan"", ""ponorogo"", ""probolinggo"", ""sampang"", ""sidoarjo"", ""situbondo"", ""sumenep"", ""surabaya"", ""trenggalek"", ""tuban"", ""tulungagung""]",[],False,candidate_unverified,copy_9dfd1bb9f657,2026-02-02,12:40,kompas,"[""disruption_candidate""]",kompas_regional,test,1,BMKG: Waspada Cuaca Ekstrem 1-10 Februari di Kediri Regional 2 Februari 2026,https://surabaya.kompas.com/read/2026/02/02/124028878/bmkg-waspada-cuaca-ekstrem-1-10-februari-di-kediri
ann_166658be5a97,1133,False,[],"[""DisasterEvent""]","[""jember""]",[],False,candidate_unverified,copy_eea831f27bd3,2021-11-10,22:54,detik,"[""disruption_candidate""]",detik_news,train,1,120 Rumah di Jember Dilanda Banjir Akibat Meluapnya Sungai Tanggul,https://news.detik.com/berita-jawa-timur/d-5806006/120-rumah-di-jember-dilanda-banjir-akibat-meluapnya-sungai-tanggul
ann_16e659b0bc79,1597,False,[],"[""DisasterEvent"", ""WeatherDisruption""]","[""tuban""]",[],False,candidate_unverified,copy_ef27a742ed4f,2025-09-30,12:05,beritajatim,"[""disruption_candidate""]",beritajatim,validation,1,Puluhan Rumah di Tuban Rusak Diterjang Angin Kencang,https://beritajatim.com/puluhan-rumah-di-tuban-rusak-diterjang-angin-kencang
ann_16ff0eabe5f6,2729,False,"[""broad_food""]","[""DisasterEvent""]","[""surabaya""]",[],False,candidate_unverified,copy_13d795421028,2025-12-06,11:01,beritajatim,"[""disruption_candidate""]",beritajatim,validation,1,"Pelni Gratiskan Biaya Kirim Bantuan Banjir Sumatra, Cabang Surabaya Siap Fasilitasi",https://beritajatim.com/pelni-gratiskan-biaya-kirim-bantuan-banjir-sumatra-surabaya-siap-fasilitasi
ann_1723e5cf81f3,1409,False,[],"[""DisasterEvent""]","[""blitar""]","[""DistributionIntervention""]",False,candidate_unverified,copy_78f083dde9d6,2021-05-21,21:47,detik,"[""disruption_candidate"", ""response_query""]",detik_finance,train,1,"Gempat Guncang Blitar, Pasokan BBM-LPG Aman?",https://finance.detik.com/energi/d-5578219/gempat-guncang-blitar-pasokan-bbm-lpg-aman
ann_17308dc95ccc,1739,False,"[""broad_food"", ""rice""]","[""WeatherDisruption""]","[""lamongan""]",[],False,candidate_unverified,copy_cffba98874ca,2024-05-24,10:21,beritajatim,"[""disruption_candidate""]",beritajatim,train,1,"Kekeringan, Begini Cara Petani Lamongan Lakukan Percepatan Tanam",https://beritajatim.com/kekeringan-begini-cara-petani-lamongan-lakukan-percepatan-tanam
ann_173232823f05,3494,False,"[""chicken_eggs"", ""corn""]","[""SupplyShortage""]","[""blitar""]","[""DistributionIntervention"", ""OtherResponseAction""]",False,candidate_unverified,copy_c28aebd5c9d0,2021-10-01,,kontan,"[""disruption_candidate"", ""response_query""]",kontan,train,0,"Jagung subsidi tak layak jadi pakan, peternak pertanyakan pasokan jagung",https://industri.kontan.co.id/news/jagung-subsidi-tak-layak-jadi-pakan-peternak-pertanyakan-pasokan-jagung
ann_1758fde8434b,1709,False,"[""beef"", ""buffalo_meat""]","[""PestDiseaseEvent""]","[""gresik"", ""lamongan"", ""mojokerto"", ""sidoarjo"", ""surabaya""]","[""CrisisPreparednessAction""]",False,candidate_unverified,copy_0f767ede5b11,2022-05-12,22:09,kompas,"[""disruption_candidate""]",kompas_regional,train,1,"Stok Daging Sapi di Sidoarjo Aman, Pedagang Diminta Tak Memainkan Harga Regional 12 Mei 2022",https://surabaya.kompas.com/read/2022/05/12/220933878/stok-daging-sapi-di-sidoarjo-aman-pedagang-diminta-tak-memainkan-harga
ann_175deb1ffa00,2584,False,[],"[""DisasterEvent""]","[""mojokerto""]","[""CrisisPreparednessAction""]",False,candidate_unverified,copy_7048aae73536,2023-09-05,11:57,beritajatim,"[""response_query""]",beritajatim,train,1,"Kebakaran Gunung Arjuno-Welirang Meluas Hingga Mojokerto, BPBD: Masih Jauh dari Pemukiman",https://beritajatim.com/kebakaran-gunung-arjuno-welirang-meluas-hingga-mojokerto-bpbd-masih-jauh-dari-pemukiman
ann_1787186b378d,2449,False,[],"[""DisasterEvent""]","[""lumajang""]","[""CrisisPreparednessAction""]",False,candidate_unverified,copy_c8569befcd48,2025-11-26,13:29,kompas,"[""response_query""]",kompas_regional,validation,1,"Sejumlah Infrastruktur di Lumajang Rusak Imbas Erupsi Gunung Semeru, Ini Langkah Bupati Indah Regional 26 November 2025",https://surabaya.kompas.com/read/2025/11/26/132943678/sejumlah-infrastruktur-di-lumajang-rusak-imbas-erupsi-gunung-semeru-ini
ann_178c1bf3cde2,5583,False,"[""broad_food"", ""fish"", ""rice""]","[""SupplyShortage""]","[""jombang"", ""ngawi""]","[""OtherResponseAction"", ""ProductionAssistance""]",False,candidate_unverified,copy_78c7445f5a78,2024-01-11,,kontan,"[""disruption_candidate"", ""response_query""]",kontan,train,0,Skema Alokasi Subsidi Jadi Kunci Ketersediaan Pupuk Petani,https://nasional.kontan.co.id/news/skema-alokasi-subsidi-jadi-kunci-ketersediaan-pupuk-petani
ann_17c961f87115,2791,False,[],"[""DisasterEvent""]","[""situbondo""]","[""DistributionIntervention"", ""FoodAssistance""]",False,candidate_unverified,copy_93898d386f8a,2026-04-18,13:15,beritajatim,"[""response_query""]",beritajatim,test,1,"Dua Kebakaran Terjadi dalam Sehari di Situbondo, Dapur Rumah dan Kantor Perusahaan Hangus",https://beritajatim.com/dua-kebakaran-terjadi-dalam-sehari-di-situbondo-dapur-rumah-dan-kantor-perusahaan-hangus
ann_17e84f5e6741,1447,False,"[""broad_food"", ""cooking_oil"", ""rice"", ""sugar""]","[""WeatherDisruption""]","[""surabaya""]",[],False,candidate_unverified,copy_3aa0acde0fe7,2023-03-01,21:39,kompas,"[""disruption_candidate""]",kompas_regional,train,1,"KRI Malahayati Berlayar ke Pulau Masalembu, Angkut 15 Ton Beras hingga 300 Tabung Elpiji Regional 1 Maret 2023",https://surabaya.kompas.com/read/2023/03/01/213948378/kri-malahayati-berlayar-ke-pulau-masalembu-angkut-15-ton-beras-hingga-300
ann_1815d7109e98,1398,False,[],"[""DisasterEvent""]","[""gresik""]","[""DistributionIntervention""]",False,candidate_unverified,copy_8dbd46d3fde9,2026-02-03,17:49,beritajatim,"[""response_query""]",beritajatim,test,1,"Diterjang Angin Kencang, Puluhan Rumah di Driyorejo Gresik Porak Poranda",https://beritajatim.com/diterjang-angin-kencang-puluhan-rumah-di-driyorejo-gresik-porak-poranda
ann_181a26fc1d93,1068,False,[],"[""DisasterEvent""]","[""pacitan""]",[],False,candidate_unverified,copy_0d5bd5d71972,2025-04-04,,kontan,"[""disruption_candidate""]",kontan,validation,0,"BMKG Mencatat Gempa Magnitudo 5,0 Terasa di Cilacap, Pacitan, dan Pangandaran",https://nasional.kontan.co.id/news/bmkg-mencatat-gempa-magnitudo-50-terasa-di-cilacap-pacitan-dan-pangandaran
ann_181a9a60e118,2999,False,[],"[""DisasterEvent"", ""WeatherDisruption""]","[""gresik""]",[],False,candidate_unverified,copy_45bdf55c5086,2025-11-18,20:58,kompas,"[""disruption_candidate""]",kompas_regional,validation,1,"Puting Beliung di Gresik, Warga Berharap Pemerintah Segera Bantu Perbaiki Rumah yang Rusak Regional 18 November 2025",https://surabaya.kompas.com/read/2025/11/18/205831278/puting-beliung-di-gresik-warga-berharap-pemerintah-segera-bantu-perbaiki
ann_181ab58fb23e,2300,True,[],"[""DisasterEvent""]","[""gresik""]","[""CrisisPreparednessAction""]",False,candidate_unverified,copy_a53036234756,2025-03-06,,kontan,"[""response_query""]",kontan,validation,0,"Permen Terbit, Freeport Resmi Dapat Perpanjangan Ekspor Konsentrat hingga Juni 2025",https://industri.kontan.co.id/news/permen-terbit-freeport-resmi-dapat-perpanjangan-ekspor-konsentrat-hingga-juni-2025
ann_183fed6e4c43,2905,False,"[""broad_food"", ""chicken_eggs"", ""chicken_meat"", ""chili"", ""cooking_oil"", ""rice""]","[""DistributionDisruption"", ""WeatherDisruption""]","[""ponorogo""]","[""InspectionEnforcement""]",False,candidate_unverified,copy_cfb6997afa8f,2026-02-08,19:24,beritajatim,"[""disruption_candidate"", ""response_query""]",beritajatim,test,1,"Cek Pasar Jelang Ramadan, Polres Ponorogo Pastikan Stok Bapokting Aman",https://beritajatim.com/cek-pasar-jelang-ramadan-polres-ponorogo-pastikan-stok-bapokting-aman
ann_1845ac0b6507,1592,False,[],"[""DisasterEvent""]","[""lumajang""]",[],False,candidate_unverified,copy_5c2e7d03444a,2025-11-19,19:13,kompas,"[""disruption_candidate""]",kompas_regional,validation,1,"Imbas Gunung Semeru Erupsi, Bupati Lumajang Tetapkan Status Tanggap Darurat Bencana 7 Hari Regional 19 November 2025",https://surabaya.kompas.com/read/2025/11/19/191332478/imbas-gunung-semeru-erupsi-bupati-lumajang-tetapkan-status-tanggap-darurat
ann_185b37f804d2,2335,False,[],"[""DisasterEvent"", ""WeatherDisruption""]","[""nganjuk"", ""sidoarjo""]",[],False,candidate_unverified,copy_cd51c68042a1,2026-02-03,15:00,kompas,"[""disruption_candidate""]",kompas_regional,test,1,"Nganjuk Berpotensi Dilanda Cuaca Ekstrem hingga 10 Februari 2026, FPRB Minta Warga Tingkatkan Kewaspadaan Regional 3 Februari 2026",https://surabaya.kompas.com/read/2026/02/03/150031278/nganjuk-berpotensi-dilanda-cuaca-ekstrem-hingga-10-februari-2026-fprb-minta
ann_186e19bf0855,1449,True,[],"[""DisasterEvent"", ""WeatherDisruption""]","[""pamekasan""]",[],False,candidate_unverified,copy_23ca4479988e,2025-04-15,18:54,beritajatim,"[""disruption_candidate""]",beritajatim,validation,1,Hujan Deras Akibatkan Longsor di Kadur Pamekasan,https://beritajatim.com/hujan-deras-akibatkan-longsor-di-kadur-pamekasan
ann_18ae158ac8dd,2194,False,"[""rice""]","[""ProductionDisruption""]",[],"[""CrisisPreparednessAction""]",False,candidate_unverified,copy_4e45c54c546e,2024-02-12,,kontan,"[""disruption_candidate""]",kontan,train,0,"Naik Lagi, Harga Beras di Pasar Tradisional Palmerah Tembus Rp 17.000 Per Kilogram",https://nasional.kontan.co.id/news/naik-lagi-harga-beras-di-pasar-tradisional-palmerah-tembus-rp-17000-per-kilogram
ann_18c2dd949f20,1839,False,[],"[""DisasterEvent""]","[""magetan"", ""ngawi""]",[],False,candidate_unverified,copy_3382be5e78bd,2023-10-05,,kontan,"[""disruption_candidate""]",kontan,train,0,Atasi Kebakaran Gunung Lawu Water Bombing Diarahkan ke Perbatasan Magetan-Karanganyar,https://regional.kontan.co.id/news/atasi-kebakaran-gunung-lawu-water-bombing-diarahkan-ke-perbatasan-magetan-karanganyar
ann_18f50de13186,1728,False,[],"[""DisasterEvent"", ""WeatherDisruption""]","[""lumajang""]",[],False,candidate_unverified,copy_b790b6f48b1f,2024-10-10,15:14,beritajatim,"[""disruption_candidate""]",beritajatim,train,1,"Angin Puting Beliung Terjang Lumajang, Belasan Rumah Rusak",https://beritajatim.com/angin-puting-beliung-terjang-lumajang-belasan-rumah-rusak
ann_1904390ddcf1,2477,False,[],"[""DisasterEvent""]","[""pacitan""]","[""DistributionIntervention"", ""FoodAssistance""]",False,candidate_unverified,copy_ebab13c33b87,2026-01-27,17:43,kompas,"[""response_query""]",kompas_regional,test,1,"Dampak Gempa di Pacitan: 2 Rumah Warga Rusak, Dinding Runtuh dan Retak Regional 27 Januari 2026",https://surabaya.kompas.com/read/2026/01/27/174306878/dampak-gempa-di-pacitan-2-rumah-warga-rusak-dinding-runtuh-dan-retak
ann_194f3099d91f,2855,False,"[""broad_food"", ""rice""]","[""PestDiseaseEvent""]","[""blitar"", ""bojonegoro"", ""lamongan"", ""ngawi""]",[],False,candidate_unverified,copy_15deae3173a3,2025-11-09,16:38,beritajatim,"[""disruption_candidate""]",beritajatim,validation,1,Luasan Panen Padi 2025 di Bojonegoro Meningkat 28.599 Hektar Dibanding Tahun Lalu,https://beritajatim.com/luasan-panen-padi-2025-di-bojonegoro-meningkat-28-599-hektar-dibanding-tahun-lalu
ann_19726ad2718a,4035,False,"[""broad_food"", ""cooking_oil"", ""fish""]","[""SupplyShortage""]","[""surabaya""]",[],False,candidate_unverified,copy_b1651ba2907e,2021-08-04,18:34,beritajatim,"[""disruption_candidate""]",beritajatim,train,1,"Menko Airlangga : Kemiskinan, Ketimpangan, Pengangguran dan Ketahanan Pangan Perlu Diantisipasi Dengan Cermat",https://beritajatim.com/menko-airlangga-kemiskinan-ketimpangan-pengangguran-dan-ketahanan-pangan-perlu-diantisipasi-dengan-cermat
ann_19c37cd07c72,3962,False,"[""broad_food"", ""cooking_oil"", ""corn"", ""rice"", ""soybean""]","[""SupplyShortage""]","[""jember"", ""malang""]","[""CrisisPreparednessAction"", ""ProcurementAction"", ""ReserveRelease""]",False,candidate_unverified,copy_c062a1c476c1,2022-11-24,,kontan,"[""disruption_candidate""]",kontan,train,0,"Tak Juga Dapat Pasokan dari Lapangan, Bulog Mulai Impor Beras Per Desember",https://nasional.kontan.co.id/news/tak-juga-dapat-pasokan-dari-lapangan-bulog-mulai-impor-beras-per-desember
ann_1a27f6a09447,1731,False,[],"[""DisasterEvent""]","[""malang"", ""surabaya""]",[],False,candidate_unverified,copy_c41d7f618344,2025-01-22,15:50,kompas,"[""disruption_candidate""]",kompas_regional,validation,1,"Imbas Banjir di Jateng, KAI Umumkan Kedatangan Dua Kereta Api di Stasiun Malang Terlambat hingga 90 Menit Regional 22 Januari 2025",https://surabaya.kompas.com/read/2025/01/22/155025878/imbas-banjir-di-jateng-kai-umumkan-kedatangan-dua-kereta-api-di-stasiun
ann_1a7389311cb9,2060,False,[],"[""DisasterEvent""]","[""lumajang""]",[],False,candidate_unverified,copy_91faa230afc7,2025-11-05,22:37,beritajatim,"[""disruption_candidate""]",beritajatim,validation,1,"Diterjang Banjir Lahar Gunung Semeru, BPBD Lumajang Bakal Perpanjang Masa Tanggap Darurat Bencana",https://beritajatim.com/diterjang-banjir-lahar-gunung-semeru-bpbd-lumajang-bakal-perpanjang-masa-tanggap-darurat-bencana
ann_1a757c1b99c0,2390,True,[],"[""DisasterEvent""]","[""bondowoso"", ""gresik"", ""kediri"", ""malang"", ""surabaya""]","[""CrisisPreparednessAction"", ""ProcurementAction""]",False,candidate_unverified,copy_b3f13ef3d379,2025-07-17,16:03,kompas,"[""disruption_candidate""]",kompas_regional,validation,1,"Atasi Banjir, Pemkot Malang Kejar Proyek Drainase Rp 154 Miliar yang Didanai Bank Dunia Regional 17 Juli 2025",https://surabaya.kompas.com/read/2025/07/17/160300978/atasi-banjir-pemkot-malang-kejar-proyek-drainase-rp-154-miliar-yang-didanai
ann_1a826deaa59d,3638,False,[],"[""DisasterEvent""]","[""kediri""]","[""DistributionIntervention"", ""FoodAssistance""]",False,candidate_unverified,copy_fe9fd311726a,2023-01-25,09:36,beritajatim,"[""response_query""]",beritajatim,train,1,Pemkot Kediri Bantu 2 Warga Pesantren Korban Kebakaran,https://beritajatim.com/pemkot-kediri-bantu-2-warga-pesantren-korban-kebakaran
ann_1aecfd5d5337,1288,False,"[""broad_food"", ""rice""]","[""DisasterEvent""]","[""gresik""]",[],False,candidate_unverified,copy_b71d517258c0,2021-01-05,23:25,detik,"[""disruption_candidate""]",detik_news,train,1,Ada Pembagian Sembako-Pengobatan Gratis Bagi Warga Gresik Terdampak Banjir,https://news.detik.com/berita-jawa-timur/d-5322547/ada-pembagian-sembako-pengobatan-gratis-bagi-warga-gresik-terdampak-banjir
ann_1afcc40b1908,1914,False,"[""broad_food"", ""chicken_eggs"", ""chicken_meat"", ""cooking_oil"", ""corn"", ""rice"", ""sugar""]","[""SupplyShortage""]",[],[],False,candidate_unverified,copy_6faf1b90b874,2025-12-10,10:43,kompas,"[""disruption_candidate""]",kompas_money,validation,1,"Pemerintah Bidik Swasembada Gula, Telur, dan Daging Ayam pada 2026 Money 10 Desember 2025",https://money.kompas.com/read/2025/12/10/104319126/pemerintah-bidik-swasembada-gula-telur-dan-daging-ayam-pada-2026
ann_1afda003bf46,1670,True,[],"[""DisasterEvent"", ""WeatherDisruption""]",[],[],False,candidate_unverified,copy_9f0900cdb1b6,2021-04-03,,kontan,"[""disruption_candidate""]",kontan,train,0,BMKG: Waspada dampak dua bibit siklon tropis,https://nasional.kontan.co.id/news/bmkg-waspada-dampak-dua-bibit-siklon-tropis
ann_1b7735c3a576,2046,False,[],"[""DisasterEvent""]","[""mojokerto""]","[""DistributionIntervention"", ""FoodAssistance""]",False,candidate_unverified,copy_3d3072959340,2026-01-22,17:37,beritajatim,"[""response_query""]",beritajatim,test,1,Polsek Jatirejo Baksos dan Salurkan Bansos ke Warga Terdampak Longsor,https://beritajatim.com/polsek-jatirejo-baksos-dan-salurkan-bansos-ke-warga-terdampak-longsor
ann_1ba71942eeab,3162,False,"[""broad_food"", ""sugar""]","[""PestDiseaseEvent"", ""ProductionDisruption""]","[""gresik"", ""mojokerto""]","[""OtherResponseAction""]",False,candidate_unverified,copy_2ca07acbb019,2021-04-08,,kontan,"[""disruption_candidate""]",kontan,train,0,"Gelar Agro Solution, Petrokimia Gresik gandeng Pabrik Gula Gempolkrep",https://industri.kontan.co.id/news/gelar-agro-solution-petrokimia-gresik-gandeng-pabrik-gula-gempolkrep
ann_1ba861800a9a,2196,False,[],"[""DisasterEvent""]","[""malang""]",[],False,candidate_unverified,copy_640838e42745,2024-11-30,12:23,kompas,"[""disruption_candidate""]",kompas_regional,train,1,"Banjir di Malang Belum Surut, Warga Kampung Raas Berusaha Selamatkan Barang Regional 30 November 2024",https://surabaya.kompas.com/read/2024/11/30/122301378/banjir-di-malang-belum-surut-warga-kampung-raas-berusaha-selamatkan-barang
ann_1be33f851e51,2148,False,[],"[""DisasterEvent""]",[],[],False,candidate_unverified,copy_7a2ade2e36c3,2025-12-20,22:45,detik,"[""disruption_candidate""]",detik_news,validation,1,"Jatim Rawan Bencana, Said Abdullah Tekankan Kesiapan Organisasi Partai",https://news.detik.com/berita/d-8269943/jatim-rawan-bencana-said-abdullah-tekankan-kesiapan-organisasi-partai
ann_1bf7e535986d,1977,True,[],"[""DisasterEvent"", ""WeatherDisruption""]","[""batu"", ""bojonegoro"", ""gresik"", ""lumajang"", ""madiun"", ""mojokerto"", ""ngawi"", ""pamekasan"", ""pasuruan"", ""probolinggo"", ""situbondo"", ""sumenep"", ""surabaya""]",[],False,candidate_unverified,copy_75416fe16199,2021-10-03,15:47,kompas,"[""disruption_candidate""]",kompas_regional,train,1,"Masuki Pancaroba, BMKG Ingatkan Potensi Banjir Bandang hingga Longsor di Jatim Regional 3 Oktober 2021",https://regional.kompas.com/read/2021/10/03/154721878/masuki-pancaroba-bmkg-ingatkan-potensi-banjir-bandang-hingga-longsor-di
ann_1c22aa86a2db,1883,False,[],"[""DisasterEvent""]","[""ponorogo"", ""surabaya""]",[],False,candidate_unverified,copy_47536982f325,2025-12-19,23:17,detik,"[""disruption_candidate""]",detik_news,validation,1,Jasad WNI Ponorogo Korban Kebakaran Apartemen Hong Kong Dipulangkan Bulan Ini,https://news.detik.com/berita/d-8268805/jasad-wni-ponorogo-korban-kebakaran-apartemen-hong-kong-dipulangkan-bulan-ini
ann_1c2d70205c0a,2194,False,[],"[""DisasterEvent"", ""WeatherDisruption""]","[""pasuruan"", ""probolinggo""]",[],False,candidate_unverified,copy_320f2ca23667,2026-03-27,07:04,kompas,"[""disruption_candidate""]",kompas_regional,test,1,"Banjir di Pasuruan Surut, BPBD Tambal Tanggul Jebol Pakai Karung Berisi Pasir Regional 27 Maret 2026",https://regional.kompas.com/read/2026/03/27/070446678/banjir-di-pasuruan-surut-bpbd-tambal-tanggul-jebol-pakai-karung-berisi
ann_1c5fbc2db811,2431,False,"[""rice""]","[""PestDiseaseEvent"", ""WeatherDisruption""]","[""kediri""]","[""ProcurementAction"", ""ReserveRelease""]",False,candidate_unverified,copy_3fbe615539a0,2026-04-11,13:16,beritajatim,"[""response_query""]",beritajatim,test,1,"BULOG Kediri Pastikan Stok Beras Aman 14 Bulan, Capai 82.830 Ton di Tengah Ancaman El Nino",https://beritajatim.com/bulog-kediri-pastikan-stok-beras-aman-14-bulan-capai-82-830-ton-di-tengah-ancaman-el-nino
ann_1c6f5a4f24e5,2051,False,[],"[""DisasterEvent""]","[""blitar"", ""jember"", ""jombang"", ""kediri"", ""lumajang"", ""malang"", ""mojokerto"", ""ngawi"", ""surabaya"", ""trenggalek"", ""tulungagung""]",[],False,candidate_unverified,copy_95fbab383e66,2021-04-10,23:22,kompas,"[""disruption_candidate""]",kompas_regional,train,1,UPDATE Korban Gempa Malang: 8 Meninggal dan 25 Luka-luka Regional 10 April 2021,https://regional.kompas.com/read/2021/04/10/232214078/update-korban-gempa-malang-8-meninggal-dan-25-luka-luka
ann_1c72a9734fc5,2219,False,"[""rice""]","[""ProductionDisruption""]","[""kediri"", ""ngawi""]",[],False,candidate_unverified,copy_59d213e9e7b1,2024-02-18,09:17,kompas,"[""disruption_candidate""]",kompas_regional,train,1,"Satu Bulan Naik 6 Kali, Harga Beras di Kebumen Tembus Rp 16.000 per Kg Regional 18 Februari 2024",https://regional.kompas.com/read/2024/02/18/091712078/satu-bulan-naik-6-kali-harga-beras-di-kebumen-tembus-rp-16000-per-kg
ann_1c8ebce1f3e7,4775,False,[],"[""DisasterEvent""]","[""lumajang"", ""malang"", ""mojokerto"", ""pacitan"", ""pasuruan"", ""surabaya""]",[],False,candidate_unverified,copy_539921e0f5a9,2023-06-26,22:14,beritajatim,"[""disruption_candidate""]",beritajatim,train,1,"Gempa Beruntun di Jatim, Begini Kata Pakar Geologi ITS",https://beritajatim.com/gempa-beruntun-di-jatim-begini-kata-pakar-geologi-its
ann_1cae5c973d3e,1570,False,[],"[""DisasterEvent"", ""WeatherDisruption""]","[""pamekasan""]",[],False,candidate_unverified,copy_e646f6673961,2025-10-14,11:27,beritajatim,"[""disruption_candidate""]",beritajatim,validation,1,22 Bangunan di Pamekasan Rusak Akibat Cuaca Ekstrem,https://beritajatim.com/22-bangunan-di-pamekasan-rusak-akibat-cuaca-ekstrem
ann_1cda0b1fdb1b,1648,False,"[""broad_food"", ""rice""]","[""WeatherDisruption""]","[""malang""]","[""CrisisPreparednessAction"", ""MarketOperationAction""]",False,candidate_unverified,copy_ce2f439e2050,2023-07-24,19:22,beritajatim,"[""disruption_candidate""]",beritajatim,train,1,Jokowi Perintahkan Kepala Daerah Bikin Pasar Murah Hadapi El Nino,https://beritajatim.com/jokowi-perintahkan-kepala-daerah-bikin-pasar-murah-hadapi-el-nino
ann_1cfa5c5959eb,1881,False,"[""chili"", ""garlic"", ""rice"", ""shallot""]","[""WeatherDisruption""]",[],[],False,candidate_unverified,copy_99da37282350,2021-07-26,,kontan,"[""disruption_candidate""]",kontan,train,0,Mendag ungkap siklus musim menjadi faktor kenaikan harga cabai,https://nasional.kontan.co.id/news/mendag-ungkap-siklus-musim-menjadi-faktor-kenaikan-harga-cabai
ann_1d0e80bcb34a,1989,False,"[""broad_food"", ""rice""]","[""DisasterEvent"", ""ProductionDisruption""]","[""madiun"", ""magetan"", ""ngawi""]","[""OtherResponseAction""]",False,candidate_unverified,copy_03f9ece3c341,2024-03-21,10:51,kompas,"[""disruption_candidate""]",kompas_regional,train,1,1.300 Hektar Tanaman Padi di Ngawi Gagal Panen akibat Terendam Banjir Regional 21 Maret 2024,https://surabaya.kompas.com/read/2024/03/21/105100378/1300-hektar-tanaman-padi-di-ngawi-gagal-panen-akibat-terendam-banjir
ann_1d1a1941cadd,2298,False,[],"[""DisasterEvent"", ""SupplyShortage""]","[""gresik""]","[""DistributionIntervention"", ""OtherResponseAction""]",False,candidate_unverified,copy_07fbd7bf9d5b,2026-03-06,08:25,kompas,"[""response_query""]",kompas_regional,test,1,"Pupuk Subsidi di Simalungun Langka, Masa Pemupukan Pertanian Terganggu Regional 6 Maret 2026",https://medan.kompas.com/read/2026/03/06/082507278/pupuk-subsidi-di-simalungun-langka-masa-pemupukan-pertanian-terganggu
ann_1d36bbc80a2f,2033,False,"[""fish"", ""sugar""]","[""DisasterEvent"", ""WeatherDisruption""]","[""jember"", ""malang""]",[],False,candidate_unverified,copy_7bae1785d693,2023-12-02,,kontan,"[""disruption_candidate""]",kontan,train,0,"BMKG Catat Gempa Terkini Magnitudo 5,2 Guncang Malang Jawa Timur",https://momsmoney.kontan.co.id/news/bmkg-catat-gempa-terkini-magnitudo-52-guncang-malang-jawa-timur
ann_1d4c9f4e5a90,1937,False,[],"[""DisasterEvent""]","[""jember""]",[],False,candidate_unverified,copy_52bb0c8be609,2022-01-09,21:58,detik,"[""disruption_candidate""]",detik_news,train,1,"Banjir di Jember Bawa Korban Jiwa, 1 Orang Meninggal-Satu Hilang",https://news.detik.com/berita-jawa-timur/d-5890806/banjir-di-jember-bawa-korban-jiwa-1-orang-meninggal-satu-hilang
ann_1da503859348,3174,False,"[""broad_food"", ""rice""]","[""SupplyShortage""]","[""jember"", ""surabaya""]","[""MarketOperationAction""]",False,candidate_unverified,copy_de5aaebb726c,2025-08-21,23:02,beritajatim,"[""response_query""]",beritajatim,validation,1,Gubernur Khofifah Instruksikan Kepala Daerah di Jatim Intensif Pantau Distribusi Beras Medium,https://beritajatim.com/gubernur-khofifah-instruksikan-kepala-daerah-di-jatim-intensif-pantau-distribusi-beras-medium
ann_1db8b392d15f,2928,False,"[""broad_food"", ""cooking_oil""]","[""SupplyShortage""]","[""surabaya""]","[""DistributionIntervention""]",False,candidate_unverified,copy_e41dfaac7b65,2022-03-27,13:06,kompas,"[""disruption_candidate"", ""response_query""]",kompas_regional,train,1,"Tinjau Pasar Wonokromo Surabaya, Kapolri Minta Jangan Terjadi Kelangkaan Minyak Goreng Curah Regional 27 Maret 2022",https://surabaya.kompas.com/read/2022/03/27/130654878/tinjau-pasar-wonokromo-surabaya-kapolri-minta-jangan-terjadi-kelangkaan
ann_1dc0b89f2f92,2595,False,[],"[""DisasterEvent""]","[""lumajang"", ""malang""]",[],False,candidate_unverified,copy_1cba4222c986,2021-12-05,23:14,detik,"[""disruption_candidate""]",detik_news,train,1,"Kawal Penanganan Erupsi Semeru, Khofifah Ngantor di Lumajang",https://news.detik.com/berita-jawa-timur/d-5841925/kawal-penanganan-erupsi-semeru-khofifah-ngantor-di-lumajang
ann_1dfb1c3ded9d,1794,False,[],"[""DisasterEvent""]","[""banyuwangi"", ""pamekasan"", ""sumenep""]",[],False,candidate_unverified,copy_dcda8b65a778,2025-09-25,,kontan,"[""disruption_candidate""]",kontan,validation,0,"Gempa Magnitudo 5,7 SR Guncang Banyuwangi, BMKG Sebut Tak Berpotensi Tsunami",https://regional.kontan.co.id/news/gempa-magnitudo-57-sr-guncang-banyuwangi-bmkg-sebut-tak-berpotensi-tsunami
ann_1e04a38f3166,2056,False,"[""broad_food"", ""fish"", ""rice""]","[""ProductionDisruption""]","[""sumenep""]","[""ReserveRelease""]",False,candidate_unverified,copy_661e2f5c43fd,2024-02-13,11:11,beritajatim,"[""disruption_candidate""]",beritajatim,train,1,"Harga Beras di Sumenep Makin Melambung, Rp15.600 per Kg",https://beritajatim.com/harga-beras-di-sumenep-makin-melambung-rp15-600-per-kg
ann_1e17f7527b26,1260,False,"[""sugar""]","[""DisasterEvent""]","[""jember""]",[],False,candidate_unverified,copy_cc04dd0822a1,2021-02-18,06:27,beritajatim,"[""disruption_candidate""]",beritajatim,train,1,"Angin Kencang di Jember Tumbangkan Pohon, Rusak Toyota Inova",https://beritajatim.com/angin-kencang-di-jember-tumbangkan-pohon-rusak-toyota-inova
ann_1e1d8ae81d1f,1286,False,[],"[""DisasterEvent""]","[""jember""]",[],False,candidate_unverified,copy_b919133624c1,2021-12-18,22:19,detik,"[""disruption_candidate""]",detik_news,train,1,"Hujan Disertai Angin Kencang Terjang Jember, Satu Orang Tewas Tertimpa Pohon",https://news.detik.com/berita-jawa-timur/d-5861144/hujan-disertai-angin-kencang-terjang-jember-satu-orang-tewas-tertimpa-pohon
ann_1e60777118b5,2933,True,"[""broad_food""]","[""DisasterEvent"", ""WeatherDisruption""]","[""gresik"", ""jombang"", ""lamongan"", ""pasuruan"", ""sidoarjo"", ""surabaya""]","[""CrisisPreparednessAction""]",False,candidate_unverified,copy_ca0af967959f,2026-01-16,09:33,beritajatim,"[""disruption_candidate""]",beritajatim,test,1,"Status Tanggap Darurat Banjir Lamongan Diperpanjang, Banjir Jombang-Pasuruan-Sidoarjo-Gresik?",https://beritajatim.com/status-tanggap-darurat-banjir-lamongan-diperpanjang-banjir-jombang-pasuruan-sidoarjo-gresik
ann_1e8647cfdb9a,2712,False,"[""rice""]","[""WeatherDisruption""]","[""ngawi""]",[],False,candidate_unverified,copy_6fca0487e21e,2024-02-13,14:38,kompas,"[""disruption_candidate""]",kompas_money,train,1,Bos Bulog: yang Bisa Bikin Harga Beras Turun adalah Produksi dalam Negeri Money 13 Februari 2024,https://money.kompas.com/read/2024/02/13/143829126/bos-bulog-yang-bisa-bikin-harga-beras-turun-adalah-produksi-dalam-negeri
ann_1e8c43237232,3355,False,"[""cooking_oil""]","[""SupplyShortage""]","[""surabaya""]",[],False,candidate_unverified,copy_c38a1ac70376,2022-03-17,,kontan,"[""disruption_candidate""]",kontan,train,0,"Tak Bisa Kontrol Spekulan Minyak Goreng, Menteri Perdagangan Minta Maaf",https://nasional.kontan.co.id/news/tak-bisa-kontrol-spekulan-minyak-goreng-menteri-perdagangan-minta-maaf
ann_1ed0f3c28268,2070,False,[],"[""DisasterEvent""]","[""jember""]",[],False,candidate_unverified,copy_22085faefad7,2026-02-16,20:35,beritajatim,"[""disruption_candidate""]",beritajatim,test,1,Pemkab Jember Nyatakan Tanggap Darurat Bencana Selama Dua Pekan,https://beritajatim.com/pemkab-jember-nyatakan-tanggap-darurat-bencana-selama-dua-pekan
ann_1eea59758057,1855,False,"[""rice""]","[""PestDiseaseEvent"", ""ProductionDisruption""]","[""gresik""]",[],False,candidate_unverified,copy_c6b645d02e13,2021-06-17,15:38,kompas,"[""disruption_candidate""]",kompas_regional,train,1,"Petani Desa Ini Manfaatkan Urine Sapi untuk Berantas Hama Tikus, Begini Ceritanya... Regional 17 Juni 2021",https://regional.kompas.com/read/2021/06/17/153856678/petani-desa-ini-manfaatkan-urine-sapi-untuk-berantas-hama-tikus-begini
ann_1f009c04dff0,2697,False,"[""rice""]","[""PestDiseaseEvent"", ""SupplyShortage""]","[""ngawi""]",[],False,candidate_unverified,copy_828d53719893,2023-12-13,15:10,kompas,"[""disruption_candidate""]",kompas_money,train,1,Sistem Produksi Padi: Margin Keuntungan Petani Terus Tergerus Money 13 Desember 2023,https://money.kompas.com/read/2023/12/13/151050626/sistem-produksi-padi-margin-keuntungan-petani-terus-tergerus
ann_1f05dc38b821,2005,False,"[""rice""]","[""PestDiseaseEvent"", ""ProductionDisruption"", ""SupplyShortage""]","[""pasuruan"", ""surabaya""]",[],False,candidate_unverified,copy_cd372076a967,2022-08-05,08:33,beritajatim,"[""disruption_candidate""]",beritajatim,train,1,Gus Sadad: Jaga Produksi Padi Jatim 10 Juta Ton Setahun,https://beritajatim.com/gus-sadad-jaga-produksi-padi-jatim-10-juta-ton-setahun
ann_1f07347ee966,1782,False,"[""rice""]","[""PestDiseaseEvent""]","[""kediri""]","[""DistributionIntervention"", ""FoodAssistance""]",False,candidate_unverified,copy_178c81ac6126,2021-07-06,11:36,beritajatim,"[""disruption_candidate""]",beritajatim,train,1,"Solidaritas Tanpa Batas, ACT Kediri Hadirkan Bantuan Pangan Warga Isoman",https://beritajatim.com/solidaritas-tanpa-batas-act-kediri-hadirkan-bantuan-pangan-warga-isoman
ann_1f0c55ce70c4,2122,True,"[""fish"", ""rice""]","[""SupplyShortage""]",[],"[""CrisisPreparednessAction""]",False,candidate_unverified,copy_55c821a021b2,2021-03-20,22:49,detik,"[""disruption_candidate""]",detik_finance,train,1,"Pemerintah Diminta Jangan Impor Beras, Kasihan Petani Lagi Panen",https://finance.detik.com/berita-ekonomi-bisnis/d-5501503/pemerintah-diminta-jangan-impor-beras-kasihan-petani-lagi-panen
ann_1f1306e0b4db,2225,False,[],"[""DisasterEvent"", ""WeatherDisruption""]","[""pasuruan""]",[],False,candidate_unverified,copy_95c20ed64204,2026-03-02,19:42,beritajatim,"[""disruption_candidate""]",beritajatim,test,1,"Longsor Tosari Pasuruan, 2 Kendaraan Tertimbun Tanah dan Aktivitas Warga Lumpuh",https://beritajatim.com/longsor-tosari-pasuruan-2-kendaraan-tertimbun-tanah-dan-aktivitas-warga-lumpuh
ann_1f51cab1a84c,1621,False,[],"[""DisasterEvent""]","[""jember"", ""tuban""]",[],False,candidate_unverified,copy_42b55c94f3a0,2023-04-14,23:08,kompas,"[""disruption_candidate""]",kompas_regional,train,1,"Tembok Rumah Warga di Jember Ambruk akibat Gempa M 6,6 Tuban Regional 14 April 2023",https://surabaya.kompas.com/read/2023/04/14/230837578/tembok-rumah-warga-di-jember-ambruk-akibat-gempa-m-66-tuban
ann_1f604276114a,1657,False,[],"[""DisasterEvent""]","[""lumajang"", ""malang"", ""surabaya""]","[""DistributionIntervention""]",False,candidate_unverified,copy_7ce1eb98d70b,2021-12-05,,kontan,"[""disruption_candidate""]",kontan,train,0,Pertamina pastikan kelancaran distribusi BBM dan LPG pasca erupsi Gunung Semeru,https://industri.kontan.co.id/news/pertamina-pastikan-kelancaran-distribusi-bbm-dan-lpg-pasca-erupsi-gunung-semeru
ann_1f76a33f01ce,2096,False,"[""broad_food""]","[""DisasterEvent"", ""WeatherDisruption""]","[""banyuwangi""]",[],False,candidate_unverified,copy_e71d24cf6648,2024-12-11,07:28,beritajatim,"[""disruption_candidate""]",beritajatim,train,1,"Cuaca Ekstrem! Pohon Tumbang Timpa Mobil dan Rumah, Warga Banyuwangi Terisolir",https://beritajatim.com/cuaca-ekstrem-pohon-tumbang-timpa-mobil-dan-rumah-warga-banyuwangi-terisolir
ann_1fa631aa5845,2003,False,[],"[""DisasterEvent""]","[""lumajang"", ""malang""]","[""CrisisPreparednessAction"", ""ProcurementAction""]",False,candidate_unverified,copy_eb4f36cfb1e4,2025-01-08,16:52,kompas,"[""response_query""]",kompas_regional,validation,1,"Curah Hujan Tinggi, BPBD Lumajang Waspadai Ancaman Banjir Lahar Gunung Semeru Regional 8 Januari 2025",https://surabaya.kompas.com/read/2025/01/08/165205478/curah-hujan-tinggi-bpbd-lumajang-waspadai-ancaman-banjir-lahar-gunung
ann_1fc45ec8d07c,2664,False,[],"[""DisasterEvent""]","[""nganjuk"", ""pacitan"", ""trenggalek""]",[],False,candidate_unverified,copy_2d99c92f5511,2026-01-27,15:22,beritajatim,"[""disruption_candidate""]",beritajatim,test,1,"BPBD Pacitan Revisi Data Lokasi Gempa, Berikut Informasi yang Benar",https://beritajatim.com/bpbd-pacitan-revisi-data-lokasi-gempa-berikut-informasi-yang-benar
ann_1fc4eea3c48f,2098,False,[],"[""DisasterEvent""]","[""batu"", ""kediri"", ""malang""]",[],False,candidate_unverified,copy_14a324decb63,2021-02-28,13:50,kompas,"[""disruption_candidate""]",kompas_regional,train,1,"Sempat Tutup Total Akibat Longsor, Jalur Payung Kota Batu Dibuka Kembali Regional 28 Februari 2021",https://regional.kompas.com/read/2021/02/28/135008778/sempat-tutup-total-akibat-longsor-jalur-payung-kota-batu-dibuka-kembali
ann_20221ea5983b,3925,False,[],"[""DisasterEvent""]","[""tuban""]",[],False,candidate_unverified,copy_3b8fc3488992,2024-10-28,,kontan,"[""disruption_candidate""]",kontan,train,0,Investasi Baru di Industri Petrokimia Tersendat oleh Banjir Impor,https://industri.kontan.co.id/news/investasi-baru-di-industri-petrokimia-tersendat-oleh-banjir-impor
ann_203966e81d5a,1154,True,[],"[""DisasterEvent""]","[""blitar"", ""bojonegoro"", ""malang"", ""tuban""]",[],False,candidate_unverified,copy_b65893682428,2023-04-14,20:30,beritajatim,"[""disruption_candidate""]",beritajatim,train,1,Polres Bojonegoro Antisipasi Produksi Petasan Jelang Perayaan Malam Lebaran,https://beritajatim.com/polres-bojonegoro-antisipasi-produksi-petasan-jelang-perayaan-malam-lebaran
ann_20c944600ba4,2017,False,[],"[""DisasterEvent""]","[""pasuruan""]","[""CrisisPreparednessAction"", ""DistributionIntervention"", ""FoodAssistance""]",False,candidate_unverified,copy_d72c3049b7bf,2025-12-12,07:02,beritajatim,"[""response_query""]",beritajatim,validation,1,PT Satoria Agro Industri Pasuruan Salurkan Bantuan Biskuit untuk Korban Bencana di Sumatra,https://beritajatim.com/pt-satoria-agro-industri-pasuruan-salurkan-bantuan-biskuit-untuk-korban-bencana-di-sumatra
ann_2126b061c0ce,1941,False,"[""broad_food""]","[""DisasterEvent""]","[""tuban""]","[""DistributionIntervention"", ""FoodAssistance""]",False,candidate_unverified,copy_0c84984b991c,2025-06-11,10:41,beritajatim,"[""response_query""]",beritajatim,validation,1,Respons Cepat Pertamina FT Tuban: 100 Kompor Disalurkan untuk Pulihkan Dampak Banjir di Sidomukti,https://beritajatim.com/respons-cepat-pertamina-ft-tuban-100-kompor-disalurkan-untuk-pulihkan-dampak-banjir-di-sidomukti
ann_2180f8f6bf99,4863,False,[],"[""DisasterEvent""]","[""gresik""]","[""ImportExportAction""]",False,candidate_unverified,copy_ee870484967b,2025-02-21,,kontan,"[""disruption_candidate"", ""response_query""]",kontan,validation,0,MenteriESDM Ungkap Freeport Dapat Relaksasi Ekspor Konsentrat Tembaga hingga Juni2025,https://industri.kontan.co.id/news/menteriesdm-ungkap-freeport-dapat-relaksasi-ekspor-konsentrat-tembaga-hingga-juni2025
ann_21c3d67cfed8,3381,False,"[""corn"", ""rice"", ""sugar""]","[""PestDiseaseEvent"", ""ProductionDisruption""]","[""gresik"", ""mojokerto"", ""surabaya""]","[""OtherResponseAction""]",False,candidate_unverified,copy_3bb65c584c51,2021-04-21,21:44,kompas,"[""disruption_candidate""]",kompas_money,train,1,"Gandeng PTPN X, PG Tawarkan Konsep Agro Solution untuk Petani Tebu Money 21 April 2021",https://money.kompas.com/read/2021/04/21/214403226/gandeng-ptpn-x-pg-tawarkan-konsep-agro-solution-untuk-petani-tebu
ann_21ccda44c7c7,3072,True,"[""broad_food"", ""fish"", ""rice""]","[""PestDiseaseEvent"", ""ProductionDisruption""]","[""ponorogo""]","[""CrisisPreparednessAction"", ""DistributionIntervention""]",False,candidate_unverified,copy_7204889a81db,2025-07-11,13:55,beritajatim,"[""response_query""]",beritajatim,validation,1,"Tekan Serangan Wereng, Dispertahankan Ponorogo Salurkan Bantuan 300 Liter Pestisida",https://beritajatim.com/tekan-serangan-wereng-dispertahankan-ponorogo-salurkan-bantuan-300-liter-pestisida
ann_21da9d3745a6,2696,False,"[""broad_food""]","[""DisasterEvent""]","[""surabaya""]","[""DistributionIntervention"", ""FoodAssistance""]",False,candidate_unverified,copy_45edf9d11bbe,2025-12-25,22:00,detik,"[""disruption_candidate"", ""response_query""]",detik_finance,validation,1,Kementan-Bapanas Kembali Kirim Bantuan Sembako ke Aceh,https://finance.detik.com/berita-ekonomi-bisnis/d-8277730/kementan-bapanas-kembali-kirim-bantuan-sembako-ke-aceh
ann_21f50dba28b4,1781,False,"[""rice""]","[""SupplyShortage"", ""WeatherDisruption""]",[],[],False,candidate_unverified,copy_3e9f57d66e92,2023-10-09,22:39,detik,"[""disruption_candidate""]",detik_finance,train,1,"Genjot Produksi, 310 Ribu Ha Lahan Ditanami Padi Lebih Cepat",https://finance.detik.com/berita-ekonomi-bisnis/d-6973865/genjot-produksi-310-ribu-ha-lahan-ditanami-padi-lebih-cepat
ann_22717f5b2f8b,2161,False,"[""broad_food"", ""chili""]","[""PestDiseaseEvent"", ""WeatherDisruption""]","[""kediri""]",[],False,candidate_unverified,copy_cca114860a56,2025-01-07,17:15,kompas,"[""disruption_candidate""]",kompas_regional,validation,1,Penyebab Harga Cabai di Kediri Melonjak Tajam Regional 7 Januari 2025,https://regional.kompas.com/read/2025/01/07/171520178/penyebab-harga-cabai-di-kediri-melonjak-tajam
ann_2282f2865bcf,3419,False,"[""broad_food"", ""cooking_oil"", ""rice"", ""sugar""]","[""DisasterEvent""]","[""lumajang"", ""malang"", ""nganjuk""]",[],False,candidate_unverified,copy_53cc25c47b33,2022-02-16,10:30,beritajatim,"[""disruption_candidate""]",beritajatim,train,1,Brantas Abipraya Wujudkan Hunian untuk Korban Erupsi Semeru Lumajang,https://beritajatim.com/brantas-abipraya-wujudkan-hunian-untuk-korban-erupsi-semeru-lumajang
ann_22b9ba42469c,1905,True,[],"[""DisasterEvent""]","[""banyuwangi"", ""situbondo""]","[""CrisisPreparednessAction""]",False,candidate_unverified,copy_038ec1724c98,2022-12-24,18:32,kompas,"[""response_query""]",kompas_regional,train,1,"Banjir Rob di Situbondo, Kendaraan yang Hendak ke Bali Sempat Tersendat Regional 24 Desember 2022",https://surabaya.kompas.com/read/2022/12/24/183211278/banjir-rob-di-situbondo-kendaraan-yang-hendak-ke-bali-sempat-tersendat
ann_22fe0c0321b2,1722,False,[],"[""DisasterEvent""]","[""pacitan"", ""ponorogo""]",[],False,candidate_unverified,copy_fe6e3fce2594,2026-02-06,15:36,kompas,"[""disruption_candidate""]",kompas_regional,test,1,"Gempa M 6,4 Pacitan Akibatkan 4 Rumah di Ponorogo Rusak Berat Regional 6 Februari 2026",https://surabaya.kompas.com/read/2026/02/06/153652778/gempa-m-64-pacitan-akibatkan-4-rumah-di-ponorogo-rusak-berat
ann_2339055cd271,2816,False,"[""fish""]","[""SupplyShortage""]","[""gresik"", ""ngawi""]","[""OtherResponseAction""]",False,candidate_unverified,copy_35b8888c388a,2023-12-22,16:17,beritajatim,"[""disruption_candidate""]",beritajatim,train,1,Petambak Ikan Gresik Pakai Cara Ini Atasi Pupuk Langka,https://beritajatim.com/petambak-ikan-gresik-pakai-cara-ini-atasi-pupuk-langka
ann_2351153e322e,1892,False,"[""beef"", ""chicken_eggs"", ""chicken_meat"", ""chili"", ""rice"", ""shallot""]","[""WeatherDisruption""]","[""banyuwangi""]","[""CrisisPreparednessAction""]",False,candidate_unverified,copy_4e6bb4ac7660,2023-10-31,10:35,beritajatim,"[""disruption_candidate""]",beritajatim,train,1,"Banyuwangi Surplus Beras, Stok Kebutuhan Pangan Aman",https://beritajatim.com/banyuwangi-surplus-beras-stok-kebutuhan-pangan-aman
ann_2355a1bdbc57,2685,True,[],"[""DisasterEvent"", ""WeatherDisruption""]","[""lamongan""]","[""CrisisPreparednessAction""]",False,candidate_unverified,copy_1d1ff1def7e3,2026-05-15,21:12,kompas,"[""response_query""]",kompas_regional,test,1,"Lamongan Siaga Bencana Kekeringan, Warga Diminta Hemat Air Regional 15 Mei 2026",https://surabaya.kompas.com/read/2026/05/15/211222278/lamongan-siaga-bencana-kekeringan-warga-diminta-hemat-air
ann_23c061954e60,1576,False,"[""rice""]","[""PestDiseaseEvent"", ""ProductionDisruption""]","[""lamongan""]",[],False,candidate_unverified,copy_2bc65543d19b,2021-02-01,22:21,detik,"[""disruption_candidate""]",detik_news,train,1,"Diduga Gagal Panen, Petani di Lamongan Ditemukan Tewas Gantung Diri",https://news.detik.com/berita-jawa-timur/d-5357473/diduga-gagal-panen-petani-di-lamongan-ditemukan-tewas-gantung-diri
ann_23cd446562b6,3228,True,"[""broad_food"", ""rice""]","[""WeatherDisruption""]","[""trenggalek""]","[""ProductionAssistance""]",False,candidate_unverified,copy_5f569ffa814f,2024-04-24,21:21,kompas,"[""disruption_candidate""]",kompas_money,train,1,Kementan Jaga Produksi Padi lewat Pompanisasi dan Percepatan Tanam Money 24 April 2024,https://money.kompas.com/read/2024/04/24/212137326/kementan-jaga-produksi-padi-lewat-pompanisasi-dan-percepatan-tanam
ann_23f45c9dbf4e,3335,False,[],"[""DisasterEvent""]","[""blitar"", ""jombang"", ""kediri"", ""lumajang"", ""madiun"", ""malang"", ""mojokerto"", ""nganjuk"", ""ngawi"", ""ponorogo"", ""trenggalek""]",[],False,candidate_unverified,copy_ee329335ba92,2021-04-10,18:34,beritajatim,"[""disruption_candidate""]",beritajatim,train,1,"Gempa M6,7 Picu Guncangan Sedang Hingga Kuat Beberapa Wilayah Jatim",https://beritajatim.com/gempa-m67-picu-guncangan-sedang-hingga-kuat-beberapa-wilayah-jatim
ann_241923a9855b,1824,False,"[""rice""]","[""DisasterEvent""]","[""surabaya""]","[""OtherResponseAction"", ""ProcurementAction"", ""ReserveRelease""]",False,candidate_unverified,copy_f7b8e09845af,2022-12-16,14:10,kompas,"[""disruption_candidate""]",kompas_money,train,1,Bulog Pastikan 200.000 Ton Beras Impor Masuk ke RI hingga Akhir 2022 Money 16 Desember 2022,https://money.kompas.com/read/2022/12/16/141000226/bulog-pastikan-200000-ton-beras-impor-masuk-ke-ri-hingga-akhir-2022
ann_241abe4e03ba,1721,True,[],"[""DisasterEvent""]","[""mojokerto""]","[""CrisisPreparednessAction""]",False,candidate_unverified,copy_0236f0d56d94,2023-01-09,11:53,beritajatim,"[""response_query""]",beritajatim,train,1,"Disapu Angin Puting Beliung, 33 Rumah di Mojokerto Rusak",https://beritajatim.com/disapu-angin-puting-beliung-33-rumah-di-mojokerto-rusak
ann_243374fadf37,2584,False,[],"[""DisasterEvent""]","[""blitar"", ""lumajang"", ""malang""]",[],False,candidate_unverified,copy_1d1d9f0740c9,2021-04-11,14:34,kompas,"[""disruption_candidate""]",kompas_regional,train,1,Khofifah Sebut Balai Desa Jadi Tempat Strategis bagi Pengungsi Korban Gempa Malang Regional 11 April 2021,https://regional.kompas.com/read/2021/04/11/143433878/khofifah-sebut-balai-desa-jadi-tempat-strategis-bagi-pengungsi-korban-gempa
ann_2434ac2ff340,4661,True,"[""fish"", ""rice""]","[""SupplyShortage""]","[""jombang"", ""malang""]","[""CrisisPreparednessAction"", ""ImportExportAction"", ""OtherResponseAction"", ""ReserveRelease""]",False,candidate_unverified,copy_645bea7fcaa2,2024-02-29,19:20,beritajatim,"[""disruption_candidate""]",beritajatim,train,1,KTNA Jatim Berharap Kenaikan Harga Beras Tak Dijadikan Alasan untuk Buka Keran Impor,https://beritajatim.com/ktna-jatim-berharap-kanaikan-harga-beras-tak-dijadikan-alasan-untuk-buka-keran-impor
ann_24531d41ec58,2647,False,"[""sugar""]","[""SupplyShortage""]","[""mojokerto"", ""pasuruan"", ""sidoarjo""]","[""OtherResponseAction""]",False,candidate_unverified,copy_98bc320f8c5b,2021-07-07,21:15,detik,"[""disruption_candidate""]",detik_finance,train,1,Pengusaha Heran Masih Ada Isu Kelangkaan Gula Rafinasi di Jawa Timur,https://finance.detik.com/industri/d-5635094/pengusaha-heran-masih-ada-isu-kelangkaan-gula-rafinasi-di-jawa-timur
ann_24b6049eb66e,2371,False,"[""broad_food"", ""chicken_eggs"", ""chicken_meat"", ""chili"", ""cooking_oil"", ""rice"", ""sugar""]","[""WeatherDisruption""]","[""surabaya""]",[],False,candidate_unverified,copy_bea3b3b82d7f,2025-11-11,08:23,beritajatim,"[""disruption_candidate""]",beritajatim,validation,1,Cuaca Ekstrem! Harga Cabai di Jawa Timur Masih Naik Hari Ini,https://beritajatim.com/cuaca-ekstrem-harga-cabai-di-jawa-timur-masih-naik-hari-ini
ann_250ba74946c4,1740,False,[],"[""DisasterEvent""]","[""pacitan"", ""ponorogo""]","[""CrisisPreparednessAction""]",False,candidate_unverified,copy_0deb0e3b5348,2021-11-22,11:36,beritajatim,"[""response_query""]",beritajatim,train,1,"Antisipasi Longsor Susulan, Personel BPBD Ponorogo Siaga di Desa Tugurejo",https://beritajatim.com/antisipasi-longsor-susulan-personel-bpbd-ponorogo-siaga-di-desa-tugurejo
ann_250d61024e0d,4948,False,[],"[""SupplyShortage""]","[""surabaya""]",[],False,candidate_unverified,copy_32b78cd1942b,2021-10-06,23:20,bisnis,"[""disruption_candidate""]",bisnis,train,1,MLO: Kelangkaan Kontainer Bukan Lagi Isu,https://ekonomi.bisnis.com/read/20211006/98/1451311/mlo-kelangkaan-kontainer-bukan-lagi-isu
ann_251cd88d7038,804,False,[],"[""DisasterEvent""]","[""tuban""]",[],False,candidate_unverified,copy_6abc6bf64e89,2023-04-14,,kontan,"[""disruption_candidate""]",kontan,train,0,"Gempa Bermagnitudo 6,6 Guncang Tuban",https://nasional.kontan.co.id/news/gempa-bermagnitudo-66-guncang-tuban
ann_2522cc71afec,1875,False,"[""cooking_oil""]","[""SupplyShortage""]","[""gresik"", ""surabaya""]",[],False,candidate_unverified,copy_20977771fee0,2022-02-08,15:08,kompas,"[""disruption_candidate""]",kompas_regional,train,1,"Minyak Goreng Masih Langka, Khofifah Telusuri Kendala di Rantai Pasok Regional 8 Februari 2022",https://surabaya.kompas.com/read/2022/02/08/150828478/minyak-goreng-masih-langka-khofifah-telusuri-kendala-di-rantai-pasok
ann_2533cebbc258,1487,False,[],"[""DisasterEvent""]",[],[],False,candidate_unverified,copy_db36e7abbad3,2021-04-11,,kontan,"[""disruption_candidate""]",kontan,train,0,"Gempa di Jatim, Jokowi minta siap siaga hadapi bencana",https://nasional.kontan.co.id/news/gempa-di-jatim-jokowi-minta-siap-siaga-hadapi-bencana
ann_254423ef0c86,1863,False,"[""rice""]","[""SupplyShortage""]","[""gresik""]","[""DistributionIntervention"", ""ProductionAssistance""]",False,candidate_unverified,copy_eaad23715077,2024-09-10,17:27,kompas,"[""disruption_candidate""]",kompas_money,train,1,Petrokimia Gresik Dukung Kehadiran Beras Nasional Timor Leste Money 10 September 2024,https://money.kompas.com/read/2024/09/10/172727726/petrokimia-gresik-dukung-kehadiran-beras-nasional-timor-leste
ann_256faac006cb,1768,False,"[""broad_food"", ""rice""]","[""ProductionDisruption"", ""WeatherDisruption""]","[""ngawi""]",[],False,candidate_unverified,copy_4d80cb410852,2024-08-27,12:02,kompas,"[""disruption_candidate""]",kompas_regional,train,1,"26 Hektar Tanaman Padi di Ngawi Gagal Panen, Hanya 7 Hektar yang Diasuransikan Regional 27 Agustus 2024",https://surabaya.kompas.com/read/2024/08/27/120238878/26-hektar-tanaman-padi-di-ngawi-gagal-panen-hanya-7-hektar-yang
ann_257086ad83e0,2171,False,"[""broad_food""]","[""DisasterEvent""]","[""lumajang"", ""sidoarjo""]",[],False,candidate_unverified,copy_79b717287e3c,2021-12-14,16:25,beritajatim,"[""disruption_candidate""]",beritajatim,train,1,Bupati Sidoarjo Gus Muhdlor Serahkan Bantuan Kemanusiaan Rp 575 Juta ke Korban Erupsi Semeru,https://beritajatim.com/bupati-sidoarjo-gus-muhdlor-serahkan-bantuan-kemanusiaan-rp-575-juta-ke-korban-erupsi-semeru
ann_25db3a05dd35,2476,False,[],"[""DisasterEvent"", ""WeatherDisruption""]","[""bangkalan"", ""banyuwangi"", ""batu"", ""blitar"", ""bojonegoro"", ""bondowoso"", ""gresik"", ""jember"", ""jombang"", ""kediri"", ""lamongan"", ""lumajang"", ""madiun"", ""magetan"", ""malang"", ""mojokerto"", ""nganjuk"", ""ngawi"", ""pacitan"", ""pamekasan"", ""pasuruan"", ""ponorogo"", ""probolinggo"", ""sampang"", ""sidoarjo"", ""situbondo"", ""sumenep"", ""surabaya"", ""trenggalek"", ""tuban"", ""tulungagung""]",[],False,candidate_unverified,copy_be689cf6baaf,2025-11-14,12:54,kompas,"[""disruption_candidate""]",kompas_regional,validation,1,"Waspada Cuaca Ekstrem Selama Sepekan ke Depan, Ada Potensi Banjir Bandang hingga Hujan Es di Jatim Regional 14 November 2025",https://surabaya.kompas.com/read/2025/11/14/125411778/waspada-cuaca-ekstrem-selama-sepekan-ke-depan-ada-potensi-banjir-bandang
ann_25e76b44efda,1468,False,[],"[""DisasterEvent""]","[""gresik"", ""lamongan"", ""madiun"", ""nganjuk"", ""pasuruan"", ""sampang"", ""tuban""]",[],False,candidate_unverified,copy_6d981266d382,2021-11-01,14:23,kompas,"[""disruption_candidate""]",kompas_regional,train,1,"Beberapa Wilayah di Jatim Langganan Banjir, Khofifah: Antisipasi dan Mitigasi Regional 1 November 2021",https://regional.kompas.com/read/2021/11/01/142330878/beberapa-wilayah-di-jatim-langganan-banjir-khofifah-antisipasi-dan-mitigasi
ann_25e8737703cd,2115,False,[],"[""DisasterEvent""]","[""jombang""]",[],False,candidate_unverified,copy_c9d827e60e5f,2024-12-11,12:51,kompas,"[""disruption_candidate""]",kompas_regional,train,1,"Banjir di Jombang Belum Surut, Jumlah Pengungsi Bertambah Regional 11 Desember 2024",https://surabaya.kompas.com/read/2024/12/11/125156178/banjir-di-jombang-belum-surut-jumlah-pengungsi-bertambah
ann_25f1f233590a,2538,False,[],"[""DisasterEvent""]","[""bojonegoro"", ""lamongan"", ""madiun"", ""malang"", ""nganjuk"", ""pacitan"", ""pasuruan"", ""sidoarjo"", ""surabaya"", ""trenggalek"", ""tuban"", ""tulungagung""]",[],False,candidate_unverified,copy_22f39e4f4caa,2024-03-22,14:53,kompas,"[""disruption_candidate""]",kompas_regional,train,1,Warga di Tuban Rasakan Getaran Gempa yang Sangat Kuat dan Lebih dari Sekali Regional 22 Maret 2024,https://surabaya.kompas.com/read/2024/03/22/145301178/warga-di-tuban-rasakan-getaran-gempa-yang-sangat-kuat-dan-lebih-dari-sekali
ann_262a74787fa3,1955,True,"[""broad_food"", ""rice""]","[""PestDiseaseEvent""]","[""lamongan""]",[],False,candidate_unverified,copy_ff531f8d6bf1,2024-11-18,16:53,beritajatim,"[""disruption_candidate""]",beritajatim,train,1,Lamongan Gencarkan Gerakan Pengendalian Hama Tikus,https://beritajatim.com/lamongan-gencarkan-gerakan-pengendalian-hama-tikus
ann_264af9815cf9,1785,False,[],"[""DisasterEvent""]","[""blitar"", ""bondowoso"", ""lumajang"", ""malang"", ""pacitan"", ""trenggalek""]",[],False,candidate_unverified,copy_4a2fb2e28f4a,2023-01-17,07:28,beritajatim,"[""disruption_candidate""]",beritajatim,train,1,Gempa Tektonik 5.1 di Kabupaten Malang Tidak Berpotensi Tsunami,https://beritajatim.com/gempa-tektonik-5-1-di-kabupaten-malang-tidak-berpotensi-tsunami
ann_264e39dc9692,2389,False,[],"[""DisasterEvent""]","[""blitar""]","[""CrisisPreparednessAction"", ""ProcurementAction""]",False,candidate_unverified,copy_912d082d50b7,2025-12-16,16:53,kompas,"[""response_query""]",kompas_regional,validation,1,"Puluhan Ribu Jiwa di Blitar Tinggal di Zona Rawan Longsor, Berikut Daerahnya Regional 16 Desember 2025",https://surabaya.kompas.com/read/2025/12/16/165305878/puluhan-ribu-jiwa-di-blitar-tinggal-di-zona-rawan-longsor-berikut-daerahnya
ann_26516f85d2f0,1923,False,"[""broad_food"", ""chicken_eggs"", ""chili""]","[""ProductionDisruption"", ""SupplyShortage""]","[""magetan""]",[],False,candidate_unverified,copy_e754497cf465,2022-05-26,15:49,beritajatim,"[""disruption_candidate""]",beritajatim,train,1,"Cabai Segar Mahal, Pembeli Berburu Cabai Kering",https://beritajatim.com/cabai-segar-mahal-pembeli-berburu-cabai-kering
ann_2662fc6ee712,1556,True,[],"[""DisasterEvent""]","[""magetan""]",[],False,candidate_unverified,copy_59f23134efb8,2023-10-21,,kontan,"[""disruption_candidate""]",kontan,train,0,Kebakaran Gunung Lawu Mencapai Jalan Penghubung Magetan-Karanganyar,https://regional.kontan.co.id/news/kebakaran-gunung-lawu-mencapai-jalan-penghubung-magetan-karanganyar
ann_26781e0be753,2465,False,[],"[""DisasterEvent"", ""WeatherDisruption""]","[""bangkalan"", ""banyuwangi"", ""bojonegoro"", ""bondowoso"", ""gresik"", ""jombang"", ""kediri"", ""lamongan"", ""lumajang"", ""madiun"", ""malang"", ""mojokerto"", ""nganjuk"", ""ngawi"", ""pacitan"", ""pamekasan"", ""pasuruan"", ""probolinggo"", ""sampang"", ""sidoarjo"", ""situbondo"", ""sumenep"", ""surabaya"", ""trenggalek"", ""tulungagung""]",[],False,candidate_unverified,copy_caf7ec94cde9,2022-10-13,19:56,beritajatim,"[""disruption_candidate""]",beritajatim,train,1,"Dua Hari Terakhir, Angin Kencang Porak-porandakan Rumah di Bojonegoro",https://beritajatim.com/dua-hari-terakhir-angin-kencang-porak-porandakan-rumah-di-bojonegoro
ann_26d1ab14b4d5,2350,True,"[""buffalo_meat""]","[""PestDiseaseEvent""]",[],"[""CrisisPreparednessAction""]",False,candidate_unverified,copy_08d0a079fff4,2022-05-11,13:05,kompas,"[""disruption_candidate""]",kompas_money,train,1,"Soal Wabah PMK di Jatim, Kementan: Tingkat Kematian Rendah, Banyak Hewan Ternak Menuju Sehat... Money 11 Mei 2022",https://money.kompas.com/read/2022/05/11/130507826/soal-wabah-pmk-di-jatim-kementan-tingkat-kematian-rendah-banyak-hewan-ternak
ann_26f60c936f4d,2200,False,"[""chili""]","[""DisasterEvent""]","[""lumajang"", ""surabaya""]",[],False,candidate_unverified,copy_1bd3c3d05867,2025-10-20,10:41,beritajatim,"[""disruption_candidate""]",beritajatim,validation,1,FISIP Unair Bekali Perempuan Lumajang Literasi Digital Mitigasi Bencana Semeru,https://beritajatim.com/fisip-unair-bekali-perempuan-lumajang-literasi-digital-mitigasi-bencana-semeru
ann_26fae1b6979e,2095,False,[],"[""DisasterEvent""]","[""sidoarjo""]","[""CrisisPreparednessAction""]",False,candidate_unverified,copy_4620640b46c8,2023-12-08,18:20,kompas,"[""response_query""]",kompas_regional,train,1,"Fakta Kebakaran Gudang Lazada di Sidoarjo, Terdengar Ledakan dan Kendala Sumber Air Regional 8 Desember 2023",https://surabaya.kompas.com/read/2023/12/08/182051478/fakta-kebakaran-gudang-lazada-di-sidoarjo-terdengar-ledakan-dan-kendala
ann_2712336c967a,2101,True,[],"[""DisasterEvent""]","[""lumajang""]","[""CrisisPreparednessAction""]",False,candidate_unverified,copy_a75d5835fcb8,2023-03-24,21:10,kompas,"[""response_query""]",kompas_regional,train,1,"Banjir Lahar Gunung Semeru, 137 KK di Dusun Sumberlangsep Lumajang Terisolasi Regional 24 Maret 2023",https://surabaya.kompas.com/read/2023/03/24/211027478/banjir-lahar-gunung-semeru-137-kk-di-dusun-sumberlangsep-lumajang
ann_272262ea237b,2412,False,[],"[""DisasterEvent""]","[""lumajang"", ""malang"", ""surabaya""]",[],False,candidate_unverified,copy_303bccf2fdcd,2021-12-04,,kontan,"[""disruption_candidate""]",kontan,train,0,"Gunung Semeru erupsi, 8 desa di 2 Kecamatan di Lumajang ikut terdampak",https://regional.kontan.co.id/news/gunung-semeru-erupsi-8-desa-di-2-kecamatan-di-lumajang-ikut-terdampak
ann_27363f376a37,4453,False,"[""rice""]","[""DisasterEvent"", ""ProductionDisruption"", ""WeatherDisruption""]","[""surabaya""]","[""ImportExportAction"", ""InspectionEnforcement""]",False,candidate_unverified,copy_be68d9b7dc0f,2024-01-23,11:29,beritajatim,"[""disruption_candidate""]",beritajatim,train,1,Ketua Banggar DPR: Tak Ada Swasembada Beras di Masa Jokowi,https://beritajatim.com/ketua-banggar-dpr-tak-ada-swasembada-beras-di-masa-jokowi
ann_275d2794940b,2094,False,"[""broad_food""]","[""DisasterEvent"", ""WeatherDisruption""]","[""jember""]",[],False,candidate_unverified,copy_ebbbc5eca3eb,2026-03-02,13:14,kompas,"[""disruption_candidate""]",kompas_regional,test,1,"Banjir Kembali Melanda Jember, 653 Rumah di Desa Glundengan Terdampak Regional 2 Maret 2026",https://surabaya.kompas.com/read/2026/03/02/131436678/banjir-kembali-melanda-jember-653-rumah-di-desa-glundengan-terdampak
ann_2768e86c0ca5,1135,False,[],"[""DisasterEvent""]","[""jombang""]",[],False,candidate_unverified,copy_354da9c456c8,2023-03-17,20:06,kompas,"[""disruption_candidate""]",kompas_regional,train,1,"Diterjang Puting Beliung, Mushala dan 9 Rumah di Jombang Rusak Regional 17 Maret 2023",https://surabaya.kompas.com/read/2023/03/17/200607378/diterjang-puting-beliung-mushala-dan-9-rumah-di-jombang-rusak
ann_2776aee20afc,3734,False,"[""broad_food"", ""fish"", ""rice""]","[""PestDiseaseEvent""]","[""sidoarjo""]","[""CrisisPreparednessAction""]",False,candidate_unverified,copy_725625bede06,2021-08-25,19:58,beritajatim,"[""response_query""]",beritajatim,train,1,"Rakor High Level Meeting, Sidoarjo Siap Kendalikan Inflasi",https://beritajatim.com/rakor-high-level-meeting-sidoarjo-siap-kendalikan-inflasi
ann_27b857f0df49,1802,True,[],"[""DisasterEvent""]","[""lumajang""]","[""CrisisPreparednessAction""]",False,candidate_unverified,copy_f10d0832ea1c,2025-12-12,22:23,kompas,"[""response_query""]",kompas_regional,validation,1,"Banjir Lahar Semeru, Batu Besar Tutupi Jembatan Limpas, Akses 3 Dusun di Lumajang Terputus Regional 12 Desember 2025",https://surabaya.kompas.com/read/2025/12/12/222344378/banjir-lahar-semeru-batu-besar-tutupi-jembatan-limpas-akses-3-dusun-di
ann_27bc94b879b8,1735,False,[],"[""DisasterEvent""]","[""blitar"", ""jember"", ""lumajang"", ""malang"", ""tulungagung""]",[],False,candidate_unverified,copy_8273ea232e07,2021-04-10,22:08,detik,"[""disruption_candidate""]",detik_news,train,1,Korban Tewas Gempa Malang Bertambah Menjadi 8 Orang,https://news.detik.com/berita-jawa-timur/d-5527853/korban-tewas-gempa-malang-bertambah-menjadi-8-orang
ann_28039973c461,1931,False,[],"[""DisasterEvent""]","[""batu"", ""malang""]",[],False,candidate_unverified,copy_a8c0fa70581d,2021-02-02,17:13,kompas,"[""disruption_candidate""]",kompas_regional,train,1,"Alarm Berbunyi 17 Kali, 15 KK di Kota Batu Berpotensi Terdampak Longsor News 2 Februari 2021",https://regional.kompas.com/read/2021/02/02/17131861/alarm-berbunyi-17-kali-15-kk-di-kota-batu-berpotensi-terdampak-longsor
ann_285ce65b99c5,2754,True,[],"[""DisasterEvent""]","[""batu"", ""malang""]","[""CrisisPreparednessAction""]",False,candidate_unverified,copy_b5de7ba92295,2025-08-05,19:28,kompas,"[""disruption_candidate"", ""response_query""]",kompas_regional,validation,1,Sampah Ancam Pasokan Air Bersih di Malang Raya Regional 5 Agustus 2025,https://surabaya.kompas.com/read/2025/08/05/192823978/sampah-ancam-pasokan-air-bersih-di-malang-raya
ann_2887e31ae43e,1650,False,[],"[""DisasterEvent""]","[""malang""]",[],False,candidate_unverified,copy_093dd28f16e5,2024-09-17,22:35,kompas,"[""disruption_candidate""]",kompas_regional,train,1,Tim Labfor Selidiki Sumber Kebakaran Pasar Comboran Malang Regional 17 September 2024,https://surabaya.kompas.com/read/2024/09/17/223504478/tim-labfor-selidiki-sumber-kebakaran-pasar-comboran-malang
ann_28964d71af67,498,False,[],"[""DisasterEvent""]","[""blitar""]",[],False,candidate_unverified,copy_06abb555036d,2026-01-23,21:46,detik,"[""disruption_candidate""]",detik_news,test,1,"Gempa 3,8 Terjadi di Blitar Jatim",https://news.detik.com/berita/d-8322246/gempa-3-8-terjadi-di-blitar-jatim
ann_28fbc93d6706,2216,False,[],"[""DisasterEvent""]","[""malang""]",[],False,candidate_unverified,copy_613eea16610c,2021-04-10,19:20,beritajatim,"[""disruption_candidate""]",beritajatim,train,1,"Gempa Bumi di Malang, 1 Orang Dilaporkan Meninggal Dunia",https://beritajatim.com/gempa-bumi-di-malang-1-orang-dilaporkan-meninggal-dunia
ann_2912e69206df,1603,False,[],"[""DisasterEvent""]","[""blitar"", ""malang"", ""mojokerto"", ""sidoarjo"", ""surabaya""]",[],False,candidate_unverified,copy_845d3244604f,2022-10-18,14:41,kompas,"[""disruption_candidate""]",kompas_regional,train,1,"Jalur Tertimbun Longsor, Dua Kereta Api Tertahan di Malang Regional 18 Oktober 2022",https://surabaya.kompas.com/read/2022/10/18/144130478/jalur-tertimbun-longsor-dua-kereta-api-tertahan-di-malang
ann_2925aea2d1c2,2389,True,[],"[""DisasterEvent"", ""WeatherDisruption""]","[""jember""]","[""CrisisPreparednessAction""]",False,candidate_unverified,copy_36c9a9a718e2,2026-04-27,17:16,kompas,"[""response_query""]",kompas_regional,test,1,"Jember Siaga Darurat Kekeringan hingga Agustus 2026, Ada 7 Daerah Rawan Regional 27 April 2026",https://surabaya.kompas.com/read/2026/04/27/171627578/jember-siaga-darurat-kekeringan-hingga-agustus-2026-ada-7-daerah-rawan
ann_293a14d7ab23,1878,False,[],"[""DisasterEvent""]","[""malang""]","[""InspectionEnforcement""]",False,candidate_unverified,copy_686e9a289df5,2026-04-27,20:48,kompas,"[""disruption_candidate"", ""response_query""]",kompas_regional,test,1,"Gudang Rokok di Malang Dibakar Karyawan, Motif Tutupi Penggelapan Regional 27 April 2026",https://surabaya.kompas.com/read/2026/04/27/204802178/gudang-rokok-di-malang-dibakar-karyawan-motif-tutupi-penggelapan
ann_295500b44907,1795,False,[],"[""DisasterEvent"", ""WeatherDisruption""]","[""sidoarjo""]",[],False,candidate_unverified,copy_14902476e35e,2024-11-05,,kontan,"[""disruption_candidate""]",kontan,train,0,BMKG Sebut Cuaca Ekstrem di Jatim Mungkin Terjadi dalam Sepekan ke Depan,https://regional.kontan.co.id/news/bmkg-sebut-cuaca-ekstrem-di-jatim-mungkin-terjadi-dalam-sepekan-ke-depan
ann_295831870fde,1509,False,"[""broad_food"", ""rice""]","[""WeatherDisruption""]","[""banyuwangi""]","[""DistributionIntervention"", ""FoodAssistance"", ""ReserveRelease""]",False,candidate_unverified,copy_bdaab36c1f8f,2023-12-27,12:07,kompas,"[""disruption_candidate""]",kompas_regional,train,1,"Serahkan BLT El Nino di Banyuwangi, Jokowi Sebut untuk Menutupi Kenaikan Harga Regional 27 Desember 2023",https://surabaya.kompas.com/read/2023/12/27/120713978/serahkan-blt-el-nino-di-banyuwangi-jokowi-sebut-untuk-menutupi-kenaikan
ann_296f11cc6c7d,8568,False,"[""broad_food"", ""rice"", ""soybean""]","[""DisasterEvent""]","[""surabaya""]","[""ImportExportAction"", ""MarketOperationAction"", ""OtherResponseAction"", ""ReserveRelease""]",False,candidate_unverified,copy_2a962da0c781,2022-12-19,,kontan,"[""disruption_candidate""]",kontan,train,0,"Beras Impor Masuk, Pemerintah Optimistis Dapat Redam Kenaikan Harga",https://fokus.kontan.co.id/news/impor-masuk-pemerintah-optimistis-dapat-redam-kenaikan-harga-beras
ann_2972812e8fbc,3007,True,[],"[""DisasterEvent"", ""WeatherDisruption""]","[""pasuruan"", ""surabaya""]","[""CrisisPreparednessAction"", ""DistributionIntervention"", ""FoodAssistance""]",False,candidate_unverified,copy_afd87d855590,2026-03-25,19:24,beritajatim,"[""disruption_candidate""]",beritajatim,test,1,"Hari Pertama Masuk Kerja, Kalaksa BPBD Jatim Langsung Tinjau Banjir Pasuruan",https://beritajatim.com/hari-pertama-masuk-kerja-kalaksa-bpbd-jatim-langsung-tinjau-banjir-pasuruan
ann_29774e852930,1818,False,[],"[""DisasterEvent"", ""WeatherDisruption""]","[""surabaya""]",[],False,candidate_unverified,copy_1a95496040ae,2025-09-25,17:06,beritajatim,"[""disruption_candidate""]",beritajatim,validation,1,BPBD Surabaya Siapkan Antisipasi Bencana Hidrometeorologi Menjelang Musim Hujan,https://beritajatim.com/bpbd-surabaya-siapkan-antisipasi-bencana-hidrometeorologi-menjelang-musim-hujan
ann_298c61d377d4,2552,False,"[""corn"", ""rice""]","[""SupplyShortage"", ""WeatherDisruption""]",[],[],False,candidate_unverified,copy_ab559c9c4fd7,2023-10-30,18:40,kompas,"[""disruption_candidate""]",kompas_money,train,1,Mentan Minta Seluruh Kepala Dinas Pertanian di Indonesia Kawal Produksi Beras Money 30 Oktober 2023,https://money.kompas.com/read/2023/10/30/184000626/mentan-minta-seluruh-kepala-dinas-pertanian-di-indonesia-kawal-produksi-beras
ann_2994846a7dd6,3356,False,[],"[""DisasterEvent"", ""WeatherDisruption""]","[""surabaya""]",[],False,candidate_unverified,copy_9eead2cc0d88,2025-11-20,23:49,beritajatim,"[""disruption_candidate""]",beritajatim,validation,1,DPRD Surabaya Desak Mitigasi Berlapis Hadapi Anomali Cuaca,https://beritajatim.com/dprd-surabaya-desak-mitigasi-berlapis-hadapi-anomali-cuaca
ann_29e5fe3d3cac,1397,False,[],"[""DisasterEvent"", ""WeatherDisruption""]","[""ponorogo""]",[],False,candidate_unverified,copy_1d73bcae4949,2021-02-04,21:24,kompas,"[""disruption_candidate""]",kompas_regional,train,1,"Hujan Lebat Guyur Ponorogo, Empat Rumah Tertimbun Longsor News 4 Februari 2021",https://regional.kompas.com/read/2021/02/04/21242031/hujan-lebat-guyur-ponorogo-empat-rumah-tertimbun-longsor
ann_2a43b6388c59,1578,True,[],"[""DisasterEvent"", ""WeatherDisruption""]","[""lumajang""]","[""CrisisPreparednessAction""]",False,candidate_unverified,copy_31f34044c8dc,2025-02-10,23:36,beritajatim,"[""disruption_candidate""]",beritajatim,validation,1,Waspada! BNPB Sebut Cuaca Ekstrem dan Hujan Angin masih Mengintai Jawa Timur,https://beritajatim.com/waspada-bnpb-sebut-cuaca-ekstrem-dan-hujan-angin-masih-mengintai-jawa-timur
ann_2a6695e07273,2234,False,[],"[""DisasterEvent""]","[""malang""]",[],False,candidate_unverified,copy_b53912309ff6,2024-11-30,14:16,kompas,"[""disruption_candidate""]",kompas_regional,train,1,"Air Laut Masih Pasang, BPBD Malang Tak Bisa Sedot Banjir di Kampung Raas Regional 30 November 2024",https://surabaya.kompas.com/read/2024/11/30/141635878/air-laut-masih-pasang-bpbd-malang-tak-bisa-sedot-banjir-di-kampung-raas
ann_2a8c2af3c8a9,2210,False,[],"[""DisasterEvent""]","[""blitar""]",[],False,candidate_unverified,copy_85f8d97a2afa,2026-02-03,10:49,kompas,"[""disruption_candidate""]",kompas_regional,test,1,3 Motor Hangus dalam Kebakaran Rumah di Blitar Regional 3 Februari 2026,https://surabaya.kompas.com/read/2026/02/03/104918178/3-motor-hangus-dalam-kebakaran-rumah-di-blitar
ann_2aa82728ac53,1545,False,[],"[""DisasterEvent""]","[""banyuwangi""]","[""DistributionIntervention""]",False,candidate_unverified,copy_ad65e6e31766,2023-02-11,14:29,kompas,"[""response_query""]",kompas_regional,train,1,"Banjir di Banyuwangi, 877 Rumah Terendam Regional 11 Februari 2023",https://regional.kompas.com/read/2023/02/11/142951978/banjir-di-banyuwangi-877-rumah-terendam
ann_2addda3d14b5,2229,True,[],"[""DisasterEvent"", ""WeatherDisruption""]","[""pamekasan""]","[""CrisisPreparednessAction""]",False,candidate_unverified,copy_72bcca5edb89,2026-03-29,15:06,kompas,"[""response_query""]",kompas_regional,test,1,"Jalan Desa Ambles Akibat Longsor, Akses 2 Dusun di Pamekasan Terputus Regional 29 Maret 2026",https://surabaya.kompas.com/read/2026/03/29/150615378/jalan-desa-ambles-akibat-longsor-akses-2-dusun-di-pamekasan-terputus
ann_2aeeedb5ca20,2536,False,"[""chili"", ""cooking_oil"", ""corn"", ""rice"", ""shallot"", ""sugar""]","[""ProductionDisruption""]","[""gresik""]",[],False,candidate_unverified,copy_cad668f88507,2021-10-17,18:11,kompas,"[""disruption_candidate""]",kompas_money,train,1,"Program Makmur Integrasikan Petani dengan BUMN, Erick Thohir: Tidak Mungkin Kita Berdiri Sendiri Money 17 Oktober 2021",https://money.kompas.com/read/2021/10/17/181158626/program-makmur-integrasikan-petani-dengan-bumn-erick-thohir-tidak-mungkin-kita
ann_2b076dbb5c23,3147,False,"[""broad_food"", ""chili"", ""rice""]","[""SupplyShortage""]","[""malang""]","[""InspectionEnforcement""]",False,candidate_unverified,copy_49d392936413,2023-11-13,16:57,beritajatim,"[""disruption_candidate""]",beritajatim,train,1,Satgas Pangan Polres Malang Pastikan Stok Bahan Pokok Aman,https://beritajatim.com/satgas-pangan-polres-malang-pastikan-stok-bahan-pokok-aman
ann_2b0a5ae8383a,2087,False,[],"[""DisasterEvent""]","[""malang""]",[],False,candidate_unverified,copy_4ae5a62edfee,2024-12-06,10:24,beritajatim,"[""disruption_candidate""]",beritajatim,train,1,Pakar UB: Banjir di Kota Malang Harusnya Bisa Dicegah,https://beritajatim.com/pakar-ub-banjir-di-kota-malang-harusnya-bisa-dicegah
ann_2b7f914b1583,6004,True,"[""corn"", ""rice"", ""sugar""]","[""PestDiseaseEvent""]","[""gresik"", ""malang""]",[],False,candidate_unverified,copy_81bf7c7b1c88,2023-09-29,21:38,beritajatim,"[""disruption_candidate""]",beritajatim,train,1,Petrokimia Gresik Upaya Pertahankan Jatim sebagai Lumbung Gula Nasional,https://beritajatim.com/petrokimia-gresik-upaya-pertahankan-jatim-sebagai-lumbung-gula-nasional
ann_2b816ed76263,3089,False,[],"[""DisasterEvent""]","[""gresik""]","[""CrisisPreparednessAction"", ""ProcurementAction""]",False,candidate_unverified,copy_f359d6f64f87,2025-05-22,,kontan,"[""response_query""]",kontan,validation,0,Freeport Indonesia Ungkap Produksi Katoda Tembaga Mulai Minggu ke-4 Bulan Juni 2025,https://industri.kontan.co.id/news/freeport-indonesia-ungkap-produksi-katoda-tembaga-mulai-minggu-ke-4-bulan-juni-2025
ann_2b88e8196e1f,3399,False,"[""broad_food"", ""chili""]","[""DisasterEvent""]","[""lumajang""]","[""CrisisPreparednessAction""]",False,candidate_unverified,copy_333a9f4df0f0,2021-12-08,19:44,kompas,"[""disruption_candidate""]",kompas_regional,train,1,"Harga Cabai di Pontianak Capai Rp 120.000 per Kg, Naik karena Banjir Regional 8 Desember 2021",https://regional.kompas.com/read/2021/12/08/194439978/harga-cabai-di-pontianak-capai-rp-120000-per-kg-naik-karena-banjir
ann_2b94f6666f26,2042,False,[],"[""DisasterEvent"", ""WeatherDisruption""]","[""sampang""]","[""CrisisPreparednessAction""]",False,candidate_unverified,copy_acae47909acd,2026-05-01,18:46,beritajatim,"[""disruption_candidate""]",beritajatim,test,1,"Cuaca Ekstrem Ancam Sampang Saat Peralihan Musim, BPBD Waspadai Angin Kencang dan Puting Beliung",https://beritajatim.com/cuaca-ekstrem-ancam-sampang-saat-peralihan-musim-bpbd-waspadai-angin-kencang-dan-puting-beliung
ann_2bf4cf8f152e,3179,True,"[""chili"", ""cooking_oil"", ""rice"", ""sugar""]","[""DisasterEvent""]","[""surabaya""]","[""DistributionIntervention"", ""FoodAssistance""]",False,candidate_unverified,copy_6acd880d9fd0,2025-12-16,20:13,kompas,"[""disruption_candidate""]",kompas_regional,validation,1,"Gubsu Bobby Terima Bantuan Logistik Kementan–Bapanas, 25 Truk Siap Distribusi Regional 16 Desember 2025",https://regional.kompas.com/read/2025/12/16/201302478/gubsu-bobby-terima-bantuan-logistik-kementanbapanas-25-truk-siap-distribusi
ann_2c0223ad1361,2867,False,"[""fish""]","[""SupplyShortage""]","[""banyuwangi"", ""surabaya""]","[""ImportExportAction""]",False,candidate_unverified,copy_da0f8c3b4e07,2025-10-27,,kontan,"[""disruption_candidate""]",kontan,validation,0,"Utilisasi Produsen Kaleng Turun, Terdampak Lesunya Produksi Ikan Kaleng",https://industri.kontan.co.id/news/utilisasi-produsen-kaleng-turun-terdampak-lesunya-produksi-ikan-kaleng
ann_2c21f311b64b,2095,False,"[""fish""]","[""DisasterEvent""]","[""lamongan"", ""tuban""]",[],False,candidate_unverified,copy_203ab1887b99,2022-05-27,06:54,kompas,"[""disruption_candidate""]",kompas_regional,train,1,"Hilang 3 Hari, Nelayan Asal Lamongan Ditemukan Tewas Mengapung di Perairan Utara Tuban Regional 27 Mei 2022",https://surabaya.kompas.com/read/2022/05/27/065407778/hilang-3-hari-nelayan-asal-lamongan-ditemukan-tewas-mengapung-di-perairan
ann_2c759e5fc8fe,2040,False,[],"[""DisasterEvent""]","[""jember""]","[""DistributionIntervention""]",False,candidate_unverified,copy_6e0f08a02463,2026-02-04,05:16,kompas,"[""response_query""]",kompas_regional,test,1,"Banjir Bandang di Jember, Warga Diminta Tetap Waspada Bencana Susulan Regional 4 Februari 2026",https://surabaya.kompas.com/read/2026/02/04/051600978/banjir-bandang-di-jember-warga-diminta-tetap-waspada-bencana-susulan
ann_2c7fa6af4f44,2340,True,"[""broad_food"", ""rice""]","[""ProductionDisruption"", ""WeatherDisruption""]","[""sidoarjo""]","[""CrisisPreparednessAction""]",False,candidate_unverified,copy_5c91b4abf436,2023-08-25,12:23,beritajatim,"[""disruption_candidate""]",beritajatim,train,1,Musim Kemarau Mengancam Sektor Pertanian Sidoarjo,https://beritajatim.com/musim-kemarau-mengancam-sektor-pertanian-sidoarjo
ann_2d3c969f978e,1579,False,[],"[""DisasterEvent""]","[""kediri""]",[],False,candidate_unverified,copy_7761eeb95bf7,2022-06-19,21:07,beritajatim,"[""disruption_candidate""]",beritajatim,train,1,"Berangkat Padamkan Kebakaran, Mobil Damkar Hantam Pagar Sekolah di Kediri",https://beritajatim.com/berangkat-padamkan-kebakaran-mobil-damkar-hantam-pagar-sekolah-di-kediri
ann_2d946c57df5f,3629,False,"[""broad_food"", ""cooking_oil"", ""sugar""]","[""DisasterEvent"", ""SupplyShortage""]","[""lamongan""]","[""InspectionEnforcement"", ""MarketOperationAction""]",False,candidate_unverified,copy_4d2e1da83021,2022-02-01,18:29,beritajatim,"[""disruption_candidate""]",beritajatim,train,1,"Minyak Goreng Masih Langka, Diduga Ada Permainan Oknum",https://beritajatim.com/minyak-goreng-masih-langka-diduga-ada-permainan-oknum
ann_2db8ce52d4e3,1852,False,[],"[""DisasterEvent""]","[""lumajang""]","[""CrisisPreparednessAction""]",False,candidate_unverified,copy_13a106bce031,2025-11-19,23:09,beritajatim,"[""disruption_candidate""]",beritajatim,validation,1,"Erupsi Gunung Semeru, 547 Warga Mengungsi di Dua Kecamatan Lumajang",https://beritajatim.com/erupsi-gunung-semeru-547-warga-mengungsi-di-dua-kecamatan-lumajang
ann_2e060dcd19e1,2304,True,"[""broad_food"", ""rice""]","[""WeatherDisruption""]","[""lamongan""]","[""DistributionIntervention"", ""FoodAssistance"", ""ProductionAssistance""]",False,candidate_unverified,copy_b9114cb99e76,2024-06-06,15:43,beritajatim,"[""disruption_candidate""]",beritajatim,train,1,"Tahap Kedua, 97.771 KPM di Lamongan Terima Bantuan Beras dari Bapanas",https://beritajatim.com/tahap-kedua-97-771-kpm-di-lamongan-terima-bantuan-beras-dari-bapanas
ann_2e082cfa778b,1797,False,"[""broad_food""]","[""DisasterEvent""]","[""lumajang""]","[""CrisisPreparednessAction""]",False,candidate_unverified,copy_10907aa9447d,2021-12-06,22:53,detik,"[""disruption_candidate"", ""response_query""]",detik_finance,train,1,OJK-IJK Kirim Bantuan Uang & Sembako ke Korban Erupsi Gunung Semeru,https://finance.detik.com/berita-ekonomi-bisnis/d-5843622/ojk-ijk-kirim-bantuan-uang-sembako-ke-korban-erupsi-gunung-semeru
ann_2e26ea8700af,2095,False,"[""buffalo_meat""]","[""PestDiseaseEvent""]","[""malang"", ""surabaya""]",[],False,candidate_unverified,copy_da6ce99866ed,2022-05-11,12:43,beritajatim,"[""disruption_candidate""]",beritajatim,train,1,DPKH Kabupaten Malang Pastikan Belum Ada Wabah PMK pada Ternak,https://beritajatim.com/dpkh-kabupaten-malang-pastikan-belum-ada-wabah-pmk-pada-ternak
ann_2e462e5a0c71,1737,True,"[""corn""]","[""ProductionDisruption"", ""WeatherDisruption""]","[""surabaya""]","[""CrisisPreparednessAction""]",False,candidate_unverified,copy_c49679f3bd91,2023-07-26,16:30,kompas,"[""response_query""]",kompas_regional,train,1,"Hadapi El Nino, Wamentan Jamin Stok Pangan Nasional Aman hingga Akhir Tahun Regional 26 Juli 2023",https://surabaya.kompas.com/read/2023/07/26/163019878/hadapi-el-nino-wamentan-jamin-stok-pangan-nasional-aman-hingga-akhir-tahun
ann_2e6e2c49379f,1612,False,[],"[""DisasterEvent""]","[""gresik""]",[],False,candidate_unverified,copy_9fb55b28f0d2,2025-04-23,07:46,beritajatim,"[""disruption_candidate""]",beritajatim,validation,1,Warga Pulau Bawean Gresik Terima Bantuan Ratusan Unit Rumah Tahan Gempa,https://beritajatim.com/warga-pulau-bawean-gresik-terima-bantuan-ratusan-unit-rumah-tahan-gempa
ann_2e774cc15479,1846,False,"[""rice""]","[""WeatherDisruption""]",[],[],False,candidate_unverified,copy_e9307b99397b,2023-11-01,21:12,kompas,"[""disruption_candidate""]",kompas_money,train,1,Perpadi: 40 Persen Penggilingan Padi Tutup Money 1 November 2023,https://money.kompas.com/read/2023/11/01/211200326/perpadi--40-persen-penggilingan-padi-tutup
ann_2e787d46e820,2382,False,"[""rice""]","[""ProductionDisruption"", ""WeatherDisruption""]",[],[],False,candidate_unverified,copy_e424f483d092,2023-10-16,,kontan,"[""disruption_candidate""]",kontan,train,0,Buyung Poetra (HOKI) Ekspansi Produk Beras Sehat & Beras Berbumbu,https://investasi.kontan.co.id/news/buyung-poetra-hoki-ekspansi-produk-beras-sehat-beras-berbumbu
ann_2ead11833831,3259,False,[],"[""SupplyShortage""]","[""pasuruan"", ""probolinggo"", ""surabaya""]","[""CrisisPreparednessAction""]",False,candidate_unverified,copy_dd26dbb6a2d7,2021-07-07,20:45,detik,"[""disruption_candidate"", ""response_query""]",detik_finance,train,1,"Rapat Bareng BUMN Farmasi, DPR Sorot Stok Obat dan Kebut Test Corona",https://finance.detik.com/industri/d-5634946/rapat-bareng-bumn-farmasi-dpr-sorot-stok-obat-dan-kebut-test-corona
ann_2eaf8b7bff27,4677,False,[],"[""SupplyShortage""]","[""probolinggo""]","[""DistributionIntervention""]",False,candidate_unverified,copy_96333d03c1a4,2021-11-29,,kontan,"[""disruption_candidate""]",kontan,train,0,"PJB inovasi trichokompos, produktivitas petani kopi Desa Andungbiru makin tinggi",https://industri.kontan.co.id/news/pjb-inovasi-trichokompos-produktivitas-petani-kopi-desa-andungbiru-makin-tinggi
ann_2eb30ba8581d,4042,False,"[""beef"", ""broad_food"", ""chicken_eggs"", ""chicken_meat"", ""chili"", ""rice"", ""sugar""]","[""ProductionDisruption"", ""WeatherDisruption""]","[""sumenep""]","[""InspectionEnforcement""]",False,candidate_unverified,copy_006f15a347b8,2026-02-18,12:00,beritajatim,"[""disruption_candidate""]",beritajatim,test,1,Harga Cabai Rawit di Sumenep Tembus Rp105 Ribu Per Kg Jelang Ramadan 2026,https://beritajatim.com/harga-cabai-rawit-di-sumenep-tembus-rp105-ribu-per-kg-jelang-ramadan-2026
ann_2edd34ca1daf,3216,False,"[""rice""]","[""PestDiseaseEvent""]","[""lamongan""]","[""ProductionAssistance""]",False,candidate_unverified,copy_91db5bbd5dab,2023-06-11,23:14,beritajatim,"[""disruption_candidate"", ""response_query""]",beritajatim,train,1,Kabupaten Lamongan Terima 1 Ton Benih Padi dari BSIP Jatim,https://beritajatim.com/kabupaten-lamongan-terima-1-ton-benih-padi-dari-bsip-jatim
ann_2ee9911e47a5,1854,False,[],"[""DisasterEvent""]","[""lumajang""]",[],False,candidate_unverified,copy_6fdc6de750f3,2025-09-11,14:42,beritajatim,"[""disruption_candidate""]",beritajatim,validation,1,"Dampak Banjir Lahar Semeru, Jembatan Rusak dan Siswa SD di Lumajang Tak Bisa Sekolah",https://beritajatim.com/dampak-banjir-lahar-semeru-jembatan-rusak-dan-siswa-sd-di-lumajang-tak-bisa-sekolah
ann_2ef0f4952427,2232,False,"[""rice""]","[""ProductionDisruption""]","[""trenggalek""]",[],False,candidate_unverified,copy_d43be3e800e6,2021-12-01,23:05,detik,"[""disruption_candidate""]",detik_news,train,1,"Ketua DPD Optimistis Impor Beras Bisa Dihentikan, Asal...",https://news.detik.com/berita/d-5836547/ketua-dpd-optimistis-impor-beras-bisa-dihentikan-asal
ann_2ef8fbc474aa,1892,False,"[""beef"", ""broad_food"", ""chicken_eggs"", ""chili"", ""cooking_oil"", ""rice"", ""shallot"", ""sugar""]","[""SupplyShortage""]",[],[],False,candidate_unverified,copy_f4c8dda5c416,2023-04-19,,kontan,"[""disruption_candidate""]",kontan,train,0,Mentan Pastikan Stok Pangan Jelang Lebaran Aman,https://nasional.kontan.co.id/news/mentan-pastikan-stok-pangan-jelang-lebaran-aman
ann_2f2400f2c4f4,3124,False,"[""broad_food"", ""cooking_oil"", ""rice"", ""sugar""]","[""DisasterEvent""]","[""batu"", ""gresik"", ""malang""]",[],False,candidate_unverified,copy_a0b75afac093,2021-11-06,00:00,beritajatim,"[""disruption_candidate""]",beritajatim,train,1,BUMN Jatim Saling Bersinergi Peduli Bencana Banjir Bandang,https://beritajatim.com/bumn-jatim-saling-bersinergi-peduli-bencana-banjir-bandang
ann_2f350034d3a7,2795,False,"[""fish""]","[""DisasterEvent"", ""WeatherDisruption""]",[],[],False,candidate_unverified,copy_5000bbc392f6,2025-12-12,,kontan,"[""disruption_candidate""]",kontan,validation,0,"Bibit Siklon 93S Muncul, BMKG Ingatkan Hujan Lebat dan Gelombang Tinggi",https://nasional.kontan.co.id/news/bibit-siklon-93s-muncul-bmkg-ingatkan-hujan-lebat-dan-gelombang-tinggi
ann_2f5869989524,2089,True,"[""broad_food"", ""fish""]","[""WeatherDisruption""]","[""ponorogo""]",[],False,candidate_unverified,copy_3abab767d3f0,2025-02-07,08:12,kompas,"[""disruption_candidate""]",kompas_regional,validation,1,"Fenomena Upwelling Sebabkan Ribuan Ikan Nila Mati di Telaga Ngebel Ponorogo, Apa Itu? Regional 7 Februari 2025",https://surabaya.kompas.com/read/2025/02/07/081241778/fenomena-upwelling-sebabkan-ribuan-ikan-nila-mati-di-telaga-ngebel-ponorogo
ann_2f8617a2d19d,1173,False,[],"[""DisasterEvent""]","[""jember""]","[""CrisisPreparednessAction"", ""DistributionIntervention""]",False,candidate_unverified,copy_012f95ee3b8c,2023-05-10,,kontan,"[""disruption_candidate"", ""response_query""]",kontan,train,0,"Hingga 2 Mei, Pemerintah Salurkan Bansos Korban Bencana Alam Rp 13 Miliar",https://nasional.kontan.co.id/news/hingga-2-mei-pemerintah-salurkan-bansos-korban-bencana-alam-rp-13-miliar
ann_2f9d6d75acf4,1813,False,"[""chili""]","[""DisasterEvent""]","[""lumajang""]",[],False,candidate_unverified,copy_1e925a245dd8,2025-12-08,15:36,beritajatim,"[""disruption_candidate""]",beritajatim,validation,1,"Banjir Lahar Semeru Rusak 15 Bangunan di Satu Dusun Lumajang, Rumah Tertimbun Material Vulkanik Setinggi 4 Meter",https://beritajatim.com/banjir-lahar-semeru-rusak-15-bangunan-di-satu-dusun-lumajang-rumah-tertimbun-material-vulkanik-setinggi-4-meter
ann_304ba9c74232,1715,False,[],"[""DisasterEvent"", ""WeatherDisruption""]","[""madiun""]",[],False,candidate_unverified,copy_eca2776fe805,2024-11-18,17:33,beritajatim,"[""disruption_candidate""]",beritajatim,train,1,"Selain Banjir, Kabupaten Madiun Juga Dilanda Tanah Longsor",https://beritajatim.com/selain-banjir-kabupaten-madiun-juga-dilanda-tanah-longsor
ann_3053de847226,3215,False,"[""broad_food"", ""fish"", ""rice""]","[""WeatherDisruption""]","[""lamongan""]",[],False,candidate_unverified,copy_e6b96ddb966e,2022-12-28,10:56,beritajatim,"[""disruption_candidate""]",beritajatim,train,1,DPC HNSI dan Dinas Perikanan Lamongan Beri Sembako ke Nelayan,https://beritajatim.com/dpc-hnsi-dan-dinas-perikanan-lamongan-beri-sembako-ke-nelayan
ann_306328313f0d,4463,False,"[""corn"", ""rice"", ""soybean""]","[""DisasterEvent"", ""SupplyShortage"", ""WeatherDisruption""]","[""blitar"", ""situbondo"", ""surabaya""]",[],False,candidate_unverified,copy_d8f1740e3ee1,2023-06-21,19:27,beritajatim,"[""disruption_candidate""]",beritajatim,train,1,Khofifah: Peningkatan Produktivitas Pertanian Selaras Kesejahteraan Petani,https://beritajatim.com/khofifah-peningkatan-produktivitas-pertanian-selaras-kesejahteraan-petani
ann_30699065baed,2260,False,[],"[""DisasterEvent""]","[""blitar"", ""malang""]",[],False,candidate_unverified,copy_7f130890665d,2024-11-16,20:16,kompas,"[""disruption_candidate""]",kompas_regional,train,1,"Hujan dan Angin Kencang di Malang: Pohon Tumbang, Rumah Rusak Regional 16 November 2024",https://surabaya.kompas.com/read/2024/11/16/201637278/hujan-dan-angin-kencang-di-malang-pohon-tumbang-rumah-rusak
ann_308038c7f912,2719,True,[],"[""DisasterEvent"", ""WeatherDisruption""]","[""bangkalan"", ""banyuwangi"", ""batu"", ""blitar"", ""bojonegoro"", ""bondowoso"", ""gresik"", ""jember"", ""jombang"", ""kediri"", ""lamongan"", ""lumajang"", ""magetan"", ""malang"", ""mojokerto"", ""ngawi"", ""pamekasan"", ""pasuruan"", ""probolinggo"", ""sampang"", ""sidoarjo"", ""situbondo"", ""sumenep"", ""surabaya"", ""tuban""]",[],False,candidate_unverified,copy_1d833dd13aef,2025-12-08,07:09,kompas,"[""disruption_candidate""]",kompas_regional,validation,1,"Hadapi Cuaca Ekstrem, Khofifah Perintahkan Modifikasi Cuaca di Jatim Regional 8 Desember 2025",https://surabaya.kompas.com/read/2025/12/08/070911978/hadapi-cuaca-ekstrem-khofifah-perintahkan-modifikasi-cuaca-di-jatim
ann_3087329c958c,1578,False,[],"[""DisasterEvent""]","[""lumajang""]","[""CrisisPreparednessAction""]",False,candidate_unverified,copy_0ce49c101f6c,2023-03-24,21:32,kompas,"[""response_query""]",kompas_regional,train,1,BPBD Lumajang Minta Warga Terisolasi akibat Banjir Lahar Semeru Bersedia Dievakuasi Regional 24 Maret 2023,https://regional.kompas.com/read/2023/03/24/213227578/bpbd-lumajang-minta-warga-terisolasi-akibat-banjir-lahar-semeru-bersedia
ann_30a975816e35,2596,False,"[""broad_food"", ""rice""]","[""DisasterEvent"", ""PestDiseaseEvent"", ""SupplyShortage""]","[""mojokerto"", ""ngawi""]",[],False,candidate_unverified,copy_f39c05fb9d87,2022-07-31,,kontan,"[""disruption_candidate""]",kontan,train,0,Wilmar Padi Indonesia Targetkan Kemitraan 1.000 ha Lahan Padi di Luar Jawa,https://industri.kontan.co.id/news/wilmar-padi-indonesia-targetkan-kemitraan-1000-ha-lahan-padi-di-luar-jawa
ann_30c119f366ab,1561,False,[],"[""DisasterEvent""]","[""trenggalek""]",[],False,candidate_unverified,copy_79904d9258e8,2022-10-19,15:19,beritajatim,"[""disruption_candidate""]",beritajatim,train,1,Daya Tampung Bendungan Tugu Melampaui Kapasitas 2 Juta Kubik Air Saat Banjir Trenggalek Terjadi,https://beritajatim.com/banjir-trenggalek-bendungan-tugu-sudah-tampung-2-juta-meter-kubik-air
ann_30cbce59a22d,2511,False,"[""rice""]","[""WeatherDisruption""]","[""ngawi""]",[],False,candidate_unverified,copy_54bf8087c44d,2026-04-04,15:15,beritajatim,"[""disruption_candidate""]",beritajatim,test,1,"Panen Perdana di Ngawi, Bulog Pastikan Harga Gabah di Atas Ketentuan Pemerintah",https://beritajatim.com/panen-perdana-di-ngawi-bulog-pastikan-harga-gabah-di-atas-ketentuan-pemerintah
ann_30e76bfa2b3a,1214,False,[],"[""DisasterEvent""]","[""blitar"", ""bondowoso"", ""lumajang"", ""malang"", ""pacitan"", ""trenggalek""]",[],False,candidate_unverified,copy_fc502ff72494,2023-01-17,,kontan,"[""disruption_candidate""]",kontan,train,0,"BMKG Mencatat Gempa Terkini Magnitudo 5,1 di Lumajang, Malang, sampai Bondowoso",https://regional.kontan.co.id/news/bmkg-mencatat-gempa-terkini-magnitudo-51-di-lumajang-malang-sampai-bondowoso
ann_30e9055bb994,1329,False,[],"[""DisasterEvent""]","[""trenggalek""]",[],False,candidate_unverified,copy_85fccefb5e47,2021-11-07,21:52,detik,"[""disruption_candidate""]",detik_news,train,1,Longsor Dua Titik di Trenggalek Jebol Rumah Warga-Tutup Akses Jalan,https://news.detik.com/berita-jawa-timur/d-5801177/longsor-dua-titik-di-trenggalek-jebol-rumah-warga-tutup-akses-jalan
ann_30f5ba4c6d63,609,False,[],"[""DisasterEvent""]","[""blitar""]",[],False,candidate_unverified,copy_cebd038b4261,2023-07-21,21:22,detik,"[""disruption_candidate""]",detik_news,train,1,"Gempa M 4,1 Terjadi di Blitar Jatim",https://news.detik.com/berita/d-6835144/gempa-m-4-1-terjadi-di-blitar-jatim
ann_3109a801cc7d,1684,True,"[""rice""]","[""WeatherDisruption""]","[""surabaya""]","[""CrisisPreparednessAction"", ""DistributionIntervention"", ""ProductionAssistance""]",False,candidate_unverified,copy_bb3d0bcc0e92,2024-05-04,10:15,kompas,"[""disruption_candidate""]",kompas_money,train,1,"Antisipasi Darurat Pangan, Kementan Bagikan Pompa Irigasi Gratis di Jawa Timur Money 4 Mei 2024",https://money.kompas.com/read/2024/05/04/101500226/antisipasi-darurat-pangan-kementan-bagikan-pompa-irigasi-gratis-di-jawa-timur
ann_3111f2ff2325,1685,False,[],"[""DisasterEvent"", ""WeatherDisruption""]","[""jombang""]",[],False,candidate_unverified,copy_62b8962a3115,2022-03-11,22:02,kompas,"[""disruption_candidate""]",kompas_regional,train,1,"Banjir Melanda 22 Desa di Jombang, BPBD: Beberapa Titik di Kecamatan Ploso Mulai Surut Regional 11 Maret 2022",https://surabaya.kompas.com/read/2022/03/11/220226378/banjir-melanda-22-desa-di-jombang-bpbd-beberapa-titik-di-kecamatan-ploso
ann_313802ea65a1,1708,False,"[""cooking_oil""]","[""DisasterEvent""]","[""surabaya""]",[],False,candidate_unverified,copy_67fc6081cca6,2021-08-24,17:10,kompas,"[""disruption_candidate""]",kompas_regional,train,1,"Cerita Korban Kebakaran Pasar Kembang Surabaya, Tersisa Tepung dan Minyak Goreng hingga Bingung Tempat untuk Jualan Regional 24 Agustus 2021",https://regional.kompas.com/read/2021/08/24/171000278/cerita-korban-kebakaran-pasar-kembang-surabaya-tersisa-tepung-dan-minyak
ann_3171e7910d57,2395,False,[],"[""DisasterEvent""]","[""kediri"", ""malang""]",[],False,candidate_unverified,copy_2d1d31cc0700,2021-04-10,16:20,kompas,"[""disruption_candidate""]",kompas_regional,train,1,"Gempa M 6,7 Guncang Malang, Warga di Kediri Sempat Panik, Berhamburan Keluar Rumah Regional 10 April 2021",https://regional.kompas.com/read/2021/04/10/162044978/gempa-m-67-guncang-malang-warga-di-kediri-sempat-panik-berhamburan-keluar
ann_31dbec88f019,1984,False,"[""broad_food"", ""chili""]","[""DisasterEvent""]","[""kediri"", ""ngawi""]",[],False,candidate_unverified,copy_d1d3d25ca89b,2025-01-10,13:10,kompas,"[""disruption_candidate""]",kompas_money,validation,1,Bapanas Sebut Harga Cabai Akan Turun pada Februari Money 10 Januari 2025,https://money.kompas.com/read/2025/01/10/131000226/bapanas-sebut-harga-cabai-akan-turun-pada-februari
ann_31e89caa769e,2361,False,[],"[""DisasterEvent""]","[""gresik""]",[],False,candidate_unverified,copy_749f54a7af7b,2025-08-29,20:09,kompas,"[""disruption_candidate""]",kompas_money,validation,1,Bahlil: Freeport Belum Ajukan Perpanjangan Izin Ekspor Konsentrat Tembaga Money 29 Agustus 2025,https://money.kompas.com/read/2025/08/29/200936126/bahlil-freeport-belum-ajukan-perpanjangan-izin-ekspor-konsentrat-tembaga
ann_31eeff4b2c17,2252,False,"[""beef""]","[""PestDiseaseEvent""]","[""malang""]",[],False,candidate_unverified,copy_54532d8cd069,2022-08-03,14:50,beritajatim,"[""disruption_candidate""]",beritajatim,train,1,Mahasiswa UMM Bantu Pemkab Malang Tangani Wabah PMK,https://beritajatim.com/mahasiswa-umm-bantu-pemkab-malang-tangani-wabah-pmk
ann_3211aa313426,1519,False,[],"[""DisasterEvent""]","[""kediri"", ""lumajang"", ""malang""]",[],False,candidate_unverified,copy_733a5724483d,2025-11-19,22:23,detik,"[""disruption_candidate""]",detik_news,validation,1,"Pasutri di Lumajang Kena Awan Panas Saat Semeru Erupsi, Alami Luka Bakar 20%",https://news.detik.com/berita/d-8219167/pasutri-di-lumajang-kena-awan-panas-saat-semeru-erupsi-alami-luka-bakar-20
ann_3255f9742ffc,2442,True,"[""broad_food""]","[""DisasterEvent""]","[""blitar"", ""magetan""]",[],False,candidate_unverified,copy_79da1fb06c90,2025-01-28,16:51,kompas,"[""disruption_candidate""]",kompas_regional,validation,1,Warga Magetan Korban Longsor di Bali Dapat Santunan Biaya Usaha dan Pendidikan Regional 28 Januari 2025,https://surabaya.kompas.com/read/2025/01/28/165138278/warga-magetan-korban-longsor-di-bali-dapat-santunan-biaya-usaha-dan
ann_328c9ede41d2,1632,False,[],"[""DisasterEvent"", ""ProductionDisruption""]","[""gresik""]",[],False,candidate_unverified,copy_125d6d30cefc,2025-03-07,15:36,kompas,"[""disruption_candidate""]",kompas_money,validation,1,Pemerintah Beri Freeport Kuota Ekspor 1 Juta Ton Konsentrat Tembaga Money 7 Maret 2025,https://money.kompas.com/read/2025/03/07/153629326/pemerintah-beri-freeport-kuota-ekspor-1-juta-ton-konsentrat-tembaga
ann_32b397917868,3112,False,"[""rice""]","[""DisasterEvent"", ""ProductionDisruption"", ""WeatherDisruption""]",[],"[""CrisisPreparednessAction""]",False,candidate_unverified,copy_14deadaff71d,2023-08-08,14:10,kompas,"[""disruption_candidate""]",kompas_money,train,1,Kementan: 2.269 Hektar Tanaman Padi Terancam Gagal Panen karena El Nino Money 8 Agustus 2023,https://money.kompas.com/read/2023/08/08/141000826/kementan--2.269-hektar-tanaman-padi-terancam-gagal-panen-karena-el-nino
ann_32ce2d8f3741,2380,False,[],"[""DisasterEvent"", ""WeatherDisruption""]","[""bangkalan"", ""banyuwangi"", ""blitar"", ""bojonegoro"", ""bondowoso"", ""gresik"", ""jember"", ""jombang"", ""kediri"", ""lamongan"", ""lumajang"", ""madiun"", ""magetan"", ""malang"", ""mojokerto"", ""nganjuk"", ""ngawi"", ""pacitan"", ""pamekasan"", ""pasuruan"", ""ponorogo"", ""probolinggo"", ""sampang"", ""sidoarjo"", ""situbondo"", ""sumenep"", ""surabaya"", ""trenggalek"", ""tuban"", ""tulungagung""]",[],False,candidate_unverified,copy_590dba96e69f,2026-03-04,06:07,kompas,"[""disruption_candidate""]",kompas_regional,test,1,BMKG Juanda Prediksi Cuaca Ekstrem di Jatim Hingga Sepekan ke Depan Regional 4 Maret 2026,https://surabaya.kompas.com/read/2026/03/04/060746178/bmkg-juanda-prediksi-cuaca-ekstrem-di-jatim-hingga-sepekan-ke-depan
ann_32cf1a880af5,2095,False,[],"[""DisasterEvent""]","[""lumajang""]",[],False,candidate_unverified,copy_2074f38bef46,2022-12-04,23:17,kompas,"[""disruption_candidate""]",kompas_regional,train,1,Dusun Kajar Kuning di Lumajang Tertimbun Material Abu Vulkanik Erupsi Semeru Regional 4 Desember 2022,https://regional.kompas.com/read/2022/12/04/231711778/dusun-kajar-kuning-di-lumajang-tertimbun-material-abu-vulkanik-erupsi
ann_333833bec8b4,3369,False,"[""broad_food"", ""rice""]","[""WeatherDisruption""]","[""probolinggo""]","[""MarketOperationAction""]",False,candidate_unverified,copy_42ba02e9fda2,2024-02-23,06:26,kompas,"[""disruption_candidate""]",kompas_regional,train,1,Harga Beras Terus Naik di Negara Agraris Regional 23 Februari 2024,https://regional.kompas.com/read/2024/02/23/062600878/harga-beras-terus-naik-di-negara-agraris
ann_337b3c1d26a7,2662,False,"[""rice""]","[""DisasterEvent"", ""WeatherDisruption""]","[""jember""]","[""CrisisPreparednessAction""]",False,candidate_unverified,copy_b7da74b598b4,2023-07-04,12:35,beritajatim,"[""disruption_candidate""]",beritajatim,train,1,Ada 32 Desa di Jember Rawan Kekeringan,https://beritajatim.com/ada-32-desa-di-jember-rawan-kekeringan
ann_3392bcaf5819,1960,True,"[""rice""]","[""DisasterEvent"", ""WeatherDisruption""]","[""banyuwangi""]","[""CrisisPreparednessAction"", ""DistributionIntervention""]",False,candidate_unverified,copy_66498776a05a,2023-10-11,13:26,beritajatim,"[""disruption_candidate""]",beritajatim,train,1,"Terdampak Kekeringan, Banyuwangi Bakal Cari Sumber Air Baru",https://beritajatim.com/terdampak-kekeringan-banyuwangi-bakal-cari-sumber-air-baru
ann_33a03b38cee3,2630,True,[],"[""PestDiseaseEvent""]","[""batu"", ""malang"", ""mojokerto"", ""surabaya""]","[""CrisisPreparednessAction""]",False,candidate_unverified,copy_fd38ee61ae6d,2022-07-03,,kontan,"[""disruption_candidate""]",kontan,train,0,"Cegah Penularan Penyakit Mulut dan Kuku (PMK) pada Ternak, Kementan Gelar Pelatihan",https://industri.kontan.co.id/news/cegah-penularan-penyakit-mulut-dan-kuku-pmk-pada-ternak-kementan-gelar-pelatihan
ann_33b9737180c7,3104,False,"[""broad_food"", ""rice""]","[""SupplyShortage""]","[""banyuwangi"", ""gresik""]","[""DistributionIntervention"", ""OtherResponseAction""]",False,candidate_unverified,copy_b01618a30978,2026-05-15,07:04,beritajatim,"[""disruption_candidate""]",beritajatim,test,1,"Menko Zulhas Rembuk Tani di Banyuwangi, Diskusi Terkait Distribusi Pupuk dan Harga Gabah",https://beritajatim.com/menko-zulhas-rembuk-tani-di-banyuwangi-diskusi-terkait-distribusi-pupuk-dan-harga-gabah
ann_341cfa35702c,2333,False,[],"[""DisasterEvent""]","[""banyuwangi"", ""probolinggo"", ""situbondo""]",[],False,candidate_unverified,copy_8126f6845402,2024-08-23,,kontan,"[""disruption_candidate""]",kontan,train,0,Jasamarga Probolinggo Banyuwangi Terapkan Prinsip Berkelanjutan di Ruas Tol-nya,https://jelajahekonomi.kontan.co.id/news/jasamarga-probolinggo-banyuwangi-terapkan-prinsip-berkelanjutan-di-ruas-tol-nya
ann_344dc8ece627,4732,False,"[""broad_food"", ""rice""]","[""ProductionDisruption"", ""WeatherDisruption""]","[""malang""]",[],False,candidate_unverified,copy_8e70ede41287,2022-04-07,19:20,beritajatim,"[""disruption_candidate""]",beritajatim,train,1,Gubernur Khofifah: Petani Jatim Suplai Ketersediaan Pangan di 16 Provinsi,https://beritajatim.com/gubernur-khofifah-petani-jatim-suplai-ketersediaan-pangan-di-16-provinsi
ann_345817146bf8,1370,False,[],"[""DisasterEvent"", ""WeatherDisruption""]","[""sampang""]","[""CrisisPreparednessAction""]",False,candidate_unverified,copy_cf65539e0f3e,2026-03-30,18:39,beritajatim,"[""disruption_candidate""]",beritajatim,test,1,Waspada Pancaroba: BPBD Sampang Imbau Warga Tingkatkan Kewaspadaan Terhadap Cuaca Ekstrem,https://beritajatim.com/waspada-pancaroba-bpbd-sampang-imbau-warga-tingkatkan-kewaspadaan-terhadap-cuaca-ekstrem
ann_3468a9848dd5,2378,False,[],"[""DisasterEvent""]","[""batu"", ""mojokerto"", ""sidoarjo""]",[],False,candidate_unverified,copy_d06e7c20dc20,2025-04-04,06:44,kompas,"[""disruption_candidate""]",kompas_regional,validation,1,"Jumat Pagi, Pencarian Korban Longsor di Pacet Mojokerto Dilanjutkan Regional 4 April 2025",https://regional.kompas.com/read/2025/04/04/064435178/jumat-pagi-pencarian-korban-longsor-di-pacet-mojokerto-dilanjutkan
ann_35150bedbc53,1193,False,[],"[""DisasterEvent""]","[""jember""]",[],False,candidate_unverified,copy_65779808a1e7,2025-01-17,,kontan,"[""disruption_candidate""]",kontan,validation,0,"Gempa M 3,5 di Jember Robohkan Rumah Warga",https://regional.kontan.co.id/news/gempa-m-35-di-jember-robohkan-rumah-warga
ann_351f5b710301,2338,False,"[""broad_food""]","[""DisasterEvent"", ""WeatherDisruption""]","[""pamekasan""]",[],False,candidate_unverified,copy_66e8960d1bfd,2025-10-14,21:33,beritajatim,"[""disruption_candidate""]",beritajatim,validation,1,Wabup Pamekasan Bantu Warga Terdampak Cuaca Ekstrem di Palengaan,https://beritajatim.com/wabup-pamekasan-bantu-warga-terdampak-cuaca-ekstrem-di-palengaan
ann_355364aa7990,2121,False,"[""broad_food"", ""cooking_oil"", ""corn"", ""rice"", ""sugar""]","[""PestDiseaseEvent""]","[""gresik""]",[],False,candidate_unverified,copy_2a96ae4c8773,2023-09-25,06:31,kompas,"[""disruption_candidate""]",kompas_money,train,1,"Beri Jaminan Penyediaan Pupuk Nonsubsidi, Petrokimia Gresik Klaim Bantu 21.403 Petani Money 25 September 2023",https://money.kompas.com/read/2023/09/25/063100126/beri-jaminan-penyediaan-pupuk-nonsubsidi-petrokimia-gresik-klaim-bantu-21.403
ann_355b8abf209d,2562,False,[],"[""DisasterEvent""]","[""bondowoso"", ""jember""]",[],False,candidate_unverified,copy_06132ceff6f4,2026-01-21,09:20,beritajatim,"[""disruption_candidate""]",beritajatim,test,1,"Sehari, Tiga Kejadian Bencana Terjadi di Bondowoso",https://beritajatim.com/sehari-tiga-kejadian-bencana-terjadi-di-bondowoso
ann_3568c8481879,485,False,[],"[""DisasterEvent""]","[""banyuwangi"", ""lumajang""]",[],False,candidate_unverified,copy_b5ae82edd9d9,2021-09-02,,kontan,"[""disruption_candidate""]",kontan,train,0,"BMKG mencatat gempa terkini magnitudo 3,7 terasa di Banyuwangi, Jatim",https://nasional.kontan.co.id/news/bmkg-mencatat-gempa-terkini-magnitudo-37-terasa-di-banyuwangi-jatim
ann_358d2ece5492,2799,True,[],"[""DisasterEvent"", ""WeatherDisruption""]","[""bojonegoro"", ""sidoarjo""]",[],False,candidate_unverified,copy_7b3eac97955e,2025-12-25,06:44,beritajatim,"[""disruption_candidate""]",beritajatim,validation,1,Waspada Cuaca Ekstrem Natal dan Tahun Baru 2026 di Bojonegoro,https://beritajatim.com/waspada-cuaca-ekstrem-natal-dan-tahun-baru-2026-di-bojonegoro
ann_3595a3dc14f7,1561,False,[],"[""DisasterEvent""]","[""jember"", ""pamekasan"", ""sampang""]",[],False,candidate_unverified,copy_ed58ac175d82,2021-02-24,11:40,kompas,"[""disruption_candidate""]",kompas_regional,train,1,"Detik-detik Longsor Terjang Ponpes di Pamekasan, 3 Santri Tewas, 2 Masih Tertimbun News 24 Februari 2021",https://regional.kompas.com/read/2021/02/24/11404331/detik-detik-longsor-terjang-ponpes-di-pamekasan-3-santri-tewas-2-masih
ann_359e5e74bc7b,1757,False,[],"[""DisasterEvent""]","[""lumajang""]",[],False,candidate_unverified,copy_9b1ea4ebd3d7,2023-02-06,,kontan,"[""disruption_candidate""]",kontan,train,0,"Gunung Semeru Erupsi, Tiga Kecamatan di Lumajang, Jawa Timur Dilanda Hujan Abu",https://regional.kontan.co.id/news/gunung-semeru-erupsi-tiga-kecamatan-di-lumajang-jawa-timur-dilanda-hujan-abu
ann_35a0328a9d76,1687,False,[],"[""DisasterEvent""]","[""situbondo""]","[""CrisisPreparednessAction""]",False,candidate_unverified,copy_3dd08de3930b,2026-01-23,14:51,kompas,"[""disruption_candidate""]",kompas_regional,test,1,"Terdampak Banjir Bandang, Pemkab Situbondo Dirikan Dapur Umum dan Posko Kesehatan Regional 23 Januari 2026",https://surabaya.kompas.com/read/2026/01/23/145106978/terdampak-banjir-bandang-pemkab-situbondo-dirikan-dapur-umum-dan-posko
ann_35a8573b2835,2753,False,"[""broad_food"", ""cooking_oil"", ""rice"", ""wheat""]","[""DisasterEvent""]","[""jember"", ""jombang"", ""surabaya""]",[],False,candidate_unverified,copy_b20b79f58953,2021-02-09,23:13,beritajatim,"[""disruption_candidate""]",beritajatim,train,1,Pengungsi Banjir Jombang Berteriak: Hidup Golkar!,https://beritajatim.com/pengungsi-banjir-jombang-berteriak-hidup-golkar
ann_35aae58d0948,1471,False,[],"[""DisasterEvent""]","[""jombang"", ""malang"", ""mojokerto""]",[],False,candidate_unverified,copy_3d7b736f020d,2023-10-30,15:57,kompas,"[""disruption_candidate""]",kompas_regional,train,1,"316 Hektar Hutan Gunung Anjasmoro Terbakar, Pemadaman Sempat Terkendala Air Regional 30 Oktober 2023",https://surabaya.kompas.com/read/2023/10/30/155716478/316-hektar-hutan-gunung-anjasmoro-terbakar-pemadaman-sempat-terkendala-air
ann_35dd4d400c51,752,False,[],"[""DisasterEvent""]","[""tuban""]",[],False,candidate_unverified,copy_f91a37600529,2024-03-31,22:11,detik,"[""disruption_candidate""]",detik_news,train,1,"Gempa M 4,7 Guncang Laut Tuban Jatim",https://news.detik.com/berita/d-7271107/gempa-m-4-7-guncang-laut-tuban-jatim
ann_35f26604f768,2263,False,[],"[""DisasterEvent""]","[""gresik""]",[],False,candidate_unverified,copy_64761cba31c1,2021-07-17,23:56,bisnis,"[""disruption_candidate""]",bisnis,train,1,"Tambah Pasokan Oksigen Medis, Petrokimia Bakal Buka Lagi Unit Produksi",https://ekonomi.bisnis.com/read/20210717/257/1418959/tambah-pasokan-oksigen-medis-petrokimia-bakal-buka-lagi-unit-produksi
ann_362471c867ac,2896,False,[],"[""DisasterEvent"", ""WeatherDisruption""]","[""pacitan""]","[""InspectionEnforcement""]",False,candidate_unverified,copy_9d6eff6eadf8,2026-01-24,13:15,beritajatim,"[""disruption_candidate""]",beritajatim,test,1,Angin Kencang Terjang Pacitan: 7 Rumah Rusak dan Pohon Tumbang di Tiga Kecamatan,https://beritajatim.com/angin-kencang-terjang-pacitan-7-rumah-rusak-dan-pohon-tumbang-di-tiga-kecamatan
ann_3634b5d5e3c6,2271,False,[],"[""DisasterEvent""]","[""jombang""]",[],False,candidate_unverified,copy_1c2e9c4085d4,2023-02-09,22:39,kompas,"[""disruption_candidate""]",kompas_regional,train,1,"Rumah Warga Jombang Ambruk Diterjang Puting Beliung, Pemilik: Rumah Kayak Diseret Regional 9 Februari 2023",https://surabaya.kompas.com/read/2023/02/09/223955578/rumah-warga-jombang-ambruk-diterjang-puting-beliung-pemilik-rumah-kayak
ann_3656abf870b9,2699,True,"[""rice""]","[""SupplyShortage"", ""WeatherDisruption""]",[],"[""CrisisPreparednessAction"", ""ProcurementAction""]",False,candidate_unverified,copy_34a177cd1145,2024-07-31,,kontan,"[""response_query""]",kontan,train,0,"Ada demurrage, Megawati: Pemerintah Jangan Andalkan Impor Beras, Fokus Urus Pangan",https://nasional.kontan.co.id/news/megawati-sebut-pemerintah-jangan-andalkan-impor-beras-fokuslah-urus-pangan
ann_36b04fc5d671,2262,False,"[""broad_food"", ""fish"", ""rice""]","[""DisasterEvent"", ""PestDiseaseEvent"", ""ProductionDisruption""]","[""ponorogo""]","[""CrisisPreparednessAction""]",False,candidate_unverified,copy_4f51ab991254,2021-02-08,08:00,kompas,"[""disruption_candidate""]",kompas_money,train,1,"Puluhan Hektare Sawah Terendam Banjir, Mentan Imbau Petani Ponorogo Asuransikan Lahan Money 8 Februari 2021",https://money.kompas.com/read/2021/02/08/080000226/puluhan-hektare-sawah-terendam-banjir-mentan-imbau-petani-ponorogo-asuransikan
ann_36d0c712d74d,1082,False,[],"[""DisasterEvent""]","[""bondowoso""]",[],False,candidate_unverified,copy_a435588baae2,2024-01-18,22:04,detik,"[""disruption_candidate""]",detik_news,train,1,"2 Desa di Bondowoso Diterjang Hujan Puting Beliung, Puluhan Rumah Rusak",https://news.detik.com/berita/d-7149016/2-desa-di-bondowoso-diterjang-hujan-puting-beliung-puluhan-rumah-rusak
ann_36d2f3e08222,3819,False,"[""broad_food"", ""chili"", ""cooking_oil"", ""rice"", ""shallot"", ""sugar"", ""wheat""]","[""SupplyShortage""]","[""nganjuk""]","[""DistributionIntervention"", ""FoodAssistance"", ""ImportExportAction""]",False,candidate_unverified,copy_71e67fddcc54,2026-03-17,08:45,kompas,"[""disruption_candidate"", ""response_query""]",kompas_money,test,1,Krisis Hormuz dan Ujian Kerentanan Ketahanan Pangan Nasional Money 17 Maret 2026,https://money.kompas.com/read/2026/03/17/084500626/krisis-hormuz-dan-ujian-kerentanan-ketahanan-pangan-nasional
ann_36de2532dac1,1607,False,"[""rice""]","[""WeatherDisruption""]",[],[],False,candidate_unverified,copy_9db96a463181,2024-07-04,20:30,detik,"[""disruption_candidate""]",detik_finance,train,1,"Tak Mau Produksi Beras RI Mandek Gegara Kekeringan, Jokowi Genjot Pompanisasi",https://finance.detik.com/berita-ekonomi-bisnis/d-7423336/tak-mau-produksi-beras-ri-mandek-gegara-kekeringan-jokowi-genjot-pompanisasi
ann_36f3944e0ba7,2191,False,[],"[""DisasterEvent""]","[""batu"", ""mojokerto"", ""sidoarjo""]",[],False,candidate_unverified,copy_f978b5c7e61f,2025-04-04,14:12,kompas,"[""disruption_candidate""]",kompas_regional,validation,1,10 Jenazah Korban Longsor di Pacet Mojokerto Dievakuasi Regional 4 April 2025,https://regional.kompas.com/read/2025/04/04/141244078/10-jenazah-korban-longsor-di-pacet-mojokerto-dievakuasi
ann_377afc1003ef,1869,False,[],"[""DisasterEvent""]","[""sidoarjo"", ""surabaya""]","[""DistributionIntervention""]",False,candidate_unverified,copy_94e6e4248384,2025-02-27,18:53,kompas,"[""response_query""]",kompas_regional,validation,1,Sejumlah Titik di Sidoarjo Terendam Banjir Regional 27 Februari 2025,https://surabaya.kompas.com/read/2025/02/27/185357678/sejumlah-titik-di-sidoarjo-terendam-banjir
ann_377b71fd2220,2235,False,[],"[""DisasterEvent""]","[""jember""]",[],False,candidate_unverified,copy_4305ef504a3e,2026-02-13,22:01,kompas,"[""disruption_candidate""]",kompas_regional,test,1,Korban Terdampak Banjir di Jember Bertambah Jadi 7.249 KK di 9 Kecamatan Regional 13 Februari 2026,https://surabaya.kompas.com/read/2026/02/13/220147978/korban-terdampak-banjir-di-jember-bertambah-jadi-7249-kk-di-9-kecamatan
ann_3785bfa3bab7,1533,False,[],"[""DisasterEvent""]","[""batu"", ""malang""]",[],False,candidate_unverified,copy_0762727061ad,2021-11-04,19:15,beritajatim,"[""disruption_candidate""]",beritajatim,train,1,Ini Lima Titik Terparah Diterjang Banjir Bandang di Kota Batu,https://beritajatim.com/ini-lima-titik-terparah-diterjang-banjir-bandang-di-kota-batu
ann_380ee211dcac,2011,False,[],"[""SupplyShortage""]","[""pamekasan"", ""ponorogo"", ""tuban""]","[""InspectionEnforcement"", ""OtherResponseAction""]",False,candidate_unverified,copy_8cf6b9a951fb,2022-02-04,18:00,beritajatim,"[""disruption_candidate""]",beritajatim,train,1,LPPNU Pamekasan Angkat Suara Soal Kasus Pupuk Ilegal,https://beritajatim.com/lppnu-pamekasan-angkat-suara-soal-kasus-pupuk-ilegal
ann_38212ab2fc22,2818,False,[],"[""DisasterEvent""]","[""surabaya""]",[],False,candidate_unverified,copy_2c4efb56cdb9,2025-12-06,11:52,beritajatim,"[""disruption_candidate""]",beritajatim,validation,1,IMA Dorong UMKM ‘Naik Kelas’: Rakernas 2025 Surabaya Fokus Digitalisasi dan Target Sertifikasi CPM Melonjak,https://beritajatim.com/ima-dorong-umkm-naik-kelas-rakernas-2025-surabaya-fokus-digitalisasi-dan-target-sertifikasi-cpm-melonjak
ann_38233e2586cb,2110,False,[],"[""DisasterEvent""]","[""jember""]","[""CrisisPreparednessAction"", ""DistributionIntervention""]",False,candidate_unverified,copy_6e00e79f408c,2023-11-08,23:15,beritajatim,"[""response_query""]",beritajatim,train,1,Perda Atur Biaya Penanganan Bencana di Jember Libatkan Pengusaha,https://beritajatim.com/perda-atur-biaya-penanganan-bencana-di-jember-libatkan-pengusaha
ann_383911eb88ab,2561,False,[],"[""DisasterEvent""]","[""jember""]",[],False,candidate_unverified,copy_96414a9842d0,2026-01-29,11:27,kompas,"[""disruption_candidate""]",kompas_regional,test,1,"Banjir dan Longsor Landa Wilayah Kota di Jember, 191 KK dari 4 Kecamatan Terdampak Regional 29 Januari 2026",https://surabaya.kompas.com/read/2026/01/29/112735278/banjir-dan-longsor-landa-wilayah-kota-di-jember-191-kk-dari-4-kecamatan
ann_38528d8a2cd4,1767,False,"[""fish""]","[""SupplyShortage""]","[""tuban""]","[""OtherResponseAction""]",False,candidate_unverified,copy_9481685b591c,2024-01-01,12:35,beritajatim,"[""disruption_candidate""]",beritajatim,train,1,"Dialog Bersama Petani dan Nelayan, Cak Imin Menyoal Kelangkaan BBM dan Pupuk",https://beritajatim.com/dialog-bersama-petani-dan-nelayan-cak-imin-menyoal-kelangkaan-bbm-dan-pupuk
ann_385fe39708c3,1713,False,[],"[""PestDiseaseEvent""]","[""gresik"", ""lamongan"", ""mojokerto"", ""sidoarjo""]",[],False,candidate_unverified,copy_4a7e8de4b158,2022-05-11,,kontan,"[""disruption_candidate""]",kontan,train,0,Kementan Jamin Wabah PMK Tak Berdampak pada Pasokan Daging untuk Idul Adha,https://industri.kontan.co.id/news/kementan-jamin-wabah-pmk-tak-berdampak-pada-pasokan-daging-untuk-idul-adha
ann_388991432fd8,3830,False,[],"[""DisasterEvent""]","[""madiun"", ""ponorogo"", ""trenggalek"", ""tulungagung""]",[],False,candidate_unverified,copy_49fcdeaf7b31,2022-10-18,22:25,beritajatim,"[""disruption_candidate""]",beritajatim,train,1,Bupati Trenggalek: Banjir Kali Ini Lebih Besar Dibanding Tahun 2006,https://beritajatim.com/bupati-trenggalek-banjir-kali-ini-lebih-besar-dibanding-tahun-2006
ann_38aa78c2073f,1618,False,[],"[""DisasterEvent""]","[""sidoarjo""]",[],False,candidate_unverified,copy_6af57d26b581,2023-12-08,14:45,beritajatim,"[""disruption_candidate""]",beritajatim,train,1,"Gudang Lazada Terbakar, Damkar Sidoarjo Butuh 8 Jam",https://beritajatim.com/gudang-lazada-terbakar-damkar-sidoarjo-butuh-8-jam
ann_38aaa1063700,2054,False,[],"[""DisasterEvent""]","[""lumajang"", ""surabaya""]","[""CrisisPreparednessAction""]",False,candidate_unverified,copy_dd9260942f06,2021-12-05,,kontan,"[""disruption_candidate"", ""response_query""]",kontan,train,0,Kepala BNPB pimpin rapat koordinasi penanganan bencana Semeru,https://regional.kontan.co.id/news/kepala-bnpb-pimpin-rapat-koordinasi-penanganan-bencana-semeru
ann_391f06fa94b2,1607,False,"[""broad_food"", ""chili"", ""garlic"", ""shallot""]","[""WeatherDisruption""]","[""nganjuk""]","[""CrisisPreparednessAction""]",False,candidate_unverified,copy_09efde11e626,2024-11-22,20:30,detik,"[""disruption_candidate"", ""response_query""]",detik_finance,train,1,Bapanas Pastikan Harga Pangan Stabil Jelang Nataru,https://finance.detik.com/berita-ekonomi-bisnis/d-7652178/bapanas-pastikan-harga-pangan-stabil-jelang-nataru
ann_3921681c4b09,1572,False,[],"[""DisasterEvent""]","[""batu"", ""malang""]",[],False,candidate_unverified,copy_f9a0c27435a8,2021-11-05,06:38,beritajatim,"[""disruption_candidate""]",beritajatim,train,1,BPBD Kembali Temukan Jenazah Korban Banjir Bandang di Kota Batu,https://beritajatim.com/bpbd-kembali-temukan-jenazah-korban-banjir-bandang-di-kota-batu
ann_3943ba93f30e,2467,False,"[""broad_food"", ""chili"", ""corn"", ""rice""]","[""SupplyShortage""]","[""kediri""]",[],False,candidate_unverified,copy_9a7177a167ac,2023-11-02,14:40,beritajatim,"[""disruption_candidate""]",beritajatim,train,1,Wabup Kediri Ikuti Gerakan Nasional Ketahanan Pangan,https://beritajatim.com/wabup-kediri-ikuti-gerakan-nasional-ketahanan-pangan
ann_39d11cdfd87c,2560,False,"[""broad_food"", ""chicken_eggs"", ""chicken_meat"", ""chili""]","[""SupplyShortage""]","[""lamongan""]","[""InspectionEnforcement""]",False,candidate_unverified,copy_bd5228a202d2,2022-06-10,08:02,beritajatim,"[""disruption_candidate"", ""response_query""]",beritajatim,train,1,"Gelar Sidak, Disperindag Beberkan Penyebab Mahalnya Harga Cabai di Lamongan",https://beritajatim.com/gelar-sidak-disperindag-beberkan-penyebab-mahalnya-harga-cabai-di-lamongan
ann_39d75105e33e,2435,True,[],"[""DisasterEvent"", ""WeatherDisruption""]","[""pamekasan""]",[],False,candidate_unverified,copy_c3312fca1760,2025-11-04,14:02,beritajatim,"[""disruption_candidate""]",beritajatim,validation,1,"Masuki Musim Hujan, BPBD Pamekasan Imbau Masyarakat Waspada Bencana",https://beritajatim.com/masuki-musim-hujan-bpbd-pamekasan-imbau-masyarakat-waspada-bencana
ann_3a069817621c,2480,True,[],"[""DisasterEvent""]","[""nganjuk"", ""surabaya""]","[""CrisisPreparednessAction"", ""DistributionIntervention""]",False,candidate_unverified,copy_6f3a60e1d4d4,2021-02-15,14:25,beritajatim,"[""disruption_candidate""]",beritajatim,train,1,"Longsor dan Banjir, Pemprov Jatim Turunkan TRC di Nganjuk",https://beritajatim.com/longsor-dan-banjir-pemprov-jatim-turunkan-trc-di-nganjuk
ann_3a81fa5cfe97,2181,False,[],"[""DisasterEvent""]","[""gresik""]",[],False,candidate_unverified,copy_dfac3962cb2c,2025-03-07,18:09,kompas,"[""disruption_candidate""]",kompas_money,validation,1,"Freeport Dapat Izin Ekspor Konsentrat 6 Bulan, Kuota 1 Juta Ton Money 7 Maret 2025",https://money.kompas.com/read/2025/03/07/180904426/freeport-dapat-izin-ekspor-konsentrat-6-bulan-kuota-1-juta-ton
ann_3aa5606c9a9d,1385,False,[],"[""DisasterEvent""]","[""gresik""]",[],False,candidate_unverified,copy_b1a2b2f0b7a0,2026-02-03,14:03,kompas,"[""disruption_candidate""]",kompas_regional,test,1,"Angin Kencang Rusak 75 Rumah Warga di Desa Mojosarirejo Gresik, Tidak Ada Korban Jiwa Regional 3 Februari 2026",https://surabaya.kompas.com/read/2026/02/03/140339478/angin-kencang-rusak-75-rumah-warga-di-desa-mojosarirejo-gresik-tidak-ada
ann_3ab2bec8f0e1,2572,False,[],"[""DisasterEvent""]","[""malang"", ""mojokerto""]",[],False,candidate_unverified,copy_62cd0e45138e,2021-04-10,17:45,beritajatim,"[""disruption_candidate""]",beritajatim,train,1,"Diguncang Gempa, Pengunjung Sunrise Mall Kota Mojokerto Panik dan Berhamburan Keluar",https://beritajatim.com/diguncang-gempa-pengunjung-sunrise-mall-kota-mojokerto-panik-dan-berhamburan-keluar
ann_3ab431bbaf50,1846,False,"[""rice""]","[""WeatherDisruption""]","[""bojonegoro""]",[],False,candidate_unverified,copy_58025b46ab01,2023-11-21,15:43,beritajatim,"[""disruption_candidate""]",beritajatim,train,1,"Dampak Kemarau, Sawah di Bojonegoro Dibiarkan Kosong",https://beritajatim.com/dampak-kemarau-sawah-di-bojonegoro-dibiarkan-terlantar
ann_3ad65c845d34,1024,False,[],"[""DisasterEvent""]","[""malang""]",[],False,candidate_unverified,copy_37fdef99a0f3,2021-04-10,,kontan,"[""disruption_candidate""]",kontan,train,0,"Di Kabupaten Malang, 1 tewas dan 2 luka berat akibat gempa",https://regional.kontan.co.id/news/di-kabupaten-malang-1-tewas-dan-2-luka-berat-akibat-gempa
ann_3af3e0e06e64,2116,False,"[""broad_food"", ""rice""]","[""DisasterEvent""]","[""lumajang""]","[""DistributionIntervention"", ""FoodAssistance""]",False,candidate_unverified,copy_68addc4f5039,2025-07-30,20:42,beritajatim,"[""disruption_candidate""]",beritajatim,validation,1,"Banjir Lahar Gunung Semeru Isolasi 1 Dusun di Lumajang, Pemerintah Siapkan Bantuan 127 Paket Sembako",https://beritajatim.com/banjir-lahar-gunung-semeru-isolasi-1-dusun-di-lumajang-pemerintah-siapkan-bantuan-127-paket-sembako
ann_3b2d7e218f69,1661,False,[],"[""DisasterEvent""]","[""trenggalek""]",[],False,candidate_unverified,copy_1fb0d2bf316c,2022-10-19,23:24,beritajatim,"[""disruption_candidate""]",beritajatim,train,1,"Tinjau Banjir, Bupati Trenggalek Sebut Tengah Fokus Pemulihan dan Pemenuhan Logistik",https://beritajatim.com/tinjau-banjir-bupati-trenggalek-sebut-tengah-fokus-pemulihan-dan-pemenuhan-logistik
ann_3b456444375e,1493,False,"[""broad_food""]","[""DisasterEvent""]","[""lumajang"", ""malang""]","[""DistributionIntervention"", ""FoodAssistance""]",False,candidate_unverified,copy_9a80ff12f629,2021-12-08,21:54,beritajatim,"[""disruption_candidate""]",beritajatim,train,1,PWI Malang Raya Kirimkan Bantuan Erupsi Semeru Langsung ke Rumah Warga,https://beritajatim.com/pwi-malang-raya-kirimkan-bantuan-erupsi-semeru-langsung-ke-rumah-warga
ann_3b6b14d3e9d4,1917,False,"[""broad_food"", ""rice""]","[""DisasterEvent""]","[""surabaya""]","[""CrisisPreparednessAction"", ""DistributionIntervention"", ""FoodAssistance""]",False,candidate_unverified,copy_cec106ebd966,2025-12-15,17:19,kompas,"[""disruption_candidate""]",kompas_money,validation,1,Holding BUMN Danareksa Salurkan 5 Ton Beras dan Sembako untuk Korban Banjir Sumatera Money 15 Desember 2025,https://money.kompas.com/read/2025/12/15/171949426/holding-bumn-danareksa-salurkan-5-ton-beras-dan-sembako-untuk-korban-banjir
ann_3b7c777519c4,1675,False,"[""broad_food"", ""chili"", ""garlic"", ""rice"", ""shallot"", ""sugar""]","[""SupplyShortage""]","[""madiun""]",[],False,candidate_unverified,copy_1b01397a932c,2023-12-18,13:23,kompas,"[""disruption_candidate""]",kompas_nasional,train,1,"Pedagang Mengeluh Harga Sembako Naik, Atikoh Ganjar: ""Mumet Yo"", Pak? News 18 Desember 2023",https://nasional.kompas.com/read/2023/12/18/13233101/pedagang-mengeluh-harga-sembako-naik-atikoh-ganjar-mumet-yo-pak
ann_3bc10676b03c,4989,False,"[""sugar""]","[""SupplyShortage""]","[""surabaya""]","[""ImportExportAction"", ""InspectionEnforcement""]",False,candidate_unverified,copy_ec5631dd4849,2021-07-02,13:40,beritajatim,"[""disruption_candidate""]",beritajatim,train,1,"Permenperin 03/2021 Perkeruh Industri Gula, Swasembada Gula Makin Kehilangan Arah",https://beritajatim.com/permenperin-03-2021-perkeruh-industri-gula-swasembada-gula-makin-kehilangan-arah
ann_3be93a01678c,1798,False,[],"[""DisasterEvent""]","[""sidoarjo""]",[],False,candidate_unverified,copy_dc4dd43e0613,2021-09-08,22:59,detik,"[""disruption_candidate""]",detik_news,train,1,Ditemukan Sambungan Listrik Rawan Picu Kebakaran Saat Razia di Lapas Sidoarjo,https://news.detik.com/berita-jawa-timur/d-5715761/ditemukan-sambungan-listrik-rawan-picu-kebakaran-saat-razia-di-lapas-sidoarjo
ann_3c8374074346,3159,False,"[""chili""]","[""WeatherDisruption""]","[""malang""]","[""CrisisPreparednessAction""]",False,candidate_unverified,copy_a24cf8a6c3cc,2024-02-27,,kontan,"[""disruption_candidate"", ""response_query""]",kontan,train,0,"Meski Harga Tinggi, Pasokan Cabai Dijamin Aman Jelang Ramadan",https://nasional.kontan.co.id/news/meski-harga-tinggi-pasokan-cabai-dijamin-aman-jelang-ramadan
ann_3c8ee1e1d524,1407,False,"[""fish""]","[""DisasterEvent""]","[""sampang""]",[],False,candidate_unverified,copy_2a84397e0a6e,2025-08-17,17:12,beritajatim,"[""disruption_candidate""]",beritajatim,validation,1,Nelayan Sampang Meninggal Dunia di Laut,https://beritajatim.com/nelayan-sampang-meninggal-dunia-di-laut
ann_3cd7758fb015,1969,False,[],"[""DisasterEvent"", ""WeatherDisruption""]","[""kediri"", ""malang""]",[],False,candidate_unverified,copy_435b9138dcc4,2026-01-21,21:36,kompas,"[""disruption_candidate""]",kompas_regional,test,1,"Hujan Deras, Jalur Provinsi Malang - Kediri Tertutup Longsor Regional 21 Januari 2026",https://surabaya.kompas.com/read/2026/01/21/213643378/hujan-deras-jalur-provinsi-malang-kediri-tertutup-longsor
ann_3ce9aa480639,5154,False,[],"[""DisasterEvent""]","[""bangkalan"", ""gresik"", ""jombang"", ""malang"", ""mojokerto"", ""pasuruan"", ""probolinggo"", ""surabaya""]",[],False,candidate_unverified,copy_26ebb295b0d7,2025-12-29,22:07,detik,"[""disruption_candidate""]",detik_news,validation,1,"Di Surabaya, Ratusan Siswa Sekolah Rakyat Doakan Korban Bencana Sumatera",https://news.detik.com/berita/d-8283220/di-surabaya-ratusan-siswa-sekolah-rakyat-doakan-korban-bencana-sumatera
ann_3d3fe75d3e8c,1942,False,[],"[""DisasterEvent""]","[""sumenep""]",[],False,candidate_unverified,copy_af804e7a0d92,2025-10-01,08:07,kompas,"[""disruption_candidate""]",kompas_regional,validation,1,"Gempa M 6,0 di Sumenep, 3 Orang Luka-luka Regional 1 Oktober 2025",https://surabaya.kompas.com/read/2025/10/01/080724878/gempa-m-60-di-sumenep-3-orang-luka-luka
ann_3d4a8a3929a0,1472,False,"[""sugar""]","[""SupplyShortage""]",[],[],False,candidate_unverified,copy_3f3468d0d2b3,2021-04-16,,kontan,"[""disruption_candidate""]",kontan,train,0,APTRI sebut stok gula di Jawa Timur masih mencukupi,https://regional.kontan.co.id/news/aptri-sebut-stok-gula-di-jawa-timur-masih-mencukupi
ann_3d603434d726,3550,True,[],"[""SupplyShortage""]","[""jember""]","[""CrisisPreparednessAction"", ""OtherResponseAction""]",False,candidate_unverified,copy_9d3f6b6aaaf7,2022-10-25,20:16,beritajatim,"[""response_query""]",beritajatim,train,1,"Produksi Pupuk Organik, 150 Kelompok Tani di Jember Ajukan Izin Edar",https://beritajatim.com/produksi-pupuk-organik-150-kelompok-tani-di-jember-ajukan-izin-edar
ann_3d7ebea6fabc,2052,True,[],"[""DisasterEvent"", ""WeatherDisruption""]","[""surabaya""]",[],False,candidate_unverified,copy_401638229733,2026-02-02,14:42,kompas,"[""disruption_candidate""]",kompas_regional,test,1,"Antisipasi Cuaca Ekstrem dan Banjir, Pemkot Surabaya Akan Tambah 5 Rumah Pompa Regional 2 Februari 2026",https://surabaya.kompas.com/read/2026/02/02/144240378/antisipasi-cuaca-ekstrem-dan-banjir-pemkot-surabaya-akan-tambah-5-rumah
ann_3da21bfa86a6,2955,False,"[""broad_food"", ""rice""]","[""WeatherDisruption""]","[""nganjuk"", ""surabaya""]",[],False,candidate_unverified,copy_36b0231bfd0f,2024-04-24,15:52,kompas,"[""disruption_candidate""]",kompas_money,train,1,"Hadapi Tantangan Perubahan Iklim, Kementan Gencarkan Pompanisasi hingga Percepat Tanam Padi Money 24 April 2024",https://money.kompas.com/read/2024/04/24/155258826/hadapi-tantangan-perubahan-iklim-kementan-gencarkan-pompanisasi-hingga
ann_3dfb786ab062,2336,False,"[""rice""]","[""PestDiseaseEvent""]","[""banyuwangi""]",[],False,candidate_unverified,copy_37976d5da0fd,2023-06-30,23:16,beritajatim,"[""disruption_candidate""]",beritajatim,train,1,"Canggih, Petani Banyuwangi Semprot Padi Pakai Drone",https://beritajatim.com/canggih-petani-banyuwangi-semprot-padi-pakai-drone
ann_3e1bd04e4845,1860,False,[],"[""DisasterEvent""]","[""jember"", ""lumajang""]",[],False,candidate_unverified,copy_ecbf5041cc82,2022-12-05,14:15,beritajatim,"[""disruption_candidate""]",beritajatim,train,1,Bupati Hendy Perintahkan Dinkes Jember Bersiap Bantu Korban Erupsi Semeru,https://beritajatim.com/bupati-hendy-perintahkan-dinkes-jember-bersiap-bantu-korban-erupsi-semeru
ann_3e3f7df971b7,3306,False,[],"[""DisasterEvent"", ""WeatherDisruption""]","[""bangkalan"", ""banyuwangi"", ""batu"", ""blitar"", ""bojonegoro"", ""bondowoso"", ""gresik"", ""jember"", ""jombang"", ""kediri"", ""lamongan"", ""lumajang"", ""madiun"", ""magetan"", ""malang"", ""mojokerto"", ""nganjuk"", ""ngawi"", ""pacitan"", ""ponorogo"", ""probolinggo"", ""sampang"", ""sidoarjo"", ""situbondo"", ""surabaya"", ""trenggalek"", ""tuban"", ""tulungagung""]",[],False,candidate_unverified,copy_fea092805c95,2024-11-03,21:36,beritajatim,"[""disruption_candidate""]",beritajatim,train,1,"Pohon Tumbang Timpa 2 Kios Pedagang di Magetan, Imbas Cuaca Ekstrem",https://beritajatim.com/pohon-tumbang-timpa-2-kios-pedagang-di-magetan-imbas-cuaca-ekstrem
ann_3e4b91c4ffc8,1623,False,[],"[""DisasterEvent""]","[""blitar"", ""malang"", ""pasuruan"", ""surabaya""]",[],False,candidate_unverified,copy_9767f4108f2e,2021-05-21,23:50,beritajatim,"[""disruption_candidate""]",beritajatim,train,1,"Gempa 6,2 SR, Daop 8 Pastikan Jalur Kereta Api Menuju Blitar Aman",https://beritajatim.com/gempa-62-sr-daop-8-pastikan-jalur-kereta-api-menuju-blitar-aman
ann_3e6d9c8f2185,7177,False,"[""rice""]","[""PestDiseaseEvent""]","[""lamongan""]",[],False,candidate_unverified,copy_a953a7b63d0e,2021-08-09,16:25,beritajatim,"[""disruption_candidate""]",beritajatim,train,1,"Hobi Bertani dan Eksperimen, Pemuda Lamongan Ini Dikukuhkan Jadi Duta Petani Millenial",https://beritajatim.com/hobi-bertani-dan-eksperimen-pemuda-lamongan-ini-dikukuhkan-jadi-duta-petani-millenial
ann_3e839f05681a,1461,False,[],"[""DisasterEvent""]","[""pacitan"", ""ponorogo"", ""trenggalek""]",[],False,candidate_unverified,copy_c19f5b69f2c7,2024-12-16,12:46,kompas,"[""disruption_candidate""]",kompas_regional,train,1,"Tanggul Jebol, Picu Banjir Besar di Ponorogo Regional 16 Desember 2024",https://surabaya.kompas.com/read/2024/12/16/124648678/tanggul-jebol-picu-banjir-besar-di-ponorogo
ann_3e870f82ba45,1465,False,[],"[""DisasterEvent""]","[""banyuwangi"", ""gresik"", ""surabaya""]",[],False,candidate_unverified,copy_e28f9fb591a7,2022-05-24,08:45,beritajatim,"[""disruption_candidate""]",beritajatim,train,1,BPBD Gresik Pastikan Banjir Rob Masih Batas Aman,https://beritajatim.com/bpbd-gresik-pastikan-banjir-rob-masih-batas-aman
ann_3e99a137f060,1178,False,[],"[""DisasterEvent""]","[""pacitan"", ""trenggalek""]",[],False,candidate_unverified,copy_1be10b171104,2023-08-19,,kontan,"[""disruption_candidate""]",kontan,train,0,"Gempa Magnitudo 5,0 Mengguncang Pacitan, Gunung Kidul, Tidak Berpotensi Tsunami",https://nasional.kontan.co.id/news/gempa-magnitudo-50-mengguncang-pacitan-gunung-kidul-tidak-berpotensi-tsunami
ann_3ea1b231ea4a,3401,False,"[""rice""]","[""PestDiseaseEvent""]",[],"[""DistributionIntervention"", ""FoodAssistance""]",False,candidate_unverified,copy_46b71515f784,2021-07-26,,kontan,"[""disruption_candidate"", ""response_query""]",kontan,train,0,"Salurkan bansos beras di 15 provinsi, Bulog gandeng DNR Corporation",https://nasional.kontan.co.id/news/salurkan-bansos-beras-di-15-provinsi-bulog-gandeng-dnr-corporation
ann_3eaf9c5d0d35,2351,False,[],"[""DisasterEvent""]","[""pasuruan""]",[],False,candidate_unverified,copy_ea9ada8c1224,2026-02-16,16:41,kompas,"[""disruption_candidate""]",kompas_regional,test,1,Hujan Deras di Hulu Sebabkan 2 Desa di Pasuruan Terendam Banjir Regional 16 Februari 2026,https://surabaya.kompas.com/read/2026/02/16/164146478/hujan-deras-di-hulu-sebabkan-2-desa-di-pasuruan-terendam-banjir
ann_3edaf842e424,2188,False,[],"[""DisasterEvent"", ""WeatherDisruption""]","[""jember""]",[],False,candidate_unverified,copy_d31cb3199fa1,2023-03-02,23:37,beritajatim,"[""disruption_candidate""]",beritajatim,train,1,Tanah Longsor di Rembangan Jember Sempat Tutup Akses Jalan,https://beritajatim.com/tanah-longsor-di-rembangan-jember-sempat-tutup-akses-jalan
ann_3ee626905584,1827,False,[],"[""DisasterEvent"", ""WeatherDisruption""]","[""kediri""]",[],False,candidate_unverified,copy_a69fff4108e6,2023-01-19,20:50,kompas,"[""disruption_candidate""]",kompas_regional,train,1,"Puting Beliung Terjang Kediri, Seorang Warga Meninggal Tertimpa Dahan Regional 19 Januari 2023",https://regional.kompas.com/read/2023/01/19/205049078/puting-beliung-terjang-kediri-seorang-warga-meninggal-tertimpa-dahan
ann_3eea7f2b942b,1508,False,[],"[""DisasterEvent""]","[""jember""]","[""DistributionIntervention""]",False,candidate_unverified,copy_c657f6b93ff7,2021-09-15,14:40,kompas,"[""response_query""]",kompas_regional,train,1,"Hujan Deras Disertasi Angin Kencang di Jember, 2 Rumah dan 4 Gudang Tembakau Rusak Regional 15 September 2021",https://regional.kompas.com/read/2021/09/15/144051978/hujan-deras-disertasi-angin-kencang-di-jember-2-rumah-dan-4-gudang-tembakau
ann_3f4145aceb4b,2121,True,"[""broad_food"", ""fish"", ""rice""]","[""PestDiseaseEvent"", ""ProductionDisruption""]","[""ponorogo""]","[""CrisisPreparednessAction"", ""DistributionIntervention""]",False,candidate_unverified,copy_6e13eba4ab8e,2025-07-11,12:02,beritajatim,"[""response_query""]",beritajatim,validation,1,"Serangan Wereng Meluas, Petani Ponorogo Minta Dinas Pertanian Bertindak",https://beritajatim.com/serangan-wereng-meluas-petani-ponorogo-minta-dinas-pertanian-bertindak
ann_3f43e875704b,2455,True,[],"[""DisasterEvent""]","[""pacitan"", ""ponorogo"", ""trenggalek""]",[],False,candidate_unverified,copy_3e697bf252b7,2024-12-16,19:22,kompas,"[""disruption_candidate""]",kompas_regional,train,1,"Atasi Banjir Ponorogo, Kepala BNPB Sebut Akan Modifikasi Cuaca Regional 16 Desember 2024",https://surabaya.kompas.com/read/2024/12/16/192214778/atasi-banjir-ponorogo-kepala-bnpb-sebut-akan-modifikasi-cuaca
ann_3f492443d501,3605,False,"[""beef"", ""broad_food"", ""chicken_eggs"", ""chicken_meat"", ""rice""]","[""SupplyShortage""]","[""mojokerto"", ""surabaya""]",[],False,candidate_unverified,copy_4ff30d8f286f,2026-05-13,13:57,beritajatim,"[""disruption_candidate""]",beritajatim,test,1,"Lemhannas Puji Jatim Jadi Role Model SDM dan Ketahanan Pangan Nasional, Khofifah: Kuncinya Adalah Sinergi",https://beritajatim.com/lemhannas-puji-jatim-jadi-role-model-sdm-dan-ketahanan-pangan-nasional-khofifah-kuncinya-adalah-sinergi
ann_3fbf910f3aab,2235,False,[],"[""DisasterEvent""]","[""blitar"", ""jombang"", ""kediri"", ""lumajang"", ""malang"", ""mojokerto"", ""ngawi"", ""surabaya"", ""trenggalek""]",[],False,candidate_unverified,copy_cadbc554b624,2021-04-10,,kontan,"[""disruption_candidate""]",kontan,train,0,Khofifah menyebut 6 kecamatan di 3 kabupaten di Jatim terdampak parah gempa Malang,https://regional.kontan.co.id/news/khofifah-menyebut-6-kecamatan-di-3-kabupaten-di-jatim-terdampak-parah-gempa-malang
ann_3fc5d5eb56e8,1484,False,[],"[""DisasterEvent""]","[""madiun""]",[],False,candidate_unverified,copy_50b76ac4eaf7,2021-10-17,19:08,beritajatim,"[""disruption_candidate""]",beritajatim,train,1,"Hujan dan Angin Kencang Landa Madiun, Belasan Rumah Rusak",https://beritajatim.com/hujan-dan-angin-kencang-landa-madiun-belasan-rumah-rusak
ann_3fdbd70691fd,3039,False,"[""chili""]","[""DisasterEvent""]","[""surabaya""]",[],False,candidate_unverified,copy_fc5e952a5873,2025-11-27,17:36,beritajatim,"[""disruption_candidate""]",beritajatim,validation,1,"Komisi E DPRD Jatim Tuntaskan Raperda Kebencanaan, Respons Ancaman 241 Bencana pada 2025",https://beritajatim.com/komisi-e-dprd-jatim-tuntaskan-raperda-kebencanaan-respons-ancaman-241-bencana-pada-2025
ann_3fe811e9d6b5,1641,False,[],"[""DisasterEvent""]","[""blitar"", ""malang""]",[],False,candidate_unverified,copy_343d87be4aaa,2021-04-17,20:02,kompas,"[""disruption_candidate""]",kompas_regional,train,1,Pemkab Blitar Beri Bantuan Uang untuk Korban Gempa yang Rumahnya Rusak Regional 17 April 2021,https://regional.kompas.com/read/2021/04/17/200250278/pemkab-blitar-beri-bantuan-uang-untuk-korban-gempa-yang-rumahnya-rusak
ann_4005b1c45670,2289,False,[],"[""DisasterEvent""]","[""malang"", ""pasuruan""]",[],False,candidate_unverified,copy_a8401b39062b,2026-01-09,12:30,beritajatim,"[""disruption_candidate""]",beritajatim,test,1,Akses Wisata Gunung Bromo via Malang Sempat Lumpuh Total Akibat Tebing Longsor di Gubukklakah,https://beritajatim.com/akses-wisata-bromo-via-malang-longsor-gubukklakah
ann_4015fa1b36e0,1876,False,"[""chili""]","[""ProductionDisruption"", ""WeatherDisruption""]","[""lamongan""]",[],False,candidate_unverified,copy_7f93b78baa21,2023-10-31,16:30,kompas,"[""disruption_candidate""]",kompas_regional,train,1,"Harga Semua Jenis Cabai di Lamongan Naik, Tertinggi Cabai Rawit Regional 31 Oktober 2023",https://surabaya.kompas.com/read/2023/10/31/163035078/harga-semua-jenis-cabai-di-lamongan-naik-tertinggi-cabai-rawit
ann_401d3b6f9357,2704,False,"[""broad_food"", ""chili"", ""rice""]","[""SupplyShortage""]","[""malang""]","[""FoodAssistance"", ""OtherResponseAction""]",False,candidate_unverified,copy_ca238c84092a,2026-03-11,17:27,beritajatim,"[""response_query""]",beritajatim,test,1,"Wali Kota Malang Pastikan Stok Beras, BBM, dan LPG Aman Jelang Idul Fitri 2026, Imbau Tak Panic Buying",https://beritajatim.com/wali-kota-malang-pastikan-stok-beras-bbm-dan-lpg-aman-jelang-idul-fitri-2026-imbau-tak-panic-buying
ann_4026fc8a8bd8,1530,True,[],"[""DisasterEvent"", ""WeatherDisruption""]","[""lamongan""]",[],False,candidate_unverified,copy_303acd0603ca,2021-11-05,,kontan,"[""disruption_candidate""]",kontan,train,0,Banjir bandang yang menerjang Lamongan sudah surut,https://regional.kontan.co.id/news/banjir-bandang-yang-menerjang-lamongan-sudah-surut
ann_40323dfbd07b,1774,False,[],"[""DisasterEvent""]","[""banyuwangi"", ""bondowoso"", ""jember""]",[],False,candidate_unverified,copy_51cbf95318ca,2024-12-24,11:34,kompas,"[""disruption_candidate""]",kompas_regional,train,1,"Erupsi Gunung Raung, BPBD Banyuwangi Koordinasi Hindari Korban Jiwa Regional 24 Desember 2024",https://surabaya.kompas.com/read/2024/12/24/113423178/erupsi-gunung-raung-bpbd-banyuwangi-koordinasi-hindari-korban-jiwa
ann_403e93ac5353,2047,False,[],"[""DisasterEvent""]","[""gresik""]",[],False,candidate_unverified,copy_b560873a43cd,2025-02-11,21:51,detik,"[""disruption_candidate""]",detik_finance,validation,1,Pesan Khusus Bahlil buat Freeport Kalau Mau Dapat Izin Ekspor Konsentrat,https://finance.detik.com/energi/d-7773979/pesan-khusus-bahlil-buat-freeport-kalau-mau-dapat-izin-ekspor-konsentrat
ann_4046ad241d1d,2554,False,"[""rice""]","[""PestDiseaseEvent""]","[""gresik"", ""surabaya""]",[],False,candidate_unverified,copy_b5c3ef043ac1,2021-12-22,19:41,beritajatim,"[""disruption_candidate""]",beritajatim,train,1,Alat Perangkap Hama ‘Smart Light Trap Insect’ Diuji Coba di Lahan Pertanian Gresik,https://beritajatim.com/alat-perangkap-hama-smart-light-trap-insect-diuji-coba-di-lahan-pertanian-gresik
ann_40552b60ff25,2041,False,"[""broad_food"", ""cooking_oil"", ""rice"", ""sugar""]","[""DisasterEvent""]","[""surabaya""]","[""DistributionIntervention""]",False,candidate_unverified,copy_c4586f8be434,2021-08-16,22:51,beritajatim,"[""disruption_candidate""]",beritajatim,train,1,"HUT ke-76 RI, Pemkot Surabaya Bagikan 1.358 Paket Sembako untuk Veteran",https://beritajatim.com/hut-ke-76-ri-pemkot-surabaya-bagikan-1-358-paket-sembako-untuk-veteran
ann_406a33c46821,2158,False,[],"[""DisasterEvent""]","[""batu"", ""mojokerto""]",[],False,candidate_unverified,copy_48490666fad0,2025-04-03,19:36,kompas,"[""disruption_candidate""]",kompas_regional,validation,1,Kendaraan dari Kota Batu ke Mojokerto Dialihkan Imbas Tanah Longsor Regional 3 April 2025,https://surabaya.kompas.com/read/2025/04/03/193657078/kendaraan-dari-kota-batu-ke-mojokerto-dialihkan-imbas-tanah-longsor
ann_40bf0e134bfe,1785,True,[],"[""DisasterEvent""]","[""surabaya""]",[],False,candidate_unverified,copy_a658628e8de6,2026-05-05,17:24,kompas,"[""disruption_candidate""]",kompas_regional,test,1,"Gudang SD Muhammadiyah 10 Surabaya Terbakar, Siswa Dievakuasi Regional 5 Mei 2026",https://surabaya.kompas.com/read/2026/05/05/172444778/gudang-sd-muhammadiyah-10-surabaya-terbakar-siswa-dievakuasi
ann_40d85ee06331,1743,False,[],"[""DisasterEvent""]","[""surabaya""]",[],False,candidate_unverified,copy_6feaa79f1531,2026-02-02,15:47,kompas,"[""disruption_candidate""]",kompas_regional,test,1,"Kebakaran di Permukiman Padat Surabaya, Akses Gang Sempit Jadi Kendala Pemadaman Regional 2 Februari 2026",https://surabaya.kompas.com/read/2026/02/02/154752478/kebakaran-di-permukiman-padat-surabaya-akses-gang-sempit-jadi-kendala
ann_4115b67f2b59,2182,False,[],"[""DisasterEvent""]","[""gresik""]","[""DistributionIntervention""]",False,candidate_unverified,copy_02d20f8b8634,2023-05-15,17:30,beritajatim,"[""response_query""]",beritajatim,train,1,Warga Kota Gresik Sumringah dapat Pasokan Air PDAM setelah 23 Tahun Menunggu,https://beritajatim.com/warga-kota-gresik-sumringah-dapat-pasokan-air-pdam-setelah-23-tahun-menunggu
ann_412cdf499a5b,4454,False,"[""broad_food"", ""fish"", ""rice""]","[""PestDiseaseEvent""]","[""ponorogo""]","[""DistributionIntervention"", ""ProcurementAction""]",False,candidate_unverified,copy_a36fc158468a,2025-06-24,,kontan,"[""disruption_candidate"", ""response_query""]",kontan,validation,0,"Beras Organik, Sehat dan Bebas Pestisida",https://jelajahekonomi.kontan.co.id/news/beras-organik-sehat-dan-bebas-pestisida
ann_41884ffca71d,3551,False,[],"[""DisasterEvent""]","[""gresik""]",[],False,candidate_unverified,copy_003464bedc33,2025-02-11,23:00,bisnis,"[""disruption_candidate""]",bisnis,validation,1,Blak-blakan Bahlil soal Maju Mundur Izin Perpanjangan Ekspor Konsentrat Freeport,https://ekonomi.bisnis.com/read/20250211/44/1838788/blak-blakan-bahlil-soal-maju-mundur-izin-perpanjangan-ekspor-konsentrat-freeport
ann_41948b7d63e2,1721,False,[],"[""DisasterEvent""]","[""jember""]",[],False,candidate_unverified,copy_2e25a0eec694,2023-09-06,17:36,kompas,"[""disruption_candidate""]",kompas_regional,train,1,5 Gudang Tembakau Milik PTPN X di Jember Terbakar Regional 6 September 2023,https://surabaya.kompas.com/read/2023/09/06/173630978/5-gudang-tembakau-milik-ptpn-x-di-jember-terbakar
ann_41d99395f2d4,3207,False,"[""broad_food"", ""rice""]","[""SupplyShortage""]","[""blitar""]","[""ImportExportAction"", ""ProcurementAction""]",False,candidate_unverified,copy_daf670eb4f2d,2023-03-16,10:34,beritajatim,"[""disruption_candidate""]",beritajatim,train,1,"Blitar Panen Raya Padi, Stok Beras Aman Hingga Lebaran",https://beritajatim.com/blitar-panen-raya-padi-stok-beras-aman-hingga-lebaran
ann_41ecd54bb0d2,917,True,[],"[""DisasterEvent"", ""WeatherDisruption""]","[""ngawi""]",[],False,candidate_unverified,copy_9c9df48d3313,2022-11-20,09:34,kompas,"[""disruption_candidate""]",kompas_regional,train,1,"Banjir yang Rendam 8 Desa di Ngawi Mulai Surut, BPBD Minta Warga Waspadai Cuaca Ekstrem Regional 20 November 2022",https://surabaya.kompas.com/read/2022/11/20/093403978/banjir-yang-rendam-8-desa-di-ngawi-mulai-surut-bpbd-minta-warga-waspadai
ann_41ef72b73750,2380,False,"[""fish""]","[""DisasterEvent""]","[""pamekasan"", ""pasuruan"", ""sidoarjo"", ""surabaya""]",[],False,candidate_unverified,copy_b00be89848d1,2021-12-02,20:56,kompas,"[""disruption_candidate""]",kompas_regional,train,1,"Waspada, Banjir Rob Diprediksi Terjang Pesisir Surabaya Mulai Malam Ini hingga 7 Desember Regional 2 Desember 2021",https://regional.kompas.com/read/2021/12/02/205616178/waspada-banjir-rob-diprediksi-terjang-pesisir-surabaya-mulai-malam-ini
ann_425f38af78d0,2305,True,"[""broad_food"", ""chili"", ""rice""]","[""PestDiseaseEvent""]","[""mojokerto""]","[""CrisisPreparednessAction"", ""DistributionIntervention"", ""FoodAssistance"", ""OtherResponseAction"", ""ProductionAssistance""]",False,candidate_unverified,copy_ac2f51784021,2026-04-27,19:46,beritajatim,"[""response_query""]",beritajatim,test,1,"Perkuat Ketahanan Pangan, Pemkot Mojokerto Gelar Pelatihan Pertanian",https://beritajatim.com/perkuat-ketahanan-pangan-pemkot-mojokerto-gelar-pelatihan-pertanian
ann_4278a58f26e5,1184,False,[],"[""DisasterEvent""]","[""jember"", ""jombang"", ""malang""]",[],False,candidate_unverified,copy_a6ca42b33854,2021-04-10,18:47,beritajatim,"[""disruption_candidate""]",beritajatim,train,1,10 Rumah di Jember Rusak Akibat Gempa,https://beritajatim.com/10-rumah-di-jember-rusak-akibat-gempa
ann_427cbecd13e4,1956,True,[],"[""DisasterEvent""]","[""blitar""]",[],False,candidate_unverified,copy_44d213d04f0a,2022-10-17,17:49,kompas,"[""disruption_candidate""]",kompas_regional,train,1,"Kondisi Terkini Banjir di Blitar Selatan, Warga Dievakuasi hingga Titik Terparah Regional 17 Oktober 2022",https://surabaya.kompas.com/read/2022/10/17/174938678/kondisi-terkini-banjir-di-blitar-selatan-warga-dievakuasi-hingga-titik
ann_42a7f0d45c6e,1987,False,"[""chili"", ""cooking_oil""]","[""WeatherDisruption""]","[""blitar"", ""kediri"", ""ngawi""]",[],False,candidate_unverified,copy_f9a7be85b127,2025-03-05,06:10,kompas,"[""disruption_candidate""]",kompas_regional,validation,1,"Minim Stok, Harga Cabai di Ngawi Pedasnya Capai Rp 110.000 Regional 5 Maret 2025",https://surabaya.kompas.com/read/2025/03/05/061012978/minim-stok-harga-cabai-di-ngawi-pedasnya-capai-rp-110000
ann_42c22d6b5372,5805,False,"[""beef"", ""broad_food"", ""chicken_eggs"", ""chicken_meat"", ""chili"", ""cooking_oil"", ""garlic"", ""rice"", ""shallot"", ""sugar""]","[""DisasterEvent"", ""ProductionDisruption""]","[""nganjuk""]","[""MarketOperationAction"", ""OtherResponseAction"", ""ReserveRelease""]",False,candidate_unverified,copy_2212c9ae9c68,2024-04-28,,kontan,"[""disruption_candidate""]",kontan,train,0,"Sentra Produksi Terdampak Banjir, Bapanas Lakukan Stabilisasi Bawang Merah",https://nasional.kontan.co.id/news/sentra-produksi-terdampak-banjir-bapanas-lakukan-stabilisasi-bawang-merah
ann_42cbc41bf559,3217,False,"[""broad_food"", ""corn"", ""rice""]","[""PestDiseaseEvent""]","[""banyuwangi"", ""jember"", ""lamongan"", ""lumajang"", ""pasuruan"", ""probolinggo"", ""sumenep""]",[],False,candidate_unverified,copy_c286a9bbb0f8,2025-08-28,,kontan,"[""disruption_candidate""]",kontan,validation,0,"Syngenta Luncurkan Benih Ningrat, Produktivitas Padi Diklaim Capai 13,9 Ton/Hektar",https://industri.kontan.co.id/news/syngenta-luncurkan-benih-ningrat-produktivitas-padi-diklaim-capai-139-tonhektar
ann_42e7b56920e0,2115,True,[],"[""SupplyShortage""]","[""malang""]","[""CrisisPreparednessAction"", ""OtherResponseAction""]",False,candidate_unverified,copy_ebf47e572cd4,2021-02-04,17:43,beritajatim,"[""disruption_candidate""]",beritajatim,train,1,Ketua DPD RI Pertanyakan Pengurangan Pupuk Urea untuk Jatim,https://beritajatim.com/ketua-dpd-ri-pertanyakan-pengurangan-pupuk-urea-untuk-jatim
ann_43071d3e119c,2068,False,"[""chili""]","[""WeatherDisruption""]","[""situbondo""]","[""DistributionIntervention"", ""FoodAssistance""]",False,candidate_unverified,copy_0af2acc1ea39,2026-02-17,16:01,beritajatim,"[""response_query""]",beritajatim,test,1,"Cuaca Ekstrem Landa Banyuputih Situbondo, Satu Rumah Rata dengan Tanah",https://beritajatim.com/cuaca-ekstrem-landa-banyuputih-situbondo-satu-rumah-rata-dengan-tanah
ann_43463cc5e8e0,1154,False,[],"[""DisasterEvent""]","[""pasuruan"", ""probolinggo"", ""surabaya""]",[],False,candidate_unverified,copy_e872851a5364,2021-03-03,21:59,detik,"[""disruption_candidate""]",detik_news,train,1,"Dua Sungai Meluap, Permukiman dan Jalur Pantura Kota Pasuruan Banjir",https://news.detik.com/berita-jawa-timur/d-5480014/dua-sungai-meluap-permukiman-dan-jalur-pantura-kota-pasuruan-banjir
ann_434b29f84998,1296,False,[],"[""DisasterEvent""]","[""gresik"", ""jombang"", ""surabaya""]",[],False,candidate_unverified,copy_4a4196759adf,2025-02-26,12:31,beritajatim,"[""disruption_candidate""]",beritajatim,validation,1,"Banjir Kali Lamong di Gresik Mulai Surut, Luapan Air Bergeser ke Benjeng",https://beritajatim.com/banjir-kali-lamong-di-gresik-mulai-surut-luapan-air-bergeser-ke-benjeng
ann_434b9ceb259b,2009,False,[],"[""DisasterEvent""]","[""lumajang"", ""malang"", ""pasuruan"", ""probolinggo""]",[],False,candidate_unverified,copy_5253b15e13df,2025-11-19,21:33,detik,"[""disruption_candidate""]",detik_news,validation,1,"Gunung Semeru Erupsi, Akses Jalan Malang ke Lumajang Ditutup Sementara",https://news.detik.com/berita/d-8219124/gunung-semeru-erupsi-akses-jalan-malang-ke-lumajang-ditutup-sementara
ann_436936fb17db,1650,False,[],"[""DisasterEvent""]","[""bojonegoro""]","[""CrisisPreparednessAction"", ""ProcurementAction""]",False,candidate_unverified,copy_8287063b1479,2022-01-23,21:08,kompas,"[""response_query""]",kompas_regional,train,1,"Tinjau Tanggul Kali Ingas yang Jebol, Bupati Bojonegoro: Ini Sudah 3 Tahun tapi Masih Saja Banjir... Regional 23 Januari 2022",https://surabaya.kompas.com/read/2022/01/23/210827378/tinjau-tanggul-kali-ingas-yang-jebol-bupati-bojonegoro-ini-sudah-3-tahun
ann_4372855d8a03,3942,True,[],"[""SupplyShortage""]","[""gresik"", ""jember""]","[""CrisisPreparednessAction"", ""DistributionIntervention"", ""OtherResponseAction""]",False,candidate_unverified,copy_d50051a35e0c,2026-01-28,09:43,beritajatim,"[""disruption_candidate""]",beritajatim,test,1,"Januari 2026, Serapan Pupuk Bersubsidi di Jember Ngeri-Ngeri Sedap",https://beritajatim.com/januari-2026-serapan-pupuk-bersubsidi-di-jember-ngeri-ngeri-sedap
ann_43d9b9b158af,1880,False,[],"[""DisasterEvent""]","[""malang"", ""pacitan""]",[],False,candidate_unverified,copy_54a5444a28ac,2025-11-17,12:26,beritajatim,"[""disruption_candidate""]",beritajatim,validation,1,"Pacitan Diguncang Gempa M 4,1, Tidak Berpotensi Tsunami",https://beritajatim.com/pacitan-diguncang-gempa-m-41-tidak-berpotensi-tsunami
ann_43fbcd0db306,1573,False,"[""cooking_oil"", ""soybean""]","[""SupplyShortage""]","[""ngawi""]",[],False,candidate_unverified,copy_a5a5723d599e,2022-02-20,07:22,beritajatim,"[""disruption_candidate""]",beritajatim,train,1,"Produsen Tahu Pong Ngawi Kelimpungan, Imbas Kenaikan Harga Kedelai dan Langkanya Minyak Goreng",https://beritajatim.com/produsen-tahu-pong-ngawi-kelimpungan-imbas-kenaikan-harga-kedelai-dan-langkanya-minyak-goreng
ann_442dc6a967b5,2405,False,[],"[""DisasterEvent""]","[""lamongan""]","[""DistributionIntervention"", ""FoodAssistance""]",False,candidate_unverified,copy_d58130339587,2023-02-19,22:11,beritajatim,"[""disruption_candidate""]",beritajatim,train,1,Update Banjir di Lamongan: 35 Desa di 5 Kecamatan Terendam,https://beritajatim.com/update-banjir-di-lamongan-35-desa-di-5-kecamatan-terendam
ann_44553ad77f8e,1902,True,"[""sugar""]","[""SupplyShortage""]",[],"[""InspectionEnforcement""]",False,candidate_unverified,copy_3bef749a24b2,2021-04-29,,kontan,"[""disruption_candidate""]",kontan,train,0,"Puluhan ribu ton gula diduga ditimbun, selisih harga gula ikut disorot",https://industri.kontan.co.id/news/puluhan-ribu-ton-gula-diduga-ditimbun-selisih-harga-gula-ikut-disorot
ann_4455809d8c53,1907,False,[],"[""PestDiseaseEvent""]","[""banyuwangi""]",[],False,candidate_unverified,copy_6cc2e67128c2,2021-07-18,22:11,detik,"[""disruption_candidate""]",detik_news,train,1,Warga Banyuwangi Coba Usir Wabah Corona dengan Tradisi Pelkudukan,https://news.detik.com/berita-jawa-timur/d-5648234/warga-banyuwangi-coba-usir-wabah-corona-dengan-tradisi-pelkudukan
ann_448253d03a69,1764,False,[],"[""DisasterEvent"", ""WeatherDisruption""]","[""blitar"", ""situbondo"", ""surabaya""]","[""DistributionIntervention"", ""FoodAssistance""]",False,candidate_unverified,copy_fe1307bfa9a2,2023-06-13,21:02,kompas,"[""disruption_candidate""]",kompas_regional,train,1,"Masuk Musim Kemarau, 500 Desa di Jatim Terancam Alami Kering Kritis Regional 13 Juni 2023",https://surabaya.kompas.com/read/2023/06/13/210219578/masuk-musim-kemarau-500-desa-di-jatim-terancam-alami-kering-kritis
ann_44aff9259651,3780,False,"[""broad_food"", ""chicken_eggs"", ""corn""]","[""SupplyShortage""]","[""blitar""]","[""DistributionIntervention"", ""MarketOperationAction"", ""ReserveRelease""]",False,candidate_unverified,copy_3c8ca3c4c3cf,2022-09-02,21:30,kompas,"[""disruption_candidate"", ""response_query""]",kompas_money,train,1,"Stabilkan Harga Telur Ayam, Badan Pangan Nasional Gelar Operasi Pasar Money 2 September 2022",https://money.kompas.com/read/2022/09/02/213000826/stabilkan-harga-telur-ayam-badan-pangan-nasional-gelar-operasi-pasar
ann_44eeeec13aa7,1753,False,"[""corn""]","[""SupplyShortage""]","[""blitar"", ""gresik"", ""lamongan"", ""tuban""]",[],False,candidate_unverified,copy_f8e86cd00f80,2021-09-23,17:00,kompas,"[""disruption_candidate""]",kompas_regional,train,1,"Peternak Ragukan Klaim Kementan soal Stok Jagung 2,3 Juta Ton, Mengapa? Regional 23 September 2021",https://regional.kompas.com/read/2021/09/23/170043978/peternak-ragukan-klaim-kementan-soal-stok-jagung-23-juta-ton-mengapa
ann_4514a44c1b4f,1915,False,[],"[""DisasterEvent""]","[""lumajang"", ""malang""]","[""CrisisPreparednessAction""]",False,candidate_unverified,copy_5e05d2d74045,2025-11-20,14:10,beritajatim,"[""disruption_candidate""]",beritajatim,validation,1,"Pantau Dampak Erupsi Semeru di Lumajang, Gubernur Jatim Tegaskan Keselamatan Warga Jadi Prioritas",https://beritajatim.com/pantau-erupsi-semeru-lumajang-gubernur-jatim-tegaskan-keselamatan-warga-prioritas
ann_451dee2cd96a,3444,False,"[""broad_food""]","[""DisasterEvent""]","[""bangkalan"", ""banyuwangi"", ""blitar"", ""bojonegoro"", ""gresik"", ""jember"", ""kediri"", ""lamongan"", ""lumajang"", ""madiun"", ""magetan"", ""malang"", ""mojokerto"", ""nganjuk"", ""ngawi"", ""pacitan"", ""ponorogo"", ""surabaya"", ""trenggalek"", ""tuban"", ""tulungagung""]",[],False,candidate_unverified,copy_92d4a106a779,2023-07-01,23:28,beritajatim,"[""disruption_candidate""]",beritajatim,train,1,"Dampak Gempa Yogyakarta, Khofifah Kirim Bantuan Kedaruratan ke Pacitan",https://beritajatim.com/dampak-gempa-yogyakarta-khofifah-kirim-bantuan-kedaruratan-ke-pacitan
ann_4538ed7cc6db,2453,False,[],"[""DisasterEvent"", ""WeatherDisruption""]","[""bangkalan"", ""banyuwangi"", ""blitar"", ""bojonegoro"", ""bondowoso"", ""gresik"", ""jember"", ""jombang"", ""kediri"", ""lamongan"", ""lumajang"", ""madiun"", ""magetan"", ""malang"", ""mojokerto"", ""nganjuk"", ""ngawi"", ""pacitan"", ""pamekasan"", ""pasuruan"", ""ponorogo"", ""probolinggo"", ""sampang"", ""sidoarjo"", ""situbondo"", ""surabaya"", ""trenggalek"", ""tuban"", ""tulungagung""]",[],False,candidate_unverified,copy_d28fe38a8d74,2025-10-21,09:43,beritajatim,"[""disruption_candidate""]",beritajatim,validation,1,"Surabaya Hujan, BMKG Juanda Ingatkan Potensi Cuaca Ekstrem Selama Pancaroba",https://beritajatim.com/surabaya-hujan-bmkg-juanda-ingatkan-cuaca-ekstrem-pancaroba
ann_45401b153231,1719,False,[],"[""DisasterEvent""]","[""mojokerto""]",[],False,candidate_unverified,copy_22f6dc4d5711,2026-02-23,20:23,beritajatim,"[""disruption_candidate""]",beritajatim,test,1,"Longsor TPT Pacet Mojokerto, Akses Jalan Raya Padusan Tergerus",https://beritajatim.com/longsor-tpt-pacet-mojokerto-akses-jalan-raya-padusan-tergerus
ann_4592f620e89e,1852,False,[],"[""DisasterEvent""]","[""tuban""]",[],False,candidate_unverified,copy_241c68b71baa,2025-10-21,21:34,kompas,"[""disruption_candidate""]",kompas_regional,validation,1,"Tambang Pasir Diduga Milik Anggota DPR Longsor di Tuban, 1 Meninggal dan 2 Luka-luka Regional 21 Oktober 2025",https://surabaya.kompas.com/read/2025/10/21/213426278/tambang-pasir-diduga-milik-anggota-dpr-longsor-di-tuban-1-meninggal-dan-2
ann_459a52d59884,2660,False,"[""chili"", ""sugar""]","[""DisasterEvent""]","[""malang"", ""pacitan""]",[],False,candidate_unverified,copy_e1b69f34840d,2023-08-05,,kontan,"[""disruption_candidate""]",kontan,train,0,"Genjot Generasi Petani Muda di Pacitan, Kementan Gelar Pameran Open Day",https://regional.kontan.co.id/news/genjot-generasi-petani-muda-di-pacitan-kementan-gelar-pameran-open-day
ann_459ef4cddeab,2387,False,[],"[""DisasterEvent""]","[""kediri"", ""tulungagung""]",[],False,candidate_unverified,copy_90efa73a4780,2021-11-18,23:13,detik,"[""disruption_candidate""]",detik_news,train,1,"Longsor Terjang Sejumlah Titik di Tulungagung, Rumah Jebol Hingga Warga Terjebak",https://news.detik.com/berita-jawa-timur/d-5817618/longsor-terjang-sejumlah-titik-di-tulungagung-rumah-jebol-hingga-warga-terjebak
ann_45c10145e058,3510,False,"[""corn""]","[""ProductionDisruption""]","[""gresik""]","[""DistributionIntervention"", ""OtherResponseAction""]",False,candidate_unverified,copy_f1fdee3c387f,2021-10-16,,kontan,"[""disruption_candidate""]",kontan,train,0,Erick Thohir sebut petani Lampung dapat pendampingan program Makmur Pupuk Indonesia,https://industri.kontan.co.id/news/erick-thohir-sebut-petani-lampung-dapat-pendampingan-program-makmur-pupuk-indonesia
ann_45e479bdffe0,1976,False,"[""broad_food"", ""rice""]","[""SupplyShortage"", ""WeatherDisruption""]","[""sumenep"", ""surabaya""]",[],False,candidate_unverified,copy_e7fe32d1ad33,2023-02-27,17:55,kompas,"[""disruption_candidate""]",kompas_regional,train,1,"2 Pekan Tak Ada Pelayaran Imbas Cuaca Ekstrem, Warga di Kepulauan Masalembu Sumenep Sulit Dapatkan Beras Regional 27 Februari 2023",https://surabaya.kompas.com/read/2023/02/27/175522578/2-pekan-tak-ada-pelayaran-imbas-cuaca-ekstrem-warga-di-kepulauan-masalembu
ann_45ee1baac0de,3100,False,[],"[""DisasterEvent"", ""WeatherDisruption""]","[""lamongan""]",[],False,candidate_unverified,copy_55ee9af4afad,2021-10-25,13:07,beritajatim,"[""disruption_candidate""]",beritajatim,train,1,Inilah Langkah Pemkab Lamongan untuk Antisipasi Bencana Hidrometeorologi,https://beritajatim.com/inilah-langkah-pemkab-lamongan-untuk-antisipasi-bencana-hidrometeorologi
ann_46398ccdb231,2360,False,"[""broad_food""]","[""DisasterEvent"", ""WeatherDisruption""]","[""jember""]","[""DistributionIntervention"", ""FoodAssistance""]",False,candidate_unverified,copy_25577a3a854e,2025-12-17,11:48,kompas,"[""disruption_candidate"", ""response_query""]",kompas_regional,validation,1,"Terseret Banjir, Lansia di Jember Ditemukan Meninggal di Tepi Sungai Regional 17 Desember 2025",https://surabaya.kompas.com/read/2025/12/17/114806778/terseret-banjir-lansia-di-jember-ditemukan-meninggal-di-tepi-sungai
ann_463cd2de13c4,2269,False,"[""fish"", ""soybean""]","[""ProductionDisruption""]",[],[],False,candidate_unverified,copy_025b7fece414,2026-01-14,,kontan,"[""disruption_candidate""]",kontan,test,0,Kenapa Harga Garam Melonjak Gila-gilaan? Pemicu Utamanya Bukan Impor,https://newssetup.kontan.co.id/news/kenapa-harga-garam-melonjak-gila-gilaan-pemicu-utamanya-bukan-impor
ann_4643fcc77931,2578,False,"[""rice""]","[""PestDiseaseEvent""]",[],"[""DistributionIntervention"", ""OtherResponseAction""]",False,candidate_unverified,copy_4a815e0a2d5d,2023-10-12,20:16,kompas,"[""disruption_candidate""]",kompas_money,train,1,Pasokan Pupuk Dipastikan Aman untuk Masa Tanam I 2023-2024 Money 12 Oktober 2023,https://money.kompas.com/read/2023/10/12/201604726/pasokan-pupuk-dipastikan-aman-untuk-masa-tanam-i-2023-2024
ann_465801c85607,2183,False,"[""broad_food"", ""rice""]","[""DisasterEvent""]","[""surabaya""]","[""DistributionIntervention"", ""FoodAssistance""]",False,candidate_unverified,copy_f7a965db66c0,2025-12-04,15:07,kompas,"[""disruption_candidate""]",kompas_regional,validation,1,"Pemkot Surabaya Kirim 2,2 Ton Beras untuk Korban Banjir Sumatera, Donasi Terkumpul Rp 194,9 Juta Regional 4 Desember 2025",https://surabaya.kompas.com/read/2025/12/04/150758778/pemkot-surabaya-kirim-22-ton-beras-untuk-korban-banjir-sumatera-donasi
ann_46756ec6dee5,2813,False,[],"[""DisasterEvent""]","[""bojonegoro"", ""tuban""]",[],False,candidate_unverified,copy_dda7322370d0,2024-12-16,20:12,kompas,"[""disruption_candidate""]",kompas_regional,train,1,"Sungai Meluap, 11 Desa di Tuban Terendam Banjir Regional 16 Desember 2024",https://surabaya.kompas.com/read/2024/12/16/201253178/sungai-meluap-11-desa-di-tuban-terendam-banjir
ann_46d42dc5e8b0,2315,False,"[""broad_food"", ""rice""]","[""DisasterEvent""]","[""surabaya""]","[""ProcurementAction""]",False,candidate_unverified,copy_597c5be6739e,2025-12-04,15:43,beritajatim,"[""disruption_candidate""]",beritajatim,validation,1,"Peduli Banjir Sumatera, Pemkot Surabaya Terbangkan 2,2 Ton Beras dan Logistik Senilai Rp194,9 Juta",https://beritajatim.com/surabaya-kirim-bantuan-banjir-sumatera-bpbd
ann_46dd2eee0171,1668,False,[],"[""DisasterEvent""]","[""jember"", ""lumajang"", ""malang"", ""pasuruan"", ""probolinggo"", ""surabaya""]",[],False,candidate_unverified,copy_778bb6ce2d55,2021-02-19,21:18,kompas,"[""disruption_candidate""]",kompas_regional,train,1,"7 Daerah di Jatim Berstatus Siaga Bencana, Ini Peringatan dan Imbauan BMKG News 19 Februari 2021",https://regional.kompas.com/read/2021/02/19/21184331/7-daerah-di-jatim-berstatus-siaga-bencana-ini-peringatan-dan-imbauan-bmkg
ann_47110c5dd39b,1792,False,[],"[""DisasterEvent"", ""WeatherDisruption""]","[""banyuwangi""]",[],False,candidate_unverified,copy_71135b1a8be9,2021-10-21,06:40,kompas,"[""disruption_candidate""]",kompas_regional,train,1,"184 Desa di Banyuwangi Rawan Banjir Jelang Musim Hujan, BPBD Imbau Waspada Regional 21 Oktober 2021",https://regional.kompas.com/read/2021/10/21/064042378/184-desa-di-banyuwangi-rawan-banjir-jelang-musim-hujan-bpbd-imbau-waspada
ann_47146a298c37,2463,False,"[""broad_food"", ""corn""]","[""DisasterEvent""]","[""jember"", ""jombang"", ""kediri"", ""nganjuk""]",[],False,candidate_unverified,copy_7549c3e6173b,2025-08-28,,kontan,"[""disruption_candidate""]",kontan,validation,0,"Harga Jagung Naik, Ini Penjelasan Petani",https://nasional.kontan.co.id/news/harga-jagung-naik-ini-penjelasan-petani
ann_472f46fa5400,1477,False,[],"[""DisasterEvent""]","[""sidoarjo""]",[],False,candidate_unverified,copy_1e65b6c10b7c,2023-12-08,15:29,beritajatim,"[""disruption_candidate""]",beritajatim,train,1,"Gudang Lazada Terbakar Hingga Ambruk, Barang Paketan Hangus",https://beritajatim.com/gudang-lazada-terbakar-hingga-ambruk-barang-paketan-hangus
ann_47513fe97570,2296,False,"[""rice""]","[""WeatherDisruption""]",[],"[""ImportExportAction"", ""ProcurementAction""]",False,candidate_unverified,copy_50bde57bf9d6,2024-08-26,16:34,kompas,"[""response_query""]",kompas_money,train,1,Mentan Amran: Kami Dulu Anti Impor... Money 26 Agustus 2024,https://money.kompas.com/read/2024/08/26/163400626/mentan-amran--kami-dulu-anti-impor-
ann_47533c20070e,2319,False,[],"[""DisasterEvent""]","[""surabaya""]","[""CrisisPreparednessAction"", ""DistributionIntervention"", ""ProcurementAction""]",False,candidate_unverified,copy_3eb21e2519fe,2025-12-29,19:24,kompas,"[""response_query""]",kompas_regional,validation,1,Mensos Gus Ipul Siapkan BLT hingga Rp 8 Juta per Keluarga bagi Korban Bencana di Sumatera Regional 29 Desember 2025,https://surabaya.kompas.com/read/2025/12/29/192454278/mensos-gus-ipul-siapkan-blt-hingga-rp-8-juta-per-keluarga-bagi-korban
ann_4776e1105edb,2528,False,[],"[""DisasterEvent""]","[""banyuwangi""]",[],False,candidate_unverified,copy_36283da22576,2025-12-17,11:45,beritajatim,"[""disruption_candidate""]",beritajatim,validation,1,"Banyuwangi Dilanda Banjir, Bupati Ipuk Instruksikan Pembersihan Drainase Segera",https://beritajatim.com/banyuwangi-dilanda-banjir-bupati-ipuk-instruksikan-pembersihan-drainase
ann_477e2e9cd6e2,2819,False,[],"[""DisasterEvent""]","[""blitar"", ""mojokerto"", ""sidoarjo""]",[],False,candidate_unverified,copy_51125654ee2a,2025-04-05,18:40,beritajatim,"[""disruption_candidate""]",beritajatim,validation,1,Gubernur Khofifah Takziah ke Korban Longsor di Jalur Mojokerto – Batu,https://beritajatim.com/gubernur-khofifah-takziah-ke-korban-longsor-di-jalur-mojokerto-batu
ann_47e769857dae,1779,False,"[""beef"", ""fish""]","[""PestDiseaseEvent""]",[],[],False,candidate_unverified,copy_004ad8826aa9,2022-05-18,20:21,kompas,"[""disruption_candidate""]",kompas_regional,train,1,"Dampak PMK, Stok Sapi di Bandung Barat Terancam Tak Cukup untuk Idul Adha Regional 18 Mei 2022",https://regional.kompas.com/read/2022/05/18/202132378/dampak-pmk-stok-sapi-di-bandung-barat-terancam-tak-cukup-untuk-idul-adha
ann_481890062f59,2637,False,[],"[""WeatherDisruption""]","[""banyuwangi"", ""bondowoso"", ""situbondo""]",[],False,candidate_unverified,copy_357cfa8e92ee,2022-07-20,21:15,beritajatim,"[""disruption_candidate""]",beritajatim,train,1,"Gandeng Kanada, Wamendag Jerry: Bangkitkan Ekspor Kopi Indonesia",https://beritajatim.com/gandeng-kanada-wamendag-jerry-bangkitkan-ekspor-kopi-indonesia
ann_481ca6cc7fd0,1317,False,"[""rice""]","[""DisasterEvent"", ""WeatherDisruption""]",[],"[""CrisisPreparednessAction""]",False,candidate_unverified,copy_48362162839b,2023-08-07,,kontan,"[""disruption_candidate""]",kontan,train,0,"Antisipasi Efek El-Nino, Kementan Buat Gerakan Tanam Padi 500.000 Hektare",https://nasional.kontan.co.id/news/antisipasi-efek-el-nino-kementan-buat-gerakan-tanam-padi-500000-hektare
ann_4843fcf94662,2256,True,[],"[""DisasterEvent""]","[""pacitan"", ""ponorogo""]",[],False,candidate_unverified,copy_78a81034e001,2026-02-27,13:26,beritajatim,"[""disruption_candidate""]",beritajatim,test,1,"Akses Pacitan-Ponorogo Lumpuh Total Akibat Longsor di Tegalombo, Petugas Terapkan Buka Tutup",https://beritajatim.com/akses-pacitan-ponorogo-lumpuh-total-akibat-longsor-di-tegalombo-petugas-terapkan-buka-tutup
ann_4872fe7a85bf,4157,False,[],"[""DisasterEvent""]",[],"[""DistributionIntervention"", ""OtherResponseAction""]",False,candidate_unverified,copy_1bd706f33832,2022-08-19,19:20,detik,"[""response_query""]",detik_finance,train,1,Begini Cara Pertamina Pasok BBM Subsidi ke Pelosok,https://finance.detik.com/energi/d-6243748/begini-cara-pertamina-pasok-bbm-subsidi-ke-pelosok
ann_487411072603,1223,False,[],"[""DisasterEvent""]","[""blitar"", ""pacitan""]",[],False,candidate_unverified,copy_379876039a54,2023-01-18,,kontan,"[""disruption_candidate""]",kontan,train,0,"Gempa Bumi Magnitudo 5,4 Mengguncang Tenggara Pacitan, Tidak Berpotensi Tsunami",https://regional.kontan.co.id/news/gempa-bumi-magnitudo-54-mengguncang-tenggara-pacitan-tidak-berpotensi-tsunami
ann_48897a13a5f5,2067,False,[],"[""DisasterEvent""]","[""ponorogo""]",[],False,candidate_unverified,copy_363c9ad3cb17,2025-11-21,08:39,kompas,"[""disruption_candidate""]",kompas_regional,validation,1,Korban Longsor Ponorogo Berkaca-kaca Saat Didatangi Plt Bupati: Hanya Tersisa Baju di Tubuh Regional 21 November 2025,https://surabaya.kompas.com/read/2025/11/21/083959578/korban-longsor-ponorogo-berkaca-kaca-saat-didatangi-plt-bupati-hanya
ann_488e17799da3,2863,False,"[""rice""]","[""PestDiseaseEvent""]","[""bojonegoro"", ""lamongan"", ""ngawi""]","[""CrisisPreparednessAction""]",False,candidate_unverified,copy_9f2ec6affcd1,2026-04-04,15:44,beritajatim,"[""disruption_candidate""]",beritajatim,test,1,"Produksi Padi Ngawi 2025 Tembus 772 Ribu Ton, Produktivitas Tertinggi di Jatim",https://beritajatim.com/produksi-padi-ngawi-2025-tembus-772-ribu-ton-produktivitas-tertinggi-di-jatim
ann_48924769b7e2,1999,False,[],"[""DisasterEvent""]","[""jember""]",[],False,candidate_unverified,copy_032c855b0e29,2022-10-25,16:41,kompas,"[""disruption_candidate""]",kompas_regional,train,1,"Waspada Potensi Bencana, Bupati Jember Aktifkan Posko Penanggulangan di Kecamatan Regional 25 Oktober 2022",https://surabaya.kompas.com/read/2022/10/25/164154778/waspada-potensi-bencana-bupati-jember-aktifkan-posko-penanggulangan-di
ann_489e2370ec07,4362,False,[],"[""DisasterEvent""]","[""madiun"", ""ponorogo""]",[],False,candidate_unverified,copy_892614b1617c,2021-09-07,18:54,detik,"[""disruption_candidate""]",detik_finance,train,1,Bendungan Bendo di Ponorogo Diklaim Bisa Reduksi Banjir hingga 31%,https://finance.detik.com/infrastruktur/d-5713915/bendungan-bendo-di-ponorogo-diklaim-bisa-reduksi-banjir-hingga-31
ann_48ca86e067a1,2211,False,[],"[""DisasterEvent"", ""WeatherDisruption""]","[""pamekasan""]",[],False,candidate_unverified,copy_e41a1bf11970,2021-11-20,21:12,kompas,"[""disruption_candidate""]",kompas_regional,train,1,"2 Hari Diguyur Hujan, 2 Desa di Pamekasan Dilanda Longsor Regional 20 November 2021",https://regional.kompas.com/read/2021/11/20/211211778/2-hari-diguyur-hujan-2-desa-di-pamekasan-dilanda-longsor
ann_48cd59a6a2e0,2402,False,"[""broad_food""]","[""DisasterEvent""]","[""kediri""]","[""DistributionIntervention"", ""FoodAssistance""]",False,candidate_unverified,copy_d3776f39eed8,2022-12-13,21:07,beritajatim,"[""response_query""]",beritajatim,train,1,Korpri Kota Kediri Siapkan Dana Rp 50 Juta untuk Bantu Korban Gempa Cianjur,https://beritajatim.com/korpri-kota-kediri-siapkan-dana-rp-50-juta-untuk-bantu-korban-gempa-cianjur
ann_48d0ff7abc78,2680,False,[],"[""DisasterEvent"", ""WeatherDisruption""]","[""bangkalan"", ""banyuwangi"", ""blitar"", ""bojonegoro"", ""bondowoso"", ""gresik"", ""jember"", ""jombang"", ""kediri"", ""lamongan"", ""lumajang"", ""madiun"", ""magetan"", ""malang"", ""mojokerto"", ""nganjuk"", ""ngawi"", ""pacitan"", ""pamekasan"", ""pasuruan"", ""ponorogo"", ""probolinggo"", ""sampang"", ""sidoarjo"", ""situbondo"", ""sumenep"", ""surabaya"", ""trenggalek"", ""tuban"", ""tulungagung""]",[],False,candidate_unverified,copy_fb22b3a2c22c,2023-01-29,23:16,beritajatim,"[""disruption_candidate""]",beritajatim,train,1,"Cuaca Ekstrem di Jombang, Pohon Besar Tumbang Timpa Rumah",https://beritajatim.com/cuaca-ekstrem-di-jombang-pohon-besar-tumbang-timpa-rumah
ann_4900c92315f9,2044,False,[],"[""DisasterEvent""]","[""jember""]",[],False,candidate_unverified,copy_23d920dfcc59,2026-02-06,19:05,beritajatim,"[""disruption_candidate""]",beritajatim,test,1,"Ancaman Banjir Bandang Panti Jember Masih Membayangi, Perlu Relokasi Rumah Warga",https://beritajatim.com/ancaman-banjir-bandang-panti-jember-masih-membayangi-perlu-relokasi-rumah-warga
ann_490e16caa18e,2026,False,[],"[""DisasterEvent""]","[""gresik"", ""lamongan""]",[],False,candidate_unverified,copy_9fb41a1a626c,2021-12-27,15:36,kompas,"[""disruption_candidate""]",kompas_regional,train,1,"Hujan Deras Disertai Angin Kencang, Sejumlah Pohon di Gresik dan Lamongan Bertumbangan Regional 27 Desember 2021",https://surabaya.kompas.com/read/2021/12/27/153624078/hujan-deras-disertai-angin-kencang-sejumlah-pohon-di-gresik-dan-lamongan
ann_492f0c8ad713,2007,False,"[""broad_food""]","[""DisasterEvent""]","[""banyuwangi""]",[],False,candidate_unverified,copy_96ec291e79f5,2025-11-24,14:09,kompas,"[""disruption_candidate""]",kompas_regional,validation,1,"Banjir Terjang 6 Desa di Banyuwangi, Ini Perintah Bupati Ipuk Regional 24 November 2025",https://surabaya.kompas.com/read/2025/11/24/140938078/banjir-terjang-6-desa-di-banyuwangi-ini-perintah-bupati-ipuk
ann_495fe756f74e,2371,False,"[""broad_food""]","[""DisasterEvent""]","[""jombang""]",[],False,candidate_unverified,copy_b4a8cd491fa7,2024-12-13,19:00,kompas,"[""disruption_candidate""]",kompas_regional,train,1,"Ratusan Warga Jombang Masih Mengungsi akibat Banjir, Polisi Hadirkan Badut untuk Hibur Anak-anak Regional 13 Desember 2024",https://surabaya.kompas.com/read/2024/12/13/190041578/ratusan-warga-jombang-masih-mengungsi-akibat-banjir-polisi-hadirkan-badut
ann_498b202103d6,705,False,[],"[""DisasterEvent""]","[""blitar"", ""jember"", ""lumajang"", ""pacitan"", ""surabaya""]",[],False,candidate_unverified,copy_7b0b713ca3cd,2024-05-11,05:44,kompas,"[""disruption_candidate""]",kompas_regional,train,1,"Gempa Magnitudo 5,2 Guncang Wilayah Lumajang Regional 11 Mei 2024",https://regional.kompas.com/read/2024/05/11/054412378/gempa-magnitudo-52-guncang-wilayah-lumajang
ann_499191cd9011,2267,False,[],"[""DisasterEvent"", ""WeatherDisruption""]","[""pasuruan""]",[],False,candidate_unverified,copy_3f52bd565957,2022-01-18,,kontan,"[""disruption_candidate""]",kontan,train,0,"Sempat Surut, Banjir Kembali Kepung Enam Kecamatan di Pasuruan",https://regional.kontan.co.id/news/sempat-surut-banjir-kembali-kepung-enam-kecamatan-di-pasuruan
ann_49f5c3114a38,1485,False,"[""chili"", ""corn""]","[""DisasterEvent""]","[""lumajang"", ""malang"", ""surabaya""]",[],False,candidate_unverified,copy_b6db5e66d6d5,2022-12-05,21:57,beritajatim,"[""disruption_candidate""]",beritajatim,train,1,Pasokan Sayur di Pasar Induk Gadang Malang Tidak Terpengaruh Erupsi Semeru,https://beritajatim.com/pasokan-sayur-di-pasar-induk-gadang-malang-tidak-terpengaruh-erupsi-semeru
ann_4a47e504292c,2086,False,[],"[""DisasterEvent""]","[""gresik"", ""jombang"", ""lamongan"", ""madiun"", ""mojokerto"", ""nganjuk"", ""pasuruan"", ""sidoarjo"", ""sumenep"", ""surabaya"", ""tuban""]",[],False,candidate_unverified,copy_dd53e6d2575a,2023-06-20,18:07,kompas,"[""disruption_candidate""]",kompas_regional,train,1,Pakar Geologi ITS Menduga Gempa Mojokerto Disebabkan Aktivitas Sesar Baru Regional 20 Juni 2023,https://surabaya.kompas.com/read/2023/06/20/180702678/pakar-geologi-its-menduga-gempa-mojokerto-disebabkan-aktivitas-sesar-baru
ann_4a8b15503a04,1246,False,[],"[""DisasterEvent"", ""WeatherDisruption""]","[""magetan""]",[],False,candidate_unverified,copy_0e2b5a4f33fd,2021-03-16,23:41,detik,"[""disruption_candidate""]",detik_news,train,1,"Hujan Lebat Tiga Jam, Enam Desa di Magetan Diterjang Banjir",https://news.detik.com/berita-jawa-timur/d-5496246/hujan-lebat-tiga-jam-enam-desa-di-magetan-diterjang-banjir
ann_4a92388706f6,1644,False,[],"[""DisasterEvent""]","[""gresik""]","[""CrisisPreparednessAction"", ""DistributionIntervention""]",False,candidate_unverified,copy_8dde318d276f,2025-11-20,21:52,beritajatim,"[""disruption_candidate""]",beritajatim,validation,1,Banjir Tak Kunjung Surut di Menganti: Puluhan Warga Dievakuasi BPBD Gresik,https://beritajatim.com/banjir-tak-kunjung-surut-di-menganti-puluhan-warga-dievakuasi-bpbd-gresik
ann_4ab3f9631af1,1313,False,"[""rice""]","[""PestDiseaseEvent""]","[""pacitan"", ""ponorogo""]","[""ProcurementAction""]",False,candidate_unverified,copy_b64a317157ed,2025-04-11,19:05,beritajatim,"[""disruption_candidate"", ""response_query""]",beritajatim,validation,1,"Serapan Bulog Masih Minim, Harga Gabah Rp6.500 Jadi Angin Segar bagi Petani Pacitan",https://beritajatim.com/serapan-bulog-masih-minim-harga-gabah-rp6-500-jadi-angin-segar-bagi-petani-pacitan
ann_4ace43086ff6,2889,False,"[""rice""]","[""DisasterEvent"", ""WeatherDisruption""]","[""jember""]",[],False,candidate_unverified,copy_5f81e830f63a,2026-02-03,06:59,beritajatim,"[""disruption_candidate""]",beritajatim,test,1,"Banjir Bandang di Jember, Puluhan Rumah Rusak, Seorang ASN Tewas Terseret Arus",https://beritajatim.com/banjir-bandang-di-jember-puluhan-rumah-rusak-seorang-asn-tewas-terseret-arus
ann_4ad122da0e14,2141,False,[],"[""DisasterEvent""]","[""lumajang"", ""malang""]",[],False,candidate_unverified,copy_eb9e93bf48c1,2021-12-04,22:42,kompas,"[""disruption_candidate""]",kompas_nasional,train,1,"Jembatan Gladagperak Putus akibat Erupsi Semeru, Lumajang Harapkan Bantuan Pemkab Malang News 4 Desember 2021",https://nasional.kompas.com/read/2021/12/04/22425451/jembatan-gladagperak-putus-akibat-erupsi-semeru-lumajang-harapkan-bantuan
ann_4b16718a0283,2871,True,[],"[""DisasterEvent"", ""WeatherDisruption""]","[""surabaya""]","[""CrisisPreparednessAction""]",False,candidate_unverified,copy_92b9a5467a96,2023-11-02,19:38,beritajatim,"[""disruption_candidate""]",beritajatim,train,1,"Jawa Timur Masih Dilanda Kemarau Ekstrem, Ini Solusi BMKG",https://beritajatim.com/jawa-timur-masih-dilanda-kemarau-ekstrem-ini-solusi-bmkg
ann_4b3cbe4ca85d,4015,True,"[""broad_food"", ""rice""]","[""PestDiseaseEvent""]","[""mojokerto""]",[],False,candidate_unverified,copy_40ba5f136a0b,2023-09-08,05:22,beritajatim,"[""disruption_candidate""]",beritajatim,train,1,Gubernur Khofifah Nilai MTS Sebagai Upaya Kurangi Ketergantungan Pupuk dan Menjaga Ketahanan Pangan,https://beritajatim.com/gubernur-khofifah-nilai-mts-sebagai-upaya-kurangi-ketergantungan-pupuk-dan-menjaga-ketahanan-pangan
ann_4b4dfae9ec0d,1586,False,[],"[""DisasterEvent""]","[""bondowoso""]","[""CrisisPreparednessAction""]",False,candidate_unverified,copy_1b60362bca9f,2026-04-06,19:45,beritajatim,"[""response_query""]",beritajatim,test,1,"Kebakaran Gudang di Bondowoso Diduga karena Korsleting, Kerugian Capai Rp40 Juta",https://beritajatim.com/kebakaran-gudang-di-bondowoso-diduga-karena-korsleting-kerugian-capai-rp40-juta
ann_4b632ad5362d,2179,True,[],"[""DisasterEvent""]","[""gresik"", ""sidoarjo"", ""surabaya""]",[],False,candidate_unverified,copy_c92998e4d391,2024-12-17,08:24,beritajatim,"[""disruption_candidate""]",beritajatim,train,1,"Perumahan MCA Sidoarjo Banjir, BMKG Prediksi Hujan Petir Hari Ini",https://beritajatim.com/perumahan-mca-sidoarjo-banjir-bmkg-prediksi-hujan-petir-hari-ini
ann_4b65a3313a60,3664,False,"[""rice""]","[""PestDiseaseEvent""]",[],[],False,candidate_unverified,copy_17a4a93c4b1a,2021-07-25,19:54,detik,"[""disruption_candidate""]",detik_finance,train,1,Mentan: Di Seluruh Indonesia Tidak Ada Hari Tanpa Panen Padi,https://finance.detik.com/berita-ekonomi-bisnis/d-5656382/mentan-di-seluruh-indonesia-tidak-ada-hari-tanpa-panen-padi
ann_4b82f70d2c0f,2925,False,"[""broad_food"", ""fish"", ""rice""]","[""DisasterEvent"", ""ProductionDisruption"", ""WeatherDisruption""]","[""tuban""]","[""OtherResponseAction""]",False,candidate_unverified,copy_c84bbbb08de8,2023-06-20,18:57,beritajatim,"[""disruption_candidate""]",beritajatim,train,1,DKP2P Tuban Buka Pendaftaran Asuransi Usaha Tani Padi,https://beritajatim.com/dkp2p-tuban-buka-pendaftaran-asuransi-usaha-tani-padi
ann_4ba25984a823,1790,False,"[""rice""]","[""WeatherDisruption""]","[""banyuwangi""]","[""DistributionIntervention"", ""FoodAssistance"", ""ReserveRelease""]",False,candidate_unverified,copy_8ad3e57c2e9d,2023-12-27,,kontan,"[""disruption_candidate"", ""response_query""]",kontan,train,0,"Dongkrak Daya Beli Masyarakat, Presiden Jokowi Serahkan BLT El Nino",https://nasional.kontan.co.id/news/dongkrak-daya-beli-masyarakat-presiden-jokowi-serahkan-blt-el-nino
ann_4bba37ad9d22,1961,False,"[""rice""]","[""PestDiseaseEvent""]","[""banyuwangi""]",[],False,candidate_unverified,copy_3167a2589a63,2025-09-24,22:54,kompas,"[""disruption_candidate""]",kompas_regional,validation,1,"Cerita Petani di Banyuwangi, Kerja Serabutan demi Tutupi Hasil Panen yang Gagal Regional 24 September 2025",https://surabaya.kompas.com/read/2025/09/24/225456378/cerita-petani-di-banyuwangi-kerja-serabutan-demi-tutupi-hasil-panen-yang
ann_4bc09076c802,2221,False,"[""broad_food"", ""cooking_oil"", ""rice"", ""sugar""]","[""DisasterEvent""]","[""gresik"", ""malang"", ""surabaya""]","[""DistributionIntervention"", ""FoodAssistance""]",False,candidate_unverified,copy_c6bdf33467c9,2022-10-19,23:46,beritajatim,"[""disruption_candidate""]",beritajatim,train,1,BUMN se-Jatim Gelontor 1.500 Paket Sembako ke Korban Banjir dan Longsor di Malang,https://beritajatim.com/bumn-se-jatim-gelontor-1-500-paket-sembako-ke-korban-banjir-dan-longsor-di-malang
ann_4bc60ec11f31,1252,False,[],"[""DisasterEvent""]","[""banyuwangi"", ""situbondo""]",[],False,candidate_unverified,copy_d0e56cfb32a4,2025-09-25,18:08,kompas,"[""disruption_candidate""]",kompas_regional,validation,1,"Terdampak Getaran Gempa Selat Bali, Rumah di Situbondo Rusak Regional 25 September 2025",https://surabaya.kompas.com/read/2025/09/25/180843478/terdampak-getaran-gempa-selat-bali-rumah-di-situbondo-rusak
ann_4beee6d557ee,1554,False,[],"[""DisasterEvent""]","[""gresik""]",[],False,candidate_unverified,copy_32a1ccb8430e,2025-09-19,11:15,beritajatim,"[""disruption_candidate""]",beritajatim,validation,1,Kebakaran Rumah di Jalan Kapten Dulasim Gresik Diduga Akibat Konsleting Listrik,https://beritajatim.com/kebakaran-rumah-di-jalan-kapten-dulasim-gresik-diduga-akibat-konsleting-listrik
ann_4c4d154084bd,1492,False,[],"[""DisasterEvent""]","[""magetan""]",[],False,candidate_unverified,copy_24a03d5d334b,2025-11-10,19:33,beritajatim,"[""disruption_candidate""]",beritajatim,validation,1,Ini Identitas Korban yang Tertimbun Longsor Jalan Gonggang-Poncol Magetan,https://beritajatim.com/ini-identitas-korban-yang-tertimbun-longsor-jalan-gonggang-poncol-magetan
ann_4c6671930f2d,2282,False,[],"[""DisasterEvent"", ""WeatherDisruption""]","[""pasuruan""]",[],False,candidate_unverified,copy_f8ab817c4e97,2026-03-25,15:40,beritajatim,"[""disruption_candidate""]",beritajatim,test,1,"Banjir Pasuruan Rendam 9 Kecamatan Mulai Surut, Ribuan KK Masih Mengungsi",https://beritajatim.com/banjir-pasuruan-rendam-9-kecamatan-mulai-surut-ribuan-kk-masih-mengungsi
ann_4c6db41bef80,7226,True,[],"[""DisasterEvent"", ""SupplyShortage""]","[""gresik""]","[""CrisisPreparednessAction"", ""DistributionIntervention"", ""OtherResponseAction"", ""ProcurementAction""]",False,candidate_unverified,copy_1fa58ddff078,2025-08-18,,kontan,"[""disruption_candidate"", ""response_query""]",kontan,validation,0,Gangguan Pasokan Gas Cermin Lemahnya Tata Kelola dan Infrastruktur Energi,https://industri.kontan.co.id/news/gangguan-pasokan-gas-cermin-lemahnya-tata-kelola-dan-infrastruktur-energi
ann_4ca1556ef5bd,1812,False,"[""broad_food"", ""soybean""]","[""SupplyShortage""]","[""surabaya""]",[],False,candidate_unverified,copy_6cbeb7b7bdb9,2022-02-23,11:48,beritajatim,"[""disruption_candidate""]",beritajatim,train,1,"Tahu Tempe Langka di Surabaya, Wawali Armuji Minta Kemendag Tetapkan HET Kedelai",https://beritajatim.com/tahu-tempe-langka-di-surabaya-wawali-armuji-minta-kemendag-tetapkan-het-kedelai
ann_4ca2d1ef302a,1223,False,"[""rice""]","[""DisasterEvent"", ""WeatherDisruption""]","[""banyuwangi""]","[""DistributionIntervention"", ""FoodAssistance""]",False,candidate_unverified,copy_c80cdcbaa9db,2023-09-25,13:26,beritajatim,"[""disruption_candidate""]",beritajatim,train,1,"Dampak El Nino, Ribuan Warga di Banyuwangi Dapat Beras",https://beritajatim.com/dampak-el-nino-ribuan-warga-di-banyuwangi-dapat-beras
ann_4cc3dc0ab49f,3368,False,"[""broad_food"", ""sugar""]","[""DisasterEvent"", ""WeatherDisruption""]","[""malang""]","[""ProcurementAction""]",False,candidate_unverified,copy_f8ffed4e09ba,2023-05-07,18:10,kompas,"[""disruption_candidate""]",kompas_money,train,1,"Musim Giling Tebu 2023 Dimulai, Bapanas Optimistis Sektor Gula Nasional Tahun ini Lebih Baik Money 7 Mei 2023",https://money.kompas.com/read/2023/05/07/181000926/musim-giling-tebu-2023-dimulai-bapanas-optimistis-sektor-gula-nasional-tahun
ann_4ce0e358e39a,2664,True,[],"[""DisasterEvent"", ""WeatherDisruption""]","[""pasuruan""]","[""CrisisPreparednessAction"", ""DistributionIntervention"", ""InspectionEnforcement""]",False,candidate_unverified,copy_7e1470ee057b,2026-04-06,11:52,kompas,"[""response_query""]",kompas_regional,test,1,"Waspadai El Nino 'Godzilla', BPBD Pasuruan Sebut 13 Desa Berpotensi Rawan Kekeringan Regional 6 April 2026",https://regional.kompas.com/read/2026/04/06/115239478/waspadai-el-nino-godzilla-bpbd-pasuruan-sebut-13-desa-berpotensi-rawan
ann_4d091c427ba1,1353,False,[],"[""DisasterEvent""]","[""malang""]",[],False,candidate_unverified,copy_95d418d54579,2021-04-10,19:21,beritajatim,"[""disruption_candidate""]",beritajatim,train,1,"Dampak Gempa Malang Tersebar di 22 Kecamatan, Data Sementara 95 Bangunan Rusak",https://beritajatim.com/dampak-gempa-malang-tersebar-di-22-kecamatan-data-sementara-95-bangunan-rusak
ann_4d10bdd11a32,2009,False,[],"[""DisasterEvent""]","[""jombang"", ""kediri""]",[],False,candidate_unverified,copy_a7a20fd958a0,2025-05-20,17:45,beritajatim,"[""disruption_candidate""]",beritajatim,validation,1,10 Ribu Ekor Ayam Mati Terpanggang dalam Kebakaran di Ngoro Jombang,https://beritajatim.com/10-ribu-ekor-ayam-mati-terpanggang-dalam-kebakaran-di-ngoro-jombang
ann_4e154dd8b03b,1359,False,"[""broad_food""]","[""DisasterEvent""]","[""lumajang"", ""mojokerto""]",[],False,candidate_unverified,copy_159307fe7866,2021-12-06,16:57,beritajatim,"[""disruption_candidate""]",beritajatim,train,1,"BPBD Kabupaten Mojokerto Terjunkan Puluhan Tim Relawan, Paket Sembako dan Selimut",https://beritajatim.com/bpbd-kabupaten-mojokerto-terjunkan-puluhan-tim-relawan-paket-sembako-dan-selimut
ann_4e1eec08f474,1144,False,[],"[""DisasterEvent""]","[""blitar""]",[],False,candidate_unverified,copy_5e8e7ca1dd33,2022-10-17,12:41,kompas,"[""disruption_candidate""]",kompas_regional,train,1,150 Warga Mengungsi akibat Banjir di Blitar Selatan Regional 17 Oktober 2022,https://surabaya.kompas.com/read/2022/10/17/124125678/150-warga-mengungsi-akibat-banjir-di-blitar-selatan
ann_4e61bcaa6c78,2249,False,[],"[""DisasterEvent"", ""WeatherDisruption""]","[""pamekasan""]",[],False,candidate_unverified,copy_4738495c6d42,2026-01-16,16:58,kompas,"[""disruption_candidate""]",kompas_regional,test,1,40 KK Terisolasi akibat Tanah Longsor Tutup Akses di Pamekasan Regional 16 Januari 2026,https://surabaya.kompas.com/read/2026/01/16/165837778/40-kk-terisolasi-akibat-tanah-longsor-tutup-akses-di-pamekasan
ann_4e99fda9eafe,526,False,[],"[""DisasterEvent""]","[""jember""]",[],False,candidate_unverified,copy_268cfdd2dba5,2025-09-05,23:36,detik,"[""disruption_candidate""]",detik_news,validation,1,"Gempa M 4,8 Guncang Jember",https://news.detik.com/berita/d-8098367/gempa-m-4-8-guncang-jember
ann_4f0720adf567,2096,False,[],"[""DisasterEvent"", ""WeatherDisruption""]","[""jember""]","[""DistributionIntervention""]",False,candidate_unverified,copy_03f58578d5f7,2026-03-04,20:47,kompas,"[""response_query""]",kompas_regional,test,1,Banjir Lumpur Terjang Permukiman Warga Jember di Tengah Waktu Sahur Regional 4 Maret 2026,https://surabaya.kompas.com/read/2026/03/04/204755878/banjir-lumpur-terjang-permukiman-warga-jember-di-tengah-waktu-sahur
ann_4f3639ff3032,3106,False,"[""broad_food"", ""corn"", ""rice"", ""soybean""]","[""WeatherDisruption""]","[""lamongan""]",[],False,candidate_unverified,copy_46f82f86ce5e,2022-06-02,20:29,beritajatim,"[""disruption_candidate""]",beritajatim,train,1,"Megilan, Petani Melon Lamongan Untung Rp27 Juta Per Hektar saat Panen",https://beritajatim.com/megilan-petani-melon-lamongan-untung-27-juta-per-hektar-saat-panen
ann_4f500253a861,1723,False,"[""chicken_eggs"", ""chicken_meat"", ""cooking_oil"", ""corn"", ""rice""]","[""WeatherDisruption""]","[""jember"", ""lumajang""]","[""CrisisPreparednessAction"", ""MarketOperationAction""]",False,candidate_unverified,copy_489f630c15ac,2024-04-07,14:48,beritajatim,"[""disruption_candidate""]",beritajatim,train,1,"Inflasi 0,64 Persen, Legislator Gerindra: Pemprov Jatim Gercep Soal Beras",https://beritajatim.com/inflasi-064-persen-legislator-gerindra-pemprov-jatim-gercep-soal-beras
ann_4f6d9da53bfc,1969,False,[],"[""DisasterEvent""]","[""surabaya""]",[],False,candidate_unverified,copy_785f876112dc,2026-02-25,15:51,kompas,"[""disruption_candidate""]",kompas_regional,test,1,Percikan Las Picu Kebakaran di Gedung Belakang Hi Tech Mall Surabaya Regional 25 Februari 2026,https://surabaya.kompas.com/read/2026/02/25/155101278/percikan-las-picu-kebakaran-di-gedung-belakang-hi-tech-mall-surabaya
ann_4f79a6aadb4a,2350,True,"[""broad_food""]","[""DisasterEvent"", ""WeatherDisruption""]","[""pasuruan""]","[""CrisisPreparednessAction""]",False,candidate_unverified,copy_339421c097ad,2026-03-25,14:13,beritajatim,"[""disruption_candidate""]",beritajatim,test,1,"Banjir Pasuruan Lumpuhkan Akses Balongrejo, Gus Shobih Terjang Genangan Pakai Perahu",https://beritajatim.com/banjir-pasuruan-lumpuhkan-akses-balongrejo-gus-shobih-terjang-genangan-pakai-perahu
ann_4fb26242f92c,2130,False,"[""broad_food"", ""rice""]","[""SupplyShortage""]","[""sidoarjo"", ""surabaya""]","[""MarketOperationAction""]",False,candidate_unverified,copy_5c80ea993b8e,2024-02-27,23:21,beritajatim,"[""disruption_candidate""]",beritajatim,train,1,"Jelang Ramadan, Polda Jatim Lakukan Operasi Pasar",https://beritajatim.com/jelang-ramadan-polda-jatim-lakukan-operasi-pasar
ann_4fc658b0ff1e,3205,False,"[""rice""]","[""DisasterEvent""]","[""jombang"", ""kediri""]",[],False,candidate_unverified,copy_e6e087f5d947,2025-06-04,15:56,kompas,"[""disruption_candidate""]",kompas_regional,validation,1,"Mas Dhito Instruksikan Dispertabun Tangani Lahan Padi Terendam Banjir di Purwoasri, Begini Hasilnya Regional 4 Juni 2025",https://regional.kompas.com/read/2025/06/04/155632378/mas-dhito-instruksikan-dispertabun-tangani-lahan-padi-terendam-banjir-di
ann_4fd8c5ddbe83,1516,True,"[""cooking_oil""]","[""SupplyShortage""]","[""surabaya""]","[""CrisisPreparednessAction"", ""DistributionIntervention""]",False,candidate_unverified,copy_0bcaa73312cf,2022-03-01,19:06,kompas,"[""disruption_candidate"", ""response_query""]",kompas_regional,train,1,"Khofifah: kalau Cinta NKRI, Tolong Distribusikan Stok Minyak Goreng ke Masyarakat Regional 1 Maret 2022",https://surabaya.kompas.com/read/2022/03/01/190624578/khofifah-kalau-cinta-nkri-tolong-distribusikan-stok-minyak-goreng-ke
ann_4fe374959b80,2996,True,[],"[""DisasterEvent"", ""WeatherDisruption""]","[""bangkalan"", ""banyuwangi"", ""blitar"", ""bojonegoro"", ""bondowoso"", ""gresik"", ""jember"", ""jombang"", ""kediri"", ""lamongan"", ""lumajang"", ""madiun"", ""magetan"", ""malang"", ""mojokerto"", ""nganjuk"", ""ngawi"", ""pacitan"", ""pamekasan"", ""pasuruan"", ""ponorogo"", ""probolinggo"", ""sampang"", ""sidoarjo"", ""situbondo"", ""sumenep"", ""surabaya"", ""trenggalek"", ""tuban"", ""tulungagung""]",[],False,candidate_unverified,copy_8b8b10b866a8,2023-01-30,21:14,beritajatim,"[""disruption_candidate""]",beritajatim,train,1,BPBD Jombang Siapkan Sejumlah Langkah Hadapi Dampak Cuaca Ekstrem,https://beritajatim.com/bpbd-jombang-siapkan-sejumlah-langkah-hadapi-dampak-cuaca-ekstrem
ann_4fed9099dee6,1649,False,"[""broad_food"", ""rice""]","[""ProductionDisruption"", ""WeatherDisruption""]","[""malang""]",[],False,candidate_unverified,copy_26219f9326e0,2024-10-08,16:28,beritajatim,"[""disruption_candidate""]",beritajatim,train,1,"DAM Air Rusak, Ratusan Hektar Sawah di Malang Selatan Gagal Panen",https://beritajatim.com/dam-air-rusak-ratusan-hektar-sawah-di-malang-selatan-gagal-panen
ann_501de42fb4c4,1337,False,[],"[""DisasterEvent""]","[""batu""]",[],False,candidate_unverified,copy_0f30dfa90cdb,2021-11-04,23:58,detik,"[""disruption_candidate""]",detik_news,train,1,Bapak-Anak Dilaporkan Terpendam Rumah Ambruk Akibat Banjir Bandang Kota Batu,https://news.detik.com/berita-jawa-timur/d-5797668/bapak-anak-dilaporkan-terpendam-rumah-ambruk-akibat-banjir-bandang-kota-batu
ann_502332f6c183,1794,False,"[""cooking_oil""]","[""SupplyShortage""]","[""gresik""]",[],False,candidate_unverified,copy_963afee4cbd6,2022-03-16,,kontan,"[""disruption_candidate""]",kontan,train,0,"Curiga Ada Mafia Minyak Goreng, Mendag Gandeng Polri",https://nasional.kontan.co.id/news/curiga-ada-mafia-minyak-goreng-mendag-gandeng-polri
ann_502397a2a33b,2049,False,"[""corn""]","[""DisasterEvent""]","[""situbondo""]","[""CrisisPreparednessAction"", ""DistributionIntervention"", ""FoodAssistance""]",False,candidate_unverified,copy_a8aac60e7912,2026-03-08,19:06,beritajatim,"[""response_query""]",beritajatim,test,1,"Delapan Kecamatan Diterpa Banjir, Dua Warga Situbondo Hilang Terseret Arus",https://beritajatim.com/delapan-kecamatan-diterpa-banjir-dua-warga-situbondo-hilang-terseret-arus
ann_502ac37eea47,3088,False,[],"[""DisasterEvent""]","[""jember""]",[],False,candidate_unverified,copy_0077b24f3ed8,2026-02-19,05:53,kompas,"[""disruption_candidate""]",kompas_regional,test,1,"Wakil Ketua DPRD Jember Dorong Pemkab Fokus Pencegahan Banjir, Tak Cuma Tanggap Darurat Regional 19 Februari 2026",https://surabaya.kompas.com/read/2026/02/19/055334478/wakil-ketua-dprd-jember-dorong-pemkab-fokus-pencegahan-banjir-tak-cuma
ann_502b437a7470,2051,True,[],"[""DisasterEvent""]","[""malang"", ""sidoarjo"", ""surabaya""]","[""CrisisPreparednessAction""]",False,candidate_unverified,copy_3bc8aa9fa4b8,2025-06-17,12:38,kompas,"[""disruption_candidate""]",kompas_regional,validation,1,"Diguyur Hujan Deras Semalam, Jalan Raya Porong Sidoarjo Banjir Regional 17 Juni 2025",https://surabaya.kompas.com/read/2025/06/17/123822578/diguyur-hujan-deras-semalam-jalan-raya-porong-sidoarjo-banjir
ann_50495b642ca4,2237,False,[],"[""DisasterEvent""]","[""gresik"", ""surabaya"", ""tuban""]",[],False,candidate_unverified,copy_6ccedf6729ac,2024-03-22,,kontan,"[""disruption_candidate""]",kontan,train,0,"Gempa Susulan di Kabupaten Tuban Capai 58 Kali, Ini Wilayah yang Terdampak",https://regional.kontan.co.id/news/gempa-susulan-di-kabupaten-tuban-capai-58-kali-ini-wilayah-yang-terdampak
ann_507cf77310bf,2077,True,[],"[""DisasterEvent"", ""WeatherDisruption""]","[""jombang"", ""lumajang"", ""malang"", ""mojokerto"", ""pasuruan"", ""ponorogo"", ""sidoarjo"", ""surabaya"", ""tuban""]",[],False,candidate_unverified,copy_aa8bb359134f,2024-12-19,19:37,kompas,"[""disruption_candidate""]",kompas_regional,train,1,"Kurangi Cuaca Ekstrem, BMKG dan BPBD Jatim ""Tabur"" 2 Ton Garam Regional 19 Desember 2024",https://surabaya.kompas.com/read/2024/12/19/193704578/kurangi-cuaca-ekstrem-bmkg-dan-bpbd-jatim-tabur-2-ton-garam
ann_50b046826811,1505,False,[],"[""DisasterEvent""]","[""magetan""]",[],False,candidate_unverified,copy_b22a6ba8fa16,2021-03-12,21:39,detik,"[""disruption_candidate""]",detik_news,train,1,"Banjir dengan Arus Deras Terjadi di Magetan, 3 Motor Sempat Terseret",https://news.detik.com/berita-jawa-timur/d-5491461/banjir-dengan-arus-deras-terjadi-di-magetan-3-motor-sempat-terseret
ann_50c564bdbe32,1351,False,[],"[""DisasterEvent""]","[""kediri"", ""malang""]",[],False,candidate_unverified,copy_564a47583878,2026-02-07,23:02,detik,"[""disruption_candidate""]",detik_news,test,1,"Tebing di Ngantang Longsor, Akses Malang-Kediri Diberlakukan Buka Tutup",https://news.detik.com/berita/d-8345786/tebing-di-ngantang-longsor-akses-malang-kediri-diberlakukan-buka-tutup
ann_511f2276e327,1889,False,"[""broad_food"", ""rice""]","[""WeatherDisruption""]",[],"[""CrisisPreparednessAction"", ""DistributionIntervention"", ""FoodAssistance"", ""ImportExportAction"", ""ReserveRelease""]",False,candidate_unverified,copy_960bf8cfbaae,2023-04-10,,kontan,"[""disruption_candidate"", ""response_query""]",kontan,train,0,Jokowi Resmikan Penyaluran Cadangan Beras Pemerintah untuk Bantuan Pangan Tahun 2023,https://nasional.kontan.co.id/news/jokowi-resmikan-penyaluran-cadangan-beras-pemerintah-untuk-bantuan-pangan-tahun-2023
ann_512dd36d1f01,2915,False,"[""broad_food"", ""corn"", ""rice""]","[""WeatherDisruption""]","[""ngawi""]",[],False,candidate_unverified,copy_1cbb7434fd2f,2024-09-04,07:39,kompas,"[""disruption_candidate""]",kompas_regional,train,1,"Air Surut, Petani Ngawi Pakai Areal Waduk Jadi Lahan Pertanian Regional 4 September 2024",https://surabaya.kompas.com/read/2024/09/04/073949678/air-surut-petani-ngawi-pakai-areal-waduk-jadi-lahan-pertanian
ann_5145c9d24070,4286,False,"[""chili"", ""corn"", ""garlic"", ""rice"", ""shallot"", ""soybean"", ""sugar""]","[""SupplyShortage""]","[""malang""]","[""DistributionIntervention"", ""OtherResponseAction"", ""ProductionAssistance""]",False,candidate_unverified,copy_ed62f21e0eec,2023-02-09,17:35,beritajatim,"[""disruption_candidate""]",beritajatim,train,1,Stok Pupuk Subsidi di Jatim Capai 163 Ribu Ton 3 Pekan ke Depan,https://beritajatim.com/stok-pupuk-subsidi-di-jatim-capai-163-ribu-ton-3-pekan-ke-depan
ann_51468fc85ca5,2792,False,"[""broad_food""]","[""DisasterEvent""]","[""blitar"", ""malang"", ""pacitan"", ""sidoarjo"", ""surabaya"", ""trenggalek""]",[],False,candidate_unverified,copy_70c465e88779,2022-10-25,19:18,beritajatim,"[""disruption_candidate""]",beritajatim,train,1,Wali Kota Surabaya Eri Cahyadi Serahkan Bantuan untuk Korban Puting Beliung Sidoarjo,https://beritajatim.com/wali-kota-surabaya-eri-cahyadi-serahkan-bantuan-untuk-korban-puting-beliung-sidoarjo
ann_516774974d7d,1128,False,[],"[""DisasterEvent""]","[""jember""]",[],False,candidate_unverified,copy_fe4c46392a21,2022-01-09,18:15,kompas,"[""disruption_candidate""]",kompas_regional,train,1,"Jember Terendam Banjir Setelah Diguyur Hujan Deras, Warga Mulai Evakuasi Barang Regional 9 Januari 2022",https://surabaya.kompas.com/read/2022/01/09/181558678/jember-terendam-banjir-setelah-diguyur-hujan-deras-warga-mulai-evakuasi
ann_51f75a453f5d,3273,False,"[""broad_food"", ""fish"", ""rice""]","[""PestDiseaseEvent"", ""ProductionDisruption""]","[""madiun""]","[""OtherResponseAction""]",False,candidate_unverified,copy_434cd6653411,2026-05-08,11:05,kompas,"[""disruption_candidate""]",kompas_regional,test,1,"Petani Diminta Tak Ugal-ugalan Pakai Pupuk Kimia Usai Diskon 20 Persen, Rusak Kesuburan Tanah Regional 8 Mei 2026",https://surabaya.kompas.com/read/2026/05/08/110521778/petani-diminta-tak-ugal-ugalan-pakai-pupuk-kimia-usai-diskon-20-persen
ann_520a7a4c116f,2031,False,[],"[""DisasterEvent""]","[""blitar"", ""jember"", ""lumajang"", ""malang"", ""mojokerto"", ""nganjuk"", ""pacitan"", ""pasuruan"", ""ponorogo"", ""trenggalek""]",[],False,candidate_unverified,copy_d3691dfdb7b5,2021-10-22,,kontan,"[""disruption_candidate""]",kontan,train,0,"Gempa bumi M 5,3 di Kabupaten Malang sebabkan kerusakan bangunan di Kabupaten Blitar",https://regional.kontan.co.id/news/gempa-bumi-m-53-di-kabupaten-malang-sebabkan-kerusakan-bangunan-di-kabupaten-blitar
ann_521aee13eb8d,1908,False,"[""broad_food""]","[""DisasterEvent""]","[""tuban""]","[""DistributionIntervention""]",False,candidate_unverified,copy_4dde932b6897,2025-12-09,21:34,beritajatim,"[""disruption_candidate""]",beritajatim,validation,1,BPBD Tuban Salurkan Bantuan Warga 282 Rumah Rusak Akibat Puting Beliung di 9 Desa,https://beritajatim.com/bpbd-tuban-salurkan-bantuan-warga-282-rumah-rusak-akibat-puting-beliung-di-9-desa
ann_52378de4a64b,2629,False,[],"[""DisasterEvent""]","[""blitar""]",[],False,candidate_unverified,copy_c231ef62ae1b,2025-12-20,10:20,beritajatim,"[""disruption_candidate""]",beritajatim,validation,1,"Gudang Oven Terbakar, 3 Ton Tusuk Sate Senilai Rp35 Juta di Blitar Hangus Tak Tersisa",https://beritajatim.com/gudang-oven-terbakar-3-ton-tusuk-sate-senilai-rp35-juta-di-blitar-hangus-tak-tersisa
ann_52725ce01c35,1635,False,"[""buffalo_meat""]","[""PestDiseaseEvent""]",[],[],False,candidate_unverified,copy_0d667ebbd6ce,2022-05-10,20:31,detik,"[""disruption_candidate""]",detik_finance,train,1,"Geger Penyakit Mulut & Kuku, Buwas Klaim Daging Kerbau India Aman",https://finance.detik.com/berita-ekonomi-bisnis/d-6071598/geger-penyakit-mulut-kuku-buwas-klaim-daging-kerbau-india-aman
ann_528a4fdd109f,2609,False,"[""garlic""]","[""DisasterEvent""]","[""banyuwangi""]",[],False,candidate_unverified,copy_e4ec61b32b8e,2022-12-03,22:00,detik,"[""disruption_candidate""]",detik_finance,train,1,Zulhas Buka-bukaan Permintaan Impor Kelengkeng hingga Bayam Membludak,https://finance.detik.com/berita-ekonomi-bisnis/d-6441152/zulhas-buka-bukaan-permintaan-impor-kelengkeng-hingga-bayam-membludak
ann_53584fb3d1c9,2558,False,[],"[""PestDiseaseEvent""]","[""gresik"", ""lamongan"", ""mojokerto"", ""sidoarjo"", ""surabaya""]","[""DistributionIntervention""]",False,candidate_unverified,copy_bb0f7c81b2f8,2022-05-11,20:22,kompas,"[""disruption_candidate""]",kompas_money,train,1,"Hewan Ternak Terkena PMK, Kementan Distribusikan Obat hingga Kembangkan Vaksin Money 11 Mei 2022",https://money.kompas.com/read/2022/05/11/202222526/hewan-ternak-terkena-pmk-kementan-distribusikan-obat-hingga-kembangkan-vaksin
ann_536bb1658a99,1729,False,[],"[""DisasterEvent"", ""WeatherDisruption""]","[""blitar"", ""lumajang"", ""malang""]",[],False,candidate_unverified,copy_a46d650dc297,2021-04-11,14:45,beritajatim,"[""disruption_candidate""]",beritajatim,train,1,Gubernur Khofifah Bagikan Bingkisan ke Korban Gempa Malang,https://beritajatim.com/gubernur-khofifah-bagikan-bingkisan-ke-korban-gempa-malang
ann_5384e613bfaa,1602,False,[],"[""DisasterEvent""]","[""gresik"", ""jombang"", ""mojokerto"", ""pasuruan"", ""sidoarjo"", ""surabaya"", ""trenggalek""]","[""DistributionIntervention""]",False,candidate_unverified,copy_3e5f9789d8ce,2025-02-25,21:02,beritajatim,"[""disruption_candidate""]",beritajatim,validation,1,"Banjir Gresik, Tim BPBD Jatim Evakuasi Warga dan Terjunkan Bantuan Logistik",https://beritajatim.com/banjir-gresik-tim-bpbd-jatim-evakuasi-warga-dan-terjunkan-bantuan-logistik
ann_538823d9515e,1959,False,[],"[""DisasterEvent""]","[""bondowoso""]","[""CrisisPreparednessAction""]",False,candidate_unverified,copy_376563288a8e,2026-02-20,14:41,beritajatim,"[""response_query""]",beritajatim,test,1,Sekda Bondowoso Serukan Kesiapsiagaan Total Hadapi Bencana Hidrometeorologi,https://beritajatim.com/sekda-bondowoso-serukan-kesiapsiagaan-total-hadapi-bencana-hidrometeorologi
ann_539c3304619c,3337,False,"[""broad_food"", ""rice""]","[""SupplyShortage""]","[""banyuwangi"", ""gresik""]",[],False,candidate_unverified,copy_a55b20583316,2022-08-11,22:29,beritajatim,"[""disruption_candidate""]",beritajatim,train,1,"Dipicu Krisis Pangan, Generasi Muda Tak Malu Jadi Petani",https://beritajatim.com/dipicu-krisis-pangan-generasi-muda-tak-malu-jadi-petani
ann_53aaa6823505,2262,False,[],"[""DisasterEvent""]","[""lamongan""]",[],False,candidate_unverified,copy_a646f0dc970e,2026-01-12,19:46,kompas,"[""disruption_candidate""]",kompas_regional,test,1,"Hampir Sebulan Banjir Bengawan Jero Lamongan, BPBD Bantu Siswa ke Sekolah Naik Perahu Regional 12 Januari 2026",https://surabaya.kompas.com/read/2026/01/12/194631278/hampir-sebulan-banjir-bengawan-jero-lamongan-bpbd-bantu-siswa-ke-sekolah
ann_53cec02d63c5,2390,True,[],"[""DisasterEvent""]","[""batu"", ""malang"", ""mojokerto"", ""ponorogo"", ""probolinggo"", ""surabaya"", ""trenggalek""]","[""CrisisPreparednessAction""]",False,candidate_unverified,copy_5229167d6ea1,2026-03-23,12:33,kompas,"[""disruption_candidate"", ""response_query""]",kompas_regional,test,1,"Rawan Macet dan Potensi Bencana, Polda Jatim Siaga di 488 Tempat Wisata Regional 23 Maret 2026",https://surabaya.kompas.com/read/2026/03/23/123351978/rawan-macet-dan-potensi-bencana-polda-jatim-siaga-di-488-tempat-wisata
ann_54152b1f55c3,3022,False,"[""cooking_oil"", ""rice""]","[""DisasterEvent""]","[""lumajang"", ""malang"", ""probolinggo""]","[""CrisisPreparednessAction""]",False,candidate_unverified,copy_d1c0ed483469,2021-12-05,17:26,kompas,"[""disruption_candidate""]",kompas_regional,train,1,Pemkot dan Pemkab Probolinggo Kompak Kirim Bantuan kepada Korban Erupsi Semeru Regional 5 Desember 2021,https://regional.kompas.com/read/2021/12/05/172613278/pemkot-dan-pemkab-probolinggo-kompak-kirim-bantuan-kepada-korban-erupsi
ann_5421ac22e99f,2865,False,"[""rice""]","[""DisasterEvent"", ""SupplyShortage"", ""WeatherDisruption""]","[""bojonegoro"", ""surabaya"", ""tulungagung""]",[],False,candidate_unverified,copy_2afdeba41cdd,2024-03-18,15:43,kompas,"[""disruption_candidate""]",kompas_money,train,1,"Cegah Kekeringan dan Krisis Pangan, Mentan Imbau Gerakan Pompanisasi di Bojonegoro Dimaksimalkan Money 18 Maret 2024",https://money.kompas.com/read/2024/03/18/154305426/cegah-kekeringan-dan-krisis-pangan-mentan-imbau-gerakan-pompanisasi-di
ann_547f330b276a,6699,False,"[""chili"", ""rice""]","[""DisasterEvent"", ""WeatherDisruption""]","[""bangkalan"", ""banyuwangi"", ""blitar"", ""bojonegoro"", ""bondowoso"", ""gresik"", ""jember"", ""lamongan"", ""lumajang"", ""madiun"", ""magetan"", ""malang"", ""mojokerto"", ""nganjuk"", ""ngawi"", ""pacitan"", ""pamekasan"", ""pasuruan"", ""ponorogo"", ""sampang"", ""sidoarjo"", ""situbondo"", ""sumenep"", ""surabaya"", ""trenggalek"", ""tuban"", ""tulungagung""]","[""CrisisPreparednessAction"", ""DistributionIntervention"", ""FoodAssistance"", ""OtherResponseAction"", ""ReserveRelease""]",False,candidate_unverified,copy_3e2a784e4ff1,2023-10-10,09:18,beritajatim,"[""disruption_candidate""]",beritajatim,train,1,Khofifah: Lakukan Mitigasi dan Pemetaan Status Bencana Wilayah Jawa Timur,https://beritajatim.com/khofifah-lakukan-mitigasi-dan-pemetaan-status-bencana-wilayah-jawa-timur
ann_549f6c498ac5,4203,False,"[""corn""]","[""PestDiseaseEvent""]","[""bojonegoro""]","[""OtherResponseAction""]",False,candidate_unverified,copy_f6ace0b64a56,2024-07-04,09:02,beritajatim,"[""response_query""]",beritajatim,train,1,KTH di Bojonegoro Panen Jagung Hasil Metode Pertanian Pengendalian Hama Terpadu,https://beritajatim.com/kth-di-bojonegoro-panen-jagung-hasil-metode-pertanian-pengendalian-hama-terpadu
ann_54b41af79ab5,2701,False,"[""fish""]","[""DisasterEvent""]","[""banyuwangi""]",[],False,candidate_unverified,copy_9a61db55c3fa,2025-10-11,21:42,beritajatim,"[""disruption_candidate""]",beritajatim,validation,1,"Tragedi Laut Banyuwangi: Kapal Ikan KM Anugerah Indah 18 Meledak, Satu ABK Tewas, Delapan Luka",https://beritajatim.com/tragedi-laut-banyuwangi-kapal-ikan-km-anugerah-indah-18-meledak-satu-abk-tewas-delapan-luka
ann_54cdd54526bd,1941,True,[],"[""DisasterEvent""]","[""pasuruan""]",[],False,candidate_unverified,copy_db255065b88f,2025-11-25,15:49,beritajatim,"[""disruption_candidate""]",beritajatim,validation,1,"Daftar Kecamatan Rawan Banjir di Kabupaten Pasuruan, BPBD Ungkap Titik Terparah",https://beritajatim.com/daftar-kecamatan-rawan-banjir-di-kabupaten-pasuruan-bpbd-ungkap-titik-terparah
ann_5521dd0d1ae6,2380,False,"[""chili""]","[""DisasterEvent""]","[""jombang"", ""kediri""]",[],False,candidate_unverified,copy_92ce6e853b21,2023-03-01,13:26,kompas,"[""disruption_candidate""]",kompas_regional,train,1,"Tanggul Sungai Jebol, Jalan Penghubung Jombang-Kediri Banjir, Lalu Lintas Tersendat Regional 1 Maret 2023",https://surabaya.kompas.com/read/2023/03/01/132651478/tanggul-sungai-jebol-jalan-penghubung-jombang-kediri-banjir-lalu-lintas
ann_5577df7fd4f3,1919,False,"[""broad_food"", ""rice""]","[""DisasterEvent"", ""PestDiseaseEvent"", ""ProductionDisruption""]","[""bojonegoro""]",[],False,candidate_unverified,copy_56e6d6616919,2022-02-05,19:46,beritajatim,"[""disruption_candidate""]",beritajatim,train,1,Produksi Beras di Bojonegoro Turun,https://beritajatim.com/produksi-beras-di-bojonegoro-turun
ann_558c208d2486,2216,False,"[""broad_food"", ""cooking_oil"", ""rice"", ""sugar"", ""wheat""]","[""DisasterEvent""]","[""kediri""]","[""MarketOperationAction""]",False,candidate_unverified,copy_55d5c74f984f,2024-01-11,20:15,beritajatim,"[""disruption_candidate""]",beritajatim,train,1,"Realisasi Permintaan Warga, Bupati Kediri Adakan Pasar Murah",https://beritajatim.com/realisasi-permintaan-warga-bupati-kediri-adakan-pasar-murah
ann_5598133b6748,1869,False,[],"[""DisasterEvent""]","[""tuban""]",[],False,candidate_unverified,copy_06b71cd560d8,2024-03-22,,kontan,"[""disruption_candidate""]",kontan,train,0,"BMKG : Gempa Magnitudo 6,1 Mengguncang Tuban Jawa Timur Menjelang Salat Jumat",https://regional.kontan.co.id/news/bmkg-jelang-salat-jumat-gempa-magnitudo-61-mengguncang-tuban-jawa-timur
ann_55ae34ad8df4,1367,False,"[""broad_food""]","[""DisasterEvent""]","[""kediri""]",[],False,candidate_unverified,copy_bb93237e24cd,2022-05-08,22:38,kompas,"[""disruption_candidate""]",kompas_regional,train,1,"Kebakaran Pasar Tradisional Ngadiluwih Kediri, Kerugian Capai Rp 800 Juta Regional 8 Mei 2022",https://surabaya.kompas.com/read/2022/05/08/223838678/kebakaran-pasar-tradisional-ngadiluwih-kediri-kerugian-capai-rp-800-juta
ann_55bc82e4244d,1481,False,[],"[""DisasterEvent""]","[""jember"", ""malang""]",[],False,candidate_unverified,copy_caeb30ec4778,2026-02-13,05:21,beritajatim,"[""disruption_candidate""]",beritajatim,test,1,"Banjir Kepung Jember, Seorang Perempuan Meninggal Dunia",https://beritajatim.com/banjir-kepung-jember-seorang-perempuan-meninggal-dunia
ann_55d1657b4ebe,5310,False,"[""rice""]","[""PestDiseaseEvent""]",[],"[""CrisisPreparednessAction""]",False,candidate_unverified,copy_7cdae9bc3044,2023-11-24,,kontan,"[""disruption_candidate"", ""response_query""]",kontan,train,0,Syngenta Luncurkan Teknologi Baru untuk Kendalikan Hama Penggerek Batang Padi Kuning,https://industri.kontan.co.id/news/syngenta-luncurkan-teknologi-baru-untuk-kendalikan-hama-penggerek-batang-padi-kuning
ann_563cc0bf75be,1871,True,[],"[""DisasterEvent""]","[""batu""]","[""CrisisPreparednessAction""]",False,candidate_unverified,copy_4708d69d27ea,2021-11-05,20:27,kompas,"[""response_query""]",kompas_nasional,train,1,BNPB Sarankan Penetapan Status Tanggap Darurat Bencana di Kota Batu News 5 November 2021,https://nasional.kompas.com/read/2021/11/05/20270211/bnpb-sarankan-penetapan-status-tanggap-darurat-bencana-di-kota-batu
ann_56465591b348,1055,False,[],"[""DisasterEvent""]","[""madiun""]",[],False,candidate_unverified,copy_5b10e0ef554a,2023-02-10,08:56,kompas,"[""disruption_candidate""]",kompas_regional,train,1,"Angin Puting Beliung Hantam Madiun, 37 Rumah Rusak Regional 10 Februari 2023",https://surabaya.kompas.com/read/2023/02/10/085638978/angin-puting-beliung-hantam-madiun-37-rumah-rusak
ann_5651fc2f0a70,2452,False,[],"[""DisasterEvent""]","[""surabaya""]",[],False,candidate_unverified,copy_09942462beb2,2026-02-13,10:18,beritajatim,"[""disruption_candidate""]",beritajatim,test,1,"Lita Machfud Arifin Tinjau Lokasi Kebakaran Simumolyo Surabaya, Pastikan Pendidikan Anak Korban Tetap Berjalan",https://beritajatim.com/lita-machfud-arifin-tinjau-lokasi-kebakaran-simumolyo-surabaya-pastikan-pendidikan-anak-korban-tetap-berjalan
ann_5667f3c172d8,2334,False,"[""broad_food"", ""corn"", ""rice""]","[""SupplyShortage""]","[""gresik""]",[],False,candidate_unverified,copy_04c5e55d5675,2023-03-21,19:04,beritajatim,"[""disruption_candidate""]",beritajatim,train,1,Sinergi Petrokimia Gresik dan Kodam V Brawijaya Hasilkan 7 Ton Padi Idaman,https://beritajatim.com/sinergi-petrokimia-gresik-dan-kodam-v-brawijaya-hasilkan-7-ton-padi-idaman
ann_5671149d0c92,2180,False,[],"[""DisasterEvent""]","[""pasuruan""]",[],False,candidate_unverified,copy_05077249cf4a,2026-03-26,16:07,beritajatim,"[""disruption_candidate""]",beritajatim,test,1,"Banjir Rejoso Pasuruan Tak Surut, 10 Pompa Air Tak Berfungsi karena Elevasi Sungai Sama Tinggi",https://beritajatim.com/banjir-rejoso-pasuruan-tak-surut-10-pompa-air-tak-berfungsi-karena-elevasi-sungai-sama-tinggi
ann_5681a475a91b,1178,False,[],"[""DisasterEvent""]","[""malang""]",[],False,candidate_unverified,copy_ed3d2bf7948f,2025-05-24,,kontan,"[""disruption_candidate""]",kontan,validation,0,"Gudang Pabrik Rokok Atlas di Malang Habis Terbakar, Kerugian Capai Rp 5 Miliar",https://regional.kontan.co.id/news/gudang-pabrik-rokok-atlas-di-malang-habis-terbakar-kerugian-capai-rp-5-miliar
ann_56b96866c6ac,2298,False,"[""broad_food"", ""rice"", ""sugar""]","[""PestDiseaseEvent"", ""ProductionDisruption""]","[""ngawi""]",[],False,candidate_unverified,copy_4466eddfdd6b,2025-08-20,10:07,kompas,"[""disruption_candidate""]",kompas_regional,validation,1,"Diserang Hama Tikus, 2 Musim Tanam Padi, Petani di Ngawi Selalu Gagal Panen Regional 20 Agustus 2025",https://surabaya.kompas.com/read/2025/08/20/100721278/diserang-hama-tikus-2-musim-tanam-padi-petani-di-ngawi-selalu-gagal-panen
ann_56b9cd62b2e3,2575,False,"[""sugar""]","[""DisasterEvent""]","[""blitar""]",[],False,candidate_unverified,copy_3dd1fcff2474,2022-10-26,19:49,kompas,"[""disruption_candidate""]",kompas_regional,train,1,Jenazah 2 Penebang Tebu dan 1 Sopir Truk yang Hanyut akibat Banjir di Blitar Ditemukan Regional 26 Oktober 2022,https://regional.kompas.com/read/2022/10/26/194937078/jenazah-2-penebang-tebu-dan-1-sopir-truk-yang-hanyut-akibat-banjir-di
ann_56d88646dd24,2288,True,[],"[""PestDiseaseEvent""]","[""lumajang"", ""surabaya""]",[],False,candidate_unverified,copy_51618b71bfe0,2022-05-09,19:31,kompas,"[""disruption_candidate""]",kompas_regional,train,1,Satgas Penyakit Sapi Dibentuk di Lumajang untuk Tangani Wabah Penyakit Mulut dan Kaki Regional 9 Mei 2022,https://surabaya.kompas.com/read/2022/05/09/193120678/satgas-penyakit-sapi-dibentuk-di-lumajang-untuk-tangani-wabah-penyakit
ann_56ddf380858b,5842,False,[],"[""DisasterEvent""]","[""gresik"", ""surabaya""]","[""DistributionIntervention""]",False,candidate_unverified,copy_33f1e664820d,2024-11-07,08:25,beritajatim,"[""disruption_candidate""]",beritajatim,train,1,Produksi Smelter Freeport Gresik Diharapkan Tingkatkan Pajak Jatim,https://beritajatim.com/produksi-smelter-freeport-gresik-diharapkan-tingkatkan-pajak-jatim
ann_56e148a8cb09,3239,False,"[""broad_food"", ""rice""]","[""DisasterEvent""]","[""lumajang"", ""malang""]","[""DistributionIntervention""]",False,candidate_unverified,copy_f9a0090ff0fd,2021-12-09,15:02,beritajatim,"[""disruption_candidate""]",beritajatim,train,1,"Hibur Anak Pengungsi Semeru, Direksi Dharma Lautan Utama Distribusikan Bantuan",https://beritajatim.com/hibur-anak-pengungsi-semeru-direksi-dharma-lautan-utama-distribusikan-bantuan
ann_57093fb7b931,1857,False,"[""broad_food"", ""chili"", ""corn""]","[""PestDiseaseEvent""]","[""sidoarjo""]",[],False,candidate_unverified,copy_9f7781102bf8,2025-06-16,11:27,beritajatim,"[""disruption_candidate""]",beritajatim,validation,1,Polsek Balongbendo Laksanakan Patroli Sambang Lahan Ketahanan Pangan P2B,https://beritajatim.com/polsek-balongbendo-laksanakan-patroli-sambang-lahan-ketahanan-pangan-p2b
ann_57189b8fab94,2461,False,[],"[""DisasterEvent""]","[""surabaya""]",[],False,candidate_unverified,copy_a3b98f3fce62,2026-02-06,13:24,beritajatim,"[""disruption_candidate""]",beritajatim,test,1,"Anggaran Atasi Banjir Surabaya Tembus Rp2 Triliun, Hasilnya Masih Diperdebatkan",https://beritajatim.com/anggaran-atasi-banjir-surabaya-tembus-rp2-triliun-hasilnya-masih-diperdebatkan
ann_572009a18bcb,2377,False,[],"[""DisasterEvent""]","[""sumenep""]","[""DistributionIntervention""]",False,candidate_unverified,copy_51e4156d6684,2025-10-05,06:13,beritajatim,"[""response_query""]",beritajatim,validation,1,435 Bangunan Rusak Akibat Gempa di Sumenep,https://beritajatim.com/435-bangunan-rusak-akibat-gempa-di-sumenep
ann_5724811e3f65,2988,False,[],"[""ProductionDisruption""]","[""banyuwangi""]",[],False,candidate_unverified,copy_f5292dbd1791,2021-10-14,14:00,detik,"[""disruption_candidate""]",detik_food,train,1,"Musim Panen, Durian Boneng asal Banyuwangi Mulai Diburu Pembeli",https://food.detik.com/berita-boga/d-5766208/musim-panen-durian-boneng-asal-banyuwangi-mulai-diburu-pembeli
ann_5756ef1217b1,1204,False,"[""broad_food"", ""rice""]","[""WeatherDisruption""]","[""banyuwangi""]","[""DistributionIntervention"", ""FoodAssistance"", ""ReserveRelease""]",False,candidate_unverified,copy_f9ec20415548,2023-12-27,16:17,kompas,"[""disruption_candidate""]",kompas_nasional,train,1,Jokowi Serahkan BLT El Nino di Banyuwangi News 27 Desember 2023,https://nasional.kompas.com/read/2023/12/27/16171841/jokowi-serahkan-blt-el-nino-di-banyuwangi
ann_5780feedf5f9,1464,False,[],"[""DisasterEvent""]","[""malang"", ""trenggalek""]",[],False,candidate_unverified,copy_e3cb13e37ebd,2024-04-28,,kontan,"[""disruption_candidate""]",kontan,train,0,"Gempa Bumi Magnitude 6,5 Mengguncang Jawa Barat (27/2024), Terasa Sampai Malang",https://nasional.kontan.co.id/news/gempa-bumi-magnitude-65-mengguncang-jawa-barat-272024-banyak-orang-sudah-tidur
ann_5785920d237c,5541,True,"[""cooking_oil""]","[""SupplyShortage""]","[""surabaya""]","[""CrisisPreparednessAction""]",False,candidate_unverified,copy_b30e4afa97aa,2022-07-19,20:46,beritajatim,"[""response_query""]",beritajatim,train,1,Minyak Sawit Solusi Bagi Krisis Pangan dan Energi Dunia,https://beritajatim.com/minyak-sawit-solusi-bagi-krisis-pangan-dan-energi-dunia
ann_57a47021d73c,1991,False,[],"[""DisasterEvent"", ""WeatherDisruption""]","[""madiun"", ""ngawi""]",[],False,candidate_unverified,copy_68b5517a03a1,2025-03-31,19:45,beritajatim,"[""disruption_candidate""]",beritajatim,validation,1,BNPB: Banjir Landa 15 Desa di Ngawi,https://beritajatim.com/bnpb-banjir-landa-15-desa-di-ngawi
ann_57ae2c871b28,1739,False,[],"[""DisasterEvent"", ""PestDiseaseEvent"", ""WeatherDisruption""]","[""lumajang""]",[],False,candidate_unverified,copy_fcd41005ddb7,2024-07-30,13:44,beritajatim,"[""disruption_candidate""]",beritajatim,train,1,Waspada! Lumajang Zona Merah Bencana di Jawa Timur,https://beritajatim.com/waspada-lumajang-zona-merah-bencana-di-jawa-timur
ann_57aebc0a211d,2600,True,"[""broad_food"", ""cooking_oil"", ""corn"", ""rice"", ""sugar""]","[""WeatherDisruption""]",[],"[""CrisisPreparednessAction"", ""DistributionIntervention"", ""ReserveRelease""]",False,candidate_unverified,copy_89cef73bef13,2026-04-04,18:09,kompas,"[""disruption_candidate""]",kompas_money,test,1,"Hadapi Ancaman El Nino, Stok Beras Diperkuat hingga 5 Juta Ton Money 4 April 2026",https://money.kompas.com/read/2026/04/04/180916126/hadapi-ancaman-el-nino-stok-beras-diperkuat-hingga-5-juta-ton
ann_57c09a5abf3f,1955,False,"[""broad_food""]","[""DisasterEvent""]","[""jember"", ""lumajang"", ""malang"", ""probolinggo""]",[],False,candidate_unverified,copy_653913c9dd0a,2025-03-23,15:56,kompas,"[""disruption_candidate""]",kompas_regional,validation,1,"Mulai Besok Truk Angkutan Barang Dilarang Melintas di Lumajang, Ini Pengecualiannya Regional 23 Maret 2025",https://surabaya.kompas.com/read/2025/03/23/155641578/mulai-besok-truk-angkutan-barang-dilarang-melintas-di-lumajang-ini
ann_57c431e27d38,1866,False,[],"[""DisasterEvent""]","[""surabaya""]",[],False,candidate_unverified,copy_236db22303cc,2025-10-24,11:20,kompas,"[""disruption_candidate""]",kompas_regional,validation,1,"Sekolah Perhotelan di Surabaya Kebakaran, Diduga Disebabkan Korsleting Komputer Regional 24 Oktober 2025",https://surabaya.kompas.com/read/2025/10/24/112006178/sekolah-perhotelan-di-surabaya-kebakaran-diduga-disebabkan-korsleting
ann_57da0c7e9e02,3371,True,[],"[""DisasterEvent""]","[""blitar"", ""jombang"", ""kediri"", ""madiun"", ""magetan"", ""nganjuk"", ""ngawi"", ""tulungagung""]","[""CrisisPreparednessAction"", ""InspectionEnforcement""]",False,candidate_unverified,copy_e3cf56fc83c6,2022-04-26,11:00,kompas,"[""disruption_candidate""]",kompas_regional,train,1,"Mudik Lebaran, Waspadai 13 Titik Rel Rawan Banjir di Jatim Regional 26 April 2022",https://surabaya.kompas.com/read/2022/04/26/110040578/mudik-lebaran-waspadai-13-titik-rel-rawan-banjir-di-jatim
ann_57e0d8951043,2446,False,[],"[""SupplyShortage""]",[],[],False,candidate_unverified,copy_db92552fbb50,2021-07-30,,kontan,"[""disruption_candidate""]",kontan,train,0,Survei KPPU temukan masih ada harga obat terapi Covid-19 yang melebihi HET,https://nasional.kontan.co.id/news/survei-kppu-temukan-masih-ada-harga-obat-terapi-covid-19-yang-melebihi-het
ann_57fb86b75023,1287,False,[],"[""DisasterEvent""]","[""trenggalek""]",[],False,candidate_unverified,copy_72e1dbdeacac,2021-11-01,13:52,kompas,"[""disruption_candidate""]",kompas_regional,train,1,Tanah Longsor di Trenggalek Terjang Rumah Warga hingga Roboh Regional 1 November 2021,https://regional.kompas.com/read/2021/11/01/135218878/tanah-longsor-di-trenggalek-terjang-rumah-warga-hingga-roboh
ann_581282bfd964,2304,True,"[""broad_food"", ""cooking_oil"", ""rice""]","[""DisasterEvent""]","[""banyuwangi""]","[""DistributionIntervention""]",False,candidate_unverified,copy_451a15c7aec8,2025-02-19,14:00,kompas,"[""disruption_candidate""]",kompas_regional,validation,1,"Pelantikan Bupati Banyuwangi, Pemkab: Jangan Kirim Bunga, Ganti Sembako Regional 19 Februari 2025",https://surabaya.kompas.com/read/2025/02/19/140041978/pelantikan-bupati-banyuwangi-pemkab-jangan-kirim-bunga-ganti-sembako
ann_5857b8a17be8,3765,False,"[""rice""]","[""WeatherDisruption""]","[""tuban""]",[],False,candidate_unverified,copy_c0eff5d8252e,2023-07-08,23:59,beritajatim,"[""disruption_candidate""]",beritajatim,train,1,Menteri Koperasi & UKM Panen Padi di Tuban Hasil Tanam Presiden Jokowi,https://beritajatim.com/menteri-koperasi-ukm-panen-padi-di-tuban-hasil-tanam-presiden-jokowi
ann_58721747b83b,2939,False,[],"[""SupplyShortage""]","[""gresik""]","[""OtherResponseAction""]",False,candidate_unverified,copy_260c3e4bd953,2023-02-11,16:14,kompas,"[""response_query""]",kompas_money,train,1,"PT PIM Bangun Pabrik Pupuk NPK Baru Senilai Rp 1,7 Triiun Money 11 Februari 2023",https://money.kompas.com/read/2023/02/11/161400326/pt-pim-bangun-pabrik-pupuk-npk-baru-senilai-rp-1-7-triiun
ann_5879e4483b20,2104,False,[],"[""DisasterEvent""]","[""bondowoso""]","[""DistributionIntervention"", ""FoodAssistance""]",False,candidate_unverified,copy_f9a5c54a70f3,2025-07-01,23:37,beritajatim,"[""response_query""]",beritajatim,validation,1,Kerja Bakti Massal BPBD Bondowoso Pulihkan Dampak Banjir dan Longsor di Jampit,https://beritajatim.com/kerja-bakti-massal-bpbd-bondowoso-pulihkan-dampak-banjir-dan-longsor-di-jampit
ann_58a0133186e1,1428,False,[],"[""DisasterEvent""]","[""malang""]",[],False,candidate_unverified,copy_215ac3198082,2021-04-11,,kontan,"[""disruption_candidate""]",kontan,train,0,"Dampak gempa di Kabupaten Malang, 3 orang meninggal dan 344 rumah warga rusak",https://regional.kontan.co.id/news/dampak-gempa-di-kabupaten-malang-3-orang-meninggal-dan-344-rumah-warga-rusak
ann_591955aa9b6a,2702,False,[],"[""DisasterEvent""]","[""gresik"", ""surabaya""]",[],False,candidate_unverified,copy_f6cc48a9857c,2021-11-08,18:49,kompas,"[""disruption_candidate""]",kompas_regional,train,1,Pemkab Gresik Kerahkan 17 Ekskavator Atasi Banjir Luapan Kali Lamong Regional 8 November 2021,https://regional.kompas.com/read/2021/11/08/184901178/pemkab-gresik-kerahkan-17-ekskavator-atasi-banjir-luapan-kali-lamong
ann_593953c5db99,2796,False,[],"[""DisasterEvent""]","[""mojokerto""]","[""CrisisPreparednessAction"", ""DistributionIntervention""]",False,candidate_unverified,copy_75363fa0c0d5,2024-12-11,03:05,beritajatim,"[""response_query""]",beritajatim,train,1,Warga Terdampak Banjir Tempuran Mojokerto Mulai Rasakan Gatal-Gatal dan Sesak Nafas,https://beritajatim.com/warga-terdampak-banjir-tempuran-mojokerto-mulai-rasakan-gatal-gatal-dan-sesak-nafas
ann_59634e2cafbd,4949,True,"[""beef""]","[""DisasterEvent"", ""PestDiseaseEvent""]","[""bojonegoro"", ""kediri"", ""pamekasan"", ""pasuruan"", ""probolinggo"", ""surabaya""]","[""DistributionIntervention"", ""ProcurementAction""]",False,candidate_unverified,copy_6e72f2992c80,2025-02-11,16:19,beritajatim,"[""response_query""]",beritajatim,validation,1,Pemprov Jatim Distribusikan 870 Ribu Dosis Vaksin PMK ke 38 Kab/Kota,https://beritajatim.com/pemprov-jatim-distribusikan-870-ribu-dosis-vaksin-pmk-ke-38-kab-kota
ann_5971311af192,1577,False,[],"[""SupplyShortage""]","[""nganjuk"", ""ngawi""]","[""InspectionEnforcement"", ""OtherResponseAction""]",False,candidate_unverified,copy_6ca324f0c94c,2022-01-20,11:52,kompas,"[""disruption_candidate""]",kompas_regional,train,1,"Polisi Bongkar Penyalahgunaan Pupuk Bersubsidi di Nganjuk, 115,5 Ton Barang Bukti Disita Regional 20 Januari 2022",https://surabaya.kompas.com/read/2022/01/20/115243078/polisi-bongkar-penyalahgunaan-pupuk-bersubsidi-di-nganjuk-1155-ton-barang
ann_59a30bd981b9,6277,False,[],"[""DisasterEvent"", ""WeatherDisruption""]","[""jember""]",[],False,candidate_unverified,copy_de7f49cfdf08,2022-12-07,,kontan,"[""disruption_candidate""]",kontan,train,0,"Waspadai Gempa di Cianjur & Jember, Ini 8 Cara Menyelamatkan Diri dari Gempa Bumi",https://momsmoney.kontan.co.id/news/waspadai-gempa-di-cianjur-jember-ini-8-cara-menyelamatkan-diri-dari-gempa-bumi
ann_59bcb6510a71,2760,False,[],"[""DisasterEvent""]","[""mojokerto""]",[],False,candidate_unverified,copy_ab32bc840227,2023-10-12,22:38,detik,"[""disruption_candidate""]",detik_news,train,1,5 Hal Diketahui soal Kebakaran Pabrik Tisu di Mojokerto,https://news.detik.com/berita/d-6979593/5-hal-diketahui-soal-kebakaran-pabrik-tisu-di-mojokerto
ann_59f0153458de,2557,False,[],"[""DisasterEvent""]","[""bondowoso""]","[""CrisisPreparednessAction"", ""DistributionIntervention""]",False,candidate_unverified,copy_aa50432582f7,2025-06-29,19:20,beritajatim,"[""response_query""]",beritajatim,validation,1,"Banjir dan Longsor Landa Jampit Bondowoso, Infrastruktur Vital dan Lahan Pertanian Rusak",https://beritajatim.com/banjir-dan-longsor-landa-jampit-bondowoso-infrastruktur-vital-dan-lahan-pertanian-rusak
ann_5a16e79c6309,2707,False,"[""rice""]","[""ProductionDisruption"", ""WeatherDisruption""]",[],"[""OtherResponseAction""]",False,candidate_unverified,copy_d7ed6b9b0caa,2023-10-19,19:00,detik,"[""disruption_candidate"", ""response_query""]",detik_finance,train,1,"Plt Mentan Target Produksi Padi Tahun Depan 35 Juta Ton, Bagaimana Caranya?",https://finance.detik.com/berita-ekonomi-bisnis/d-6991740/plt-mentan-target-produksi-padi-tahun-depan-35-juta-ton-bagaimana-caranya
ann_5a5a526a4d94,1870,False,[],"[""SupplyShortage""]",[],"[""DistributionIntervention""]",False,candidate_unverified,copy_aeaa2c51839f,2021-07-01,15:14,kompas,"[""disruption_candidate""]",kompas_nasional,train,1,Pemerintah Diminta Pastikan Ketersediaan Oksigen Medis News 1 Juli 2021,https://nasional.kompas.com/read/2021/07/01/15140171/pemerintah-diminta-pastikan-ketersediaan-oksigen-medis
ann_5a75640c82cf,2036,False,[],"[""DisasterEvent""]","[""lumajang""]",[],False,candidate_unverified,copy_1f0b5e1d198f,2021-12-05,,kontan,"[""disruption_candidate""]",kontan,train,0,"Tinjau penanganan erupsi Gunung Semeru, Kepala BNPB kunjungi Lumajang",https://nasional.kontan.co.id/news/tinjau-penanganan-erupsi-gunung-semeru-kepala-bnpb-kunjungi-lumajang
ann_5aab69ce338f,1725,False,"[""broad_food"", ""rice""]","[""PestDiseaseEvent"", ""ProductionDisruption""]","[""ngawi""]",[],False,candidate_unverified,copy_8196f4d0b5a4,2022-07-30,18:31,beritajatim,"[""disruption_candidate""]",beritajatim,train,1,"Sawah 19 Kecamatan di Ngawi Diserang Wereng, Petani Gagal Panen",https://beritajatim.com/sawah-19-kecamatan-di-ngawi-diserang-wereng-petani-gagal-panen
ann_5aca2e53b1da,2175,False,[],"[""DisasterEvent"", ""WeatherDisruption""]","[""surabaya""]",[],False,candidate_unverified,copy_84f7a7e1a734,2026-01-06,16:47,beritajatim,"[""disruption_candidate""]",beritajatim,test,1,"Curah Hujan 58 Persen, OMC Jatim Diperpanjang Akhir Januari 2026",https://beritajatim.com/curah-hujan-58-persen-omc-jatim-diperpanjang-akhir-januari-2026
ann_5af31bc4cf62,2817,False,[],"[""DisasterEvent""]","[""banyuwangi"", ""blitar"", ""malang"", ""ngawi"", ""pacitan"", ""surabaya"", ""trenggalek"", ""tulungagung""]","[""DistributionIntervention""]",False,candidate_unverified,copy_9599913880dd,2022-10-18,22:13,beritajatim,"[""disruption_candidate""]",beritajatim,train,1,PKS Jatim Terjunkan Relawan Bencana di Sejumlah Titik Banjir,https://beritajatim.com/pks-jatim-terjunkan-relawan-bencana-di-sejumlah-titik-banjir
ann_5b5d36523612,2561,False,[],"[""DisasterEvent""]","[""gresik"", ""surabaya""]",[],False,candidate_unverified,copy_d8d222d932ff,2026-02-16,14:48,beritajatim,"[""disruption_candidate""]",beritajatim,test,1,"Jalur Surabaya-Gresik Lumpuh Terendam Banjir Rob, Polisi Alihkan Arus Lalu Lintas",https://beritajatim.com/jalur-surabaya-gresik-lumpuh-terendam-banjir-rob-polisi-alihkan-arus-lalu-lintas
ann_5b6aa3382c1d,2954,False,"[""broad_food"", ""chicken_eggs"", ""chicken_meat"", ""cooking_oil"", ""corn"", ""garlic"", ""rice"", ""shallot"", ""sugar"", ""wheat""]","[""WeatherDisruption""]","[""banyuwangi""]","[""MarketOperationAction""]",False,candidate_unverified,copy_fa374878cbc7,2023-10-17,00:37,beritajatim,"[""disruption_candidate""]",beritajatim,train,1,Warga Banyuwangi Serbu Lapak Gerakan Pangan Murah,https://beritajatim.com/warga-banyuwangi-serbu-lapak-gerakan-pangan-murah-di-banyuwangi
ann_5b6cbb6e7584,2704,False,[],"[""DisasterEvent""]","[""pamekasan""]","[""DistributionIntervention""]",False,candidate_unverified,copy_d19746a72238,2026-02-01,21:46,beritajatim,"[""disruption_candidate"", ""response_query""]",beritajatim,test,1,PMI Pamekasan Distribusikan Bantuan Bagi Warga Terdampak Longsor di Sana Dhaja Pasean,https://beritajatim.com/pmi-pamekasan-distribusikan-bantuan-bagi-warga-terdampak-longsor-di-sana-dhaja-pasean
ann_5b93ed79c722,2877,False,"[""broad_food""]","[""DisasterEvent""]","[""lumajang"", ""surabaya""]",[],False,candidate_unverified,copy_30c2091e7856,2021-12-05,00:01,kompas,"[""disruption_candidate""]",kompas_regional,train,1,Korban Terdampak Erupsi Gunung Semeru Dapat 22.184 Paket Bantuan dari Pemprov Jatim Regional 5 Desember 2021,https://regional.kompas.com/read/2021/12/05/000158678/korban-terdampak-erupsi-gunung-semeru-dapat-22184-paket-bantuan-dari
ann_5b9f3f0cd148,1851,False,[],"[""DisasterEvent""]","[""madiun"", ""nganjuk""]","[""CrisisPreparednessAction""]",False,candidate_unverified,copy_0708f16155ac,2022-02-21,19:14,kompas,"[""disruption_candidate"", ""response_query""]",kompas_regional,train,1,"Hujan dan Angin Kencang di Nganjuk, Belasan Pohon Tumbang dan Sejumlah Rumah Warga Rusak Regional 21 Februari 2022",https://surabaya.kompas.com/read/2022/02/21/191452578/hujan-dan-angin-kencang-di-nganjuk-belasan-pohon-tumbang-dan-sejumlah-rumah
ann_5ba95d3651cf,2811,False,"[""fish""]","[""ProductionDisruption"", ""SupplyShortage""]","[""gresik""]","[""DistributionIntervention"", ""OtherResponseAction"", ""ProcurementAction""]",False,candidate_unverified,copy_bb493730b319,2024-01-05,13:30,kompas,"[""response_query""]",kompas_money,train,1,Pupuk Indonesia Bantah Pupuk Subsidi di Gresik Langka Money 5 Januari 2024,https://money.kompas.com/read/2024/01/05/133000626/pupuk-indonesia-bantah-pupuk-subsidi-di-gresik-langka-
ann_5bb4eb6805ea,1463,False,[],"[""DisasterEvent""]","[""situbondo""]",[],False,candidate_unverified,copy_d6e525f7753f,2025-01-30,10:19,kompas,"[""disruption_candidate""]",kompas_regional,validation,1,Seorang Perempuan di Situbondo Tewas Terjebak Kebakaran Regional 30 Januari 2025,https://surabaya.kompas.com/read/2025/01/30/101952178/seorang-perempuan-di-situbondo-tewas-terjebak-kebakaran
ann_5c0b41ceb615,2182,False,[],"[""DisasterEvent""]","[""situbondo""]","[""DistributionIntervention"", ""FoodAssistance"", ""InspectionEnforcement""]",False,candidate_unverified,copy_980712146df5,2026-04-27,11:23,beritajatim,"[""response_query""]",beritajatim,test,1,"Kebakaran Situbondo Hanguskan 3 Rumah di Banyuputih, Kerugian Capai Rp100 Juta",https://beritajatim.com/kebakaran-situbondo-hanguskan-3-rumah-di-banyuputih-kerugian-capai-rp100-juta
ann_5c3cd6c6f318,3522,False,[],"[""DisasterEvent"", ""WeatherDisruption""]","[""sidoarjo""]",[],False,candidate_unverified,copy_ef1917f6d410,2021-03-04,,kontan,"[""disruption_candidate""]",kontan,train,0,Kimberly-Clark Softex raih sertifikasi Planet MarkTM 4 tahun berturut-turut,https://industri.kontan.co.id/news/kimberly-clark-softex-raih-sertifikasi-planet-marktm-4-tahun-berturut-turut
ann_5c4620f4f80d,2589,False,[],"[""DisasterEvent""]","[""ponorogo""]",[],False,candidate_unverified,copy_65260aa1c0dd,2026-03-31,10:13,beritajatim,"[""disruption_candidate""]",beritajatim,test,1,"Longsor Tutup Jalur Lingkar Telaga Ngebel Ponorogo, Akses Barat Dialihkan Sementara",https://beritajatim.com/longsor-tutup-jalur-lingkar-telaga-ngebel-ponorogo-akses-barat-dialihkan-sementara
ann_5c55334af01d,2804,True,[],"[""DisasterEvent""]","[""sidoarjo"", ""surabaya""]",[],False,candidate_unverified,copy_a8a1ea2084fa,2025-11-11,15:40,kompas,"[""disruption_candidate""]",kompas_regional,validation,1,"Banjir Parah Landa Sidoarjo, DPRD Desak Pemkab Bikin Grand Design dan Siagakan Pompa Air Regional 11 November 2025",https://surabaya.kompas.com/read/2025/11/11/154009278/banjir-parah-landa-sidoarjo-dprd-desak-pemkab-bikin-grand-design-dan
ann_5c651ec8bcbd,1529,False,[],"[""DisasterEvent""]","[""surabaya""]",[],False,candidate_unverified,copy_958f6cd61fcf,2021-08-24,23:58,detik,"[""disruption_candidate""]",detik_news,train,1,"Kebakaran Gudang di Surabaya, Pemadaman Gunakan Bronto Skylift",https://news.detik.com/berita-jawa-timur/d-5695175/kebakaran-gudang-di-surabaya-pemadaman-gunakan-bronto-skylift
ann_5c6cb40b4e73,1795,False,"[""broad_food"", ""chili"", ""corn"", ""rice""]","[""DisasterEvent"", ""ProductionDisruption""]","[""lumajang""]",[],False,candidate_unverified,copy_fc6f47fc8a69,2024-04-26,02:11,beritajatim,"[""disruption_candidate""]",beritajatim,train,1,"Imbas Letusan Semeru, Lahan Pertanian di Lumajang gagal Panen Tertimbun Pasir Banjir Lahar",https://beritajatim.com/imbas-letusan-semeru-lahan-pertanian-di-lumajang-gagal-panen-tertimbun-pasir-banjir-lahar
ann_5c7de7d936d9,2387,False,[],"[""DisasterEvent""]","[""tuban""]","[""DistributionIntervention""]",False,candidate_unverified,copy_cce7b0fc37e4,2023-04-16,20:04,kompas,"[""response_query""]",kompas_nasional,train,1,BPH Migas Pastikan Penyediaan dan Pendistribusian Energi Berjalan Normal Jelang Lebaran News 16 April 2023,https://nasional.kompas.com/read/2023/04/16/20044861/bph-migas-pastikan-penyediaan-dan-pendistribusian-energi-berjalan-normal
ann_5c887034033f,3286,True,[],"[""DisasterEvent""]","[""mojokerto""]","[""CrisisPreparednessAction"", ""DistributionIntervention""]",False,candidate_unverified,copy_b5ad8e59811c,2024-12-16,20:39,beritajatim,"[""response_query""]",beritajatim,train,1,"Banjir di Mojokerto Surut, Warga Kembali ke Rumah",https://beritajatim.com/banjir-di-mojokerto-surut-warga-kembali-ke-rumah
ann_5c90422edb21,2152,False,"[""broad_food""]","[""DisasterEvent""]","[""pamekasan""]",[],False,candidate_unverified,copy_dab8c3b36f01,2021-02-25,22:32,detik,"[""disruption_candidate""]",detik_news,train,1,Ada yang Bikin Khofifah Kaget Saat Tinjau Lokasi Longsor Pamekasan,https://news.detik.com/berita-jawa-timur/d-5470118/ada-yang-bikin-khofifah-kaget-saat-tinjau-lokasi-longsor-pamekasan
ann_5c9d7db1b9de,2446,False,"[""fish""]","[""DisasterEvent""]","[""banyuwangi"", ""gresik"", ""surabaya""]",[],False,candidate_unverified,copy_41da7e675624,2022-06-02,17:31,kompas,"[""disruption_candidate""]",kompas_regional,train,1,Banjir Rob Rendam 110 Rumah Warga di Gresik Regional 2 Juni 2022,https://surabaya.kompas.com/read/2022/06/02/173159278/banjir-rob-rendam-110-rumah-warga-di-gresik
ann_5ca89bb755cf,2744,False,[],"[""DisasterEvent""]","[""malang"", ""pasuruan""]","[""DistributionIntervention"", ""FoodAssistance""]",False,candidate_unverified,copy_36f9c3defd49,2026-03-25,21:37,detik,"[""disruption_candidate"", ""response_query""]",detik_news,test,1,Kemensos Salurkan Bantuan Logistik buat Korban Terdampak Banjir di Pasuruan,https://news.detik.com/berita/d-8415537/kemensos-salurkan-bantuan-logistik-buat-korban-terdampak-banjir-di-pasuruan
ann_5cd21af73606,2251,False,"[""cooking_oil""]","[""SupplyShortage""]","[""gresik""]","[""DistributionIntervention"", ""MarketOperationAction""]",False,candidate_unverified,copy_a57dfe4a1ac4,2022-02-21,17:53,beritajatim,"[""disruption_candidate""]",beritajatim,train,1,"Minyak Goreng Langka, Perusahaan Ini Gencar Distribusi Hingga ke Papua",https://beritajatim.com/minyak-goreng-langka-perusahaan-ini-gencar-distribusi-hingga-ke-papua
ann_5ce02162b9bb,2227,False,"[""broad_food"", ""rice""]","[""SupplyShortage"", ""WeatherDisruption""]","[""sumenep""]",[],False,candidate_unverified,copy_edd28e48fdc3,2023-02-27,18:58,kompas,"[""disruption_candidate""]",kompas_regional,train,1,"Beras Langka di Pulau Masalembu Sumenep, Pemkab Diminta Turun Tangan Regional 27 Februari 2023",https://surabaya.kompas.com/read/2023/02/27/185838278/beras-langka-di-pulau-masalembu-sumenep-pemkab-diminta-turun-tangan
ann_5d10ed725d9d,1565,False,[],"[""DisasterEvent""]","[""mojokerto""]",[],False,candidate_unverified,copy_2013e7570770,2022-08-29,19:33,kompas,"[""disruption_candidate""]",kompas_regional,train,1,20 Hektar Lahan di Lereng Gunung Penanggungan Terbakar Regional 29 Agustus 2022,https://surabaya.kompas.com/read/2022/08/29/193303578/20-hektar-lahan-di-lereng-gunung-penanggungan-terbakar
ann_5d160dba685a,4632,False,"[""broad_food"", ""corn"", ""rice"", ""sugar""]","[""PestDiseaseEvent""]","[""magetan""]",[],False,candidate_unverified,copy_1b316a06b453,2025-07-23,,kontan,"[""disruption_candidate""]",kontan,validation,0,Kelompok Tani Babadan Siap Pasarkan Pupuk Organik Produk Sendiri ke Pasar Nasional,https://jelajahekonomi.kontan.co.id/news/kelompok-tani-babadan-siap-pasarkan-pupuk-organik-produk-sendiri-ke-pasar-nasional
ann_5d21b3a146dd,2657,True,"[""broad_food"", ""fish""]","[""ProductionDisruption"", ""WeatherDisruption""]","[""banyuwangi""]","[""CrisisPreparednessAction"", ""ProductionAssistance""]",False,candidate_unverified,copy_34fa393c9458,2026-05-08,16:21,beritajatim,"[""response_query""]",beritajatim,test,1,"Kementan Bangun Sumur Bor di Banyuwangi, Produktivitas Sawah Naik hingga 3 Kali Panen",https://beritajatim.com/kementan-bangun-sumur-bor-di-banyuwangi-produktivitas-sawah-naik-hingga-3-kali-panen
ann_5d2a97a682c6,2372,False,"[""broad_food""]","[""DisasterEvent""]","[""lamongan""]",[],False,candidate_unverified,copy_0bd5d8bde616,2021-11-09,21:46,kompas,"[""disruption_candidate""]",kompas_regional,train,1,"Banjir Bandang di Lamongan, Kerugian Material Diperkirakan Capai Rp 75 Juta Regional 9 November 2021",https://regional.kompas.com/read/2021/11/09/214642878/banjir-bandang-di-lamongan-kerugian-material-diperkirakan-capai-rp-75-juta
ann_5d330c598b25,1874,False,[],"[""DisasterEvent""]","[""kediri""]",[],False,candidate_unverified,copy_1b108bf661c7,2025-01-09,11:31,kompas,"[""disruption_candidate""]",kompas_regional,validation,1,"Hujan Deras, Tebing Longsor dan Menimpa Rumah di Kediri Regional 9 Januari 2025",https://surabaya.kompas.com/read/2025/01/09/113146078/hujan-deras-tebing-longsor-dan-menimpa-rumah-di-kediri
ann_5d33eb91235e,1116,False,[],"[""DisasterEvent""]","[""bondowoso"", ""situbondo""]",[],False,candidate_unverified,copy_c7e521b32077,2024-07-19,07:26,kompas,"[""disruption_candidate""]",kompas_regional,train,1,Hutan 7 Hektar di Situbondo Terbakar Regional 19 Juli 2024,https://surabaya.kompas.com/read/2024/07/19/072637278/hutan-7-hektar-di-situbondo-terbakar
ann_5d79fc69e9eb,1766,False,[],"[""DisasterEvent""]","[""mojokerto""]",[],False,candidate_unverified,copy_52dc2dc91009,2026-02-02,21:42,beritajatim,"[""disruption_candidate""]",beritajatim,test,1,"Hujan Deras Picu Longsor di Pacet dan Trawas Mojokerto, Jalur Penghubung Terganggu",https://beritajatim.com/hujan-deras-picu-longsor-di-pacet-dan-trawas-mojokerto-jalur-penghubung-terganggu
ann_5dd9f2e86c2e,1840,False,[],"[""DisasterEvent""]","[""madiun"", ""magetan"", ""nganjuk"", ""ngawi"", ""ponorogo""]",[],False,candidate_unverified,copy_d419b5147cad,2023-06-17,19:35,beritajatim,"[""disruption_candidate""]",beritajatim,train,1,"Jelang Iduladha, Petani Rumput Pakan di Ponorogo Banjir Orderan",https://beritajatim.com/jelang-iduladha-petani-rumput-pakan-di-ponorogo-banjir-orderan
ann_5dee8f63726e,1838,True,[],"[""DisasterEvent""]","[""pasuruan""]","[""CrisisPreparednessAction""]",False,candidate_unverified,copy_966fb0067a8b,2023-09-10,18:49,beritajatim,"[""response_query""]",beritajatim,train,1,Karhutla di Gunung Ringgit Rusak Pasokan Air Bersih Desa Jatiarjo Pasuruan,https://beritajatim.com/karhutla-di-gunung-ringgit-rusak-pasokan-air-bersih-desa-jatiarjo-pasuruan
ann_5e041550ac84,2631,False,[],"[""DisasterEvent""]","[""malang"", ""surabaya""]",[],False,candidate_unverified,copy_21867327370e,2025-12-24,11:01,beritajatim,"[""disruption_candidate""]",beritajatim,validation,1,Jenazah Erawati PMI Asal Dampit Malang Korban Kebakaran Hong Kong Tiba di Rumah Duka,https://beritajatim.com/jenazah-erawati-pmi-dampit-malang-korban-kebakaran-hong-kong
ann_5e099586944f,3120,False,"[""chili""]","[""DisasterEvent""]","[""jember"", ""lumajang"", ""malang"", ""sidoarjo"", ""surabaya""]",[],False,candidate_unverified,copy_b81899e19bbe,2021-10-22,19:42,detik,"[""disruption_candidate""]",detik_food,train,1,Pedas Mampus! Berani Cicipi Mie Semeru dengan Sensasi 130 Cabai?,https://food.detik.com/berita-boga/d-5778522/pedas-mampus-berani-cicipi-mie-semeru-dengan-sensasi-130-cabai
ann_5e33da4173bc,2891,False,"[""rice""]","[""DisasterEvent"", ""PestDiseaseEvent"", ""ProductionDisruption""]","[""bondowoso""]","[""OtherResponseAction""]",False,candidate_unverified,copy_3128b8b9cec6,2021-05-04,18:23,kompas,"[""disruption_candidate""]",kompas_money,train,1,"Sosialisasikan AUTP di Bondowoso, Dirjen PSP: Petani Gagal Panen Dibayar Rp 6 Juta Money 4 Mei 2021",https://money.kompas.com/read/2021/05/04/182333626/sosialisasikan-autp-di-bondowoso-dirjen-psp-petani-gagal-panen-dibayar-rp-6
ann_5e54763045ae,1939,False,[],"[""DisasterEvent""]","[""nganjuk"", ""trenggalek""]",[],False,candidate_unverified,copy_7d3cb0aa7e63,2021-02-16,,kontan,"[""disruption_candidate""]",kontan,train,0,10 Korban tanah longsor di Nganjuk Jawa Timur masih dalam pencarian tim gabungan,https://regional.kontan.co.id/news/10-korban-tanah-longsor-di-nganjuk-jawa-timur-masih-dalam-pencarian-tim-gabungan
ann_5ea1e5399a91,1657,False,[],"[""DisasterEvent""]","[""blitar"", ""bojonegoro"", ""gresik"", ""lamongan"", ""malang"", ""pasuruan"", ""sidoarjo"", ""surabaya"", ""tuban""]",[],False,candidate_unverified,copy_2cd0884941fb,2024-03-22,,kontan,"[""disruption_candidate""]",kontan,train,0,Perjalanan KA Daop 8 Terdampak Gempa Tuban,https://regional.kontan.co.id/news/perjalanan-ka-daop-8-terdampak-gempa-tuban
ann_5eadd5cd36eb,1445,False,[],"[""DisasterEvent""]","[""malang""]","[""DistributionIntervention""]",False,candidate_unverified,copy_544b3cd140ce,2021-04-10,,kontan,"[""response_query""]",kontan,train,0,Pertamina menjamin pasokan kebutuhan energi di Malang aman pascagempa,https://industri.kontan.co.id/news/pertamina-menjamin-pasokan-kebutuhan-energi-di-malang-aman-pascagempa
ann_5efbef0ce3cf,3884,True,"[""chili"", ""shallot""]","[""PestDiseaseEvent""]","[""madiun"", ""magetan""]","[""CrisisPreparednessAction""]",False,candidate_unverified,copy_2382f14d8d26,2024-11-04,11:12,beritajatim,"[""disruption_candidate""]",beritajatim,train,1,"Lumbung Sayur Magetan: Potensi, Tantangan, dan Harapan Petani",https://beritajatim.com/lumbung-sayur-magetan-potensi-tantangan-dan-harapan-petani
ann_5f4c1eec9e5a,2225,False,"[""fish""]","[""DisasterEvent"", ""WeatherDisruption""]","[""gresik""]",[],False,candidate_unverified,copy_243ed26c80d9,2024-09-20,23:27,beritajatim,"[""disruption_candidate""]",beritajatim,train,1,"Jelang Ganti Musim, Pemkab Gresik Gandeng BBWS Cari Solusi Mengatasi Banjir",https://beritajatim.com/jelang-ganti-musim-pemkab-gresik-gandeng-bbws-cari-solusi-mengatasi-banjir
ann_5f680e22099d,1518,False,"[""chili""]","[""WeatherDisruption""]","[""malang""]",[],False,candidate_unverified,copy_e15ea6df733f,2023-02-20,17:01,beritajatim,"[""disruption_candidate""]",beritajatim,train,1,"Harga Stabil, Panen Raya Cabai di Malang Mundur Dua Bulan",https://beritajatim.com/harga-stabil-panen-raya-cabai-di-malang-mundur-dua-bulan
ann_5fa41f25844d,1634,False,"[""broad_food""]","[""DisasterEvent""]","[""blitar"", ""pacitan""]",[],False,candidate_unverified,copy_053666b1806d,2026-02-06,19:40,kompas,"[""disruption_candidate""]",kompas_regional,test,1,2 Bangunan Milik Warga Blitar Rusak akibat Gempa Pacitan Regional 6 Februari 2026,https://surabaya.kompas.com/read/2026/02/06/194037878/2-bangunan-milik-warga-blitar-rusak-akibat-gempa-pacitan
ann_6015e78c7464,724,False,[],"[""DisasterEvent""]","[""tuban""]",[],False,candidate_unverified,copy_9784039cf401,2024-05-12,22:03,detik,"[""disruption_candidate""]",detik_news,train,1,"Gempa M 4,3 Guncang Tuban",https://news.detik.com/berita/d-7336532/gempa-m-4-3-guncang-tuban
ann_601e3c2f72e0,794,False,[],"[""DisasterEvent""]","[""gresik"", ""lamongan"", ""lumajang"", ""malang"", ""surabaya"", ""tuban""]",[],False,candidate_unverified,copy_a75180228e0f,2021-01-21,19:19,kompas,"[""disruption_candidate""]",kompas_regional,train,1,Puluhan Pengungsi Gempa Sulbar Pilih Pulang Kampung ke Jatim News 21 Januari 2021,https://regional.kompas.com/read/2021/01/21/19191091/puluhan-pengungsi-gempa-sulbar-pilih-pulang-kampung-ke-jatim
ann_602690bec382,1823,False,"[""chili""]","[""ProductionDisruption"", ""WeatherDisruption""]","[""ponorogo""]",[],False,candidate_unverified,copy_ff9f8b1ebbd3,2026-02-12,19:10,kompas,"[""disruption_candidate""]",kompas_regional,test,1,"Cabai Rawit Tembus Rp 100.000 Per Kg di Ponorogo, Warga Oplos dengan Cabai Kering Regional 12 Februari 2026",https://surabaya.kompas.com/read/2026/02/12/191005078/cabai-rawit-tembus-rp-100000-per-kg-di-ponorogo-warga-oplos-dengan-cabai
ann_602b92ab0072,5292,False,"[""buffalo_meat"", ""corn""]","[""PestDiseaseEvent""]",[],"[""CrisisPreparednessAction"", ""DistributionIntervention"", ""ProcurementAction""]",False,candidate_unverified,copy_76380183bba0,2022-06-30,,kontan,"[""disruption_candidate"", ""response_query""]",kontan,train,0,Kementan Sebut Wabah PMK Mendekati Idul Adha Tahun Ini Dapat Dikendalikan,https://nasional.kontan.co.id/news/kementan-sebut-wabah-pmk-mendekati-idul-adha-tahun-ini-dapat-dikendalikan
ann_608371b8da75,1094,False,[],"[""DisasterEvent""]","[""sumenep""]",[],False,candidate_unverified,copy_100b82d75499,2024-03-15,16:06,beritajatim,"[""disruption_candidate""]",beritajatim,train,1,"Sumenep Hujan Deras dan Angin Kencang, Rumah Warga Ambruk",https://beritajatim.com/sumenep-hujan-deras-dan-angin-kencang-rumah-warga-ambruk
ann_608a0b613d0f,618,False,[],"[""DisasterEvent""]","[""jember""]",[],False,candidate_unverified,copy_82fc0b9c9b7e,2024-03-17,23:26,detik,"[""disruption_candidate""]",detik_news,train,1,"Gempa M 4,5 Terjadi di Jember Jatim",https://news.detik.com/berita/d-7246836/gempa-m-4-5-terjadi-di-jember-jatim
ann_60d006720861,2290,False,"[""fish""]","[""SupplyShortage""]","[""ponorogo""]",[],False,candidate_unverified,copy_f39ae01595b5,2025-03-20,17:48,beritajatim,"[""disruption_candidate""]",beritajatim,validation,1,Menteri KKP Tinjau Ketersediaan Garam di Ponorogo Jelang Idul Fitri,https://beritajatim.com/menteri-kkp-tinjau-ketersediaan-garam-di-ponorogo-jelang-idul-fitri
ann_611c5d3d0d33,1285,False,[],"[""DisasterEvent""]","[""mojokerto""]","[""CrisisPreparednessAction""]",False,candidate_unverified,copy_e49b2f0448af,2025-05-23,09:56,beritajatim,"[""response_query""]",beritajatim,validation,1,Gudang Daur Ulang Oli di Gedeg Mojokerto Terbakar,https://beritajatim.com/gudang-oli-bekas-terbakar-mojokerto
ann_613146114e21,1583,False,[],"[""DisasterEvent""]","[""batu"", ""jombang"", ""kediri"", ""malang""]",[],False,candidate_unverified,copy_d14b27734e64,2021-02-04,22:04,detik,"[""disruption_candidate""]",detik_news,train,1,"Longsor Susulan di Pujon, Jalur Malang-Kediri Kembali Tertutup Total",https://news.detik.com/berita-jawa-timur/d-5361955/longsor-susulan-di-pujon-jalur-malang-kediri-kembali-tertutup-total
ann_617ea4f6676e,1865,False,[],"[""DisasterEvent""]","[""sidoarjo"", ""sumenep"", ""surabaya""]",[],False,candidate_unverified,copy_bec70149e70e,2025-10-01,13:35,beritajatim,"[""disruption_candidate""]",beritajatim,validation,1,"Gempa Sumenep 6,5 SR Picu Kepanikan di Posko Pengungsian Korban Ambruknya Mushola Ponpes Al Khoziny",https://beritajatim.com/gempa-sumenep-65-sr-picu-kepanikan-di-posko-pengungsian-korban-ambruknya-mushola-ponpes-al-khoziny
ann_61da3e8a2af4,1513,False,[],"[""DisasterEvent"", ""WeatherDisruption""]","[""mojokerto"", ""sidoarjo""]","[""DistributionIntervention""]",False,candidate_unverified,copy_70a85958c0b1,2025-02-26,19:49,beritajatim,"[""disruption_candidate""]",beritajatim,validation,1,BNPB: Banjir Melanda Dua Kabupaten di Jawa Timur,https://beritajatim.com/bnpb-banjir-melanda-dua-kabupaten-di-jawa-timur
ann_61e6e7ec3dab,1805,False,[],"[""DisasterEvent""]","[""blitar"", ""malang"", ""mojokerto""]",[],False,candidate_unverified,copy_f4572fc7d790,2021-02-04,22:28,beritajatim,"[""disruption_candidate""]",beritajatim,train,1,"Suara Dentuman di Malang, Begini Penjelasan BMKG",https://beritajatim.com/suara-dentuman-di-malang-begini-penjelasan-bmkg
ann_622155014fc5,2734,False,"[""rice""]","[""PestDiseaseEvent""]","[""ngawi""]",[],False,candidate_unverified,copy_08fa98fb928f,2021-04-07,,kontan,"[""disruption_candidate""]",kontan,train,0,Petani Ngawi berhasil tingkatkan hasil panen di tengah pandemi,https://regional.kontan.co.id/news/petani-ngawi-berhasil-tingkatkan-hasil-panen-di-tengah-pandemi
ann_6228567bbe6b,3118,False,"[""broad_food""]","[""SupplyShortage""]","[""mojokerto""]",[],False,candidate_unverified,copy_ffb3ffeb31b6,2025-02-25,14:03,kompas,"[""disruption_candidate""]",kompas_money,validation,1,"Gabung Program Manunggal Air TNI AD, BI Ingin Stabilkan Harga Pangan dan Inflasi Money 25 Februari 2025",https://money.kompas.com/read/2025/02/25/140303826/gabung-program-manunggal-air-tni-ad-bi-ingin-stabilkan-harga-pangan-dan
ann_62443525929f,3319,True,[],"[""DisasterEvent""]","[""banyuwangi""]","[""CrisisPreparednessAction""]",False,candidate_unverified,copy_480e46f1e48c,2023-11-05,16:20,kompas,"[""response_query""]",kompas_regional,train,1,"Jelang Musim Hujan, Pemkab Banyuwangi Mulai Langkah Antisipatif untuk Cegah Banjir News 5 November 2023",https://regional.kompas.com/read/2023/11/05/16204671/jelang-musim-hujan-pemkab-banyuwangi-mulai-langkah-antisipatif-untuk-cegah
ann_6260e684fb53,1770,False,[],"[""DisasterEvent""]","[""bangkalan"", ""tuban""]","[""InspectionEnforcement""]",False,candidate_unverified,copy_3aaccb0c1488,2025-06-02,18:14,kompas,"[""response_query""]",kompas_regional,validation,1,"Bus Pahala Kencana Terbakar, Polisi Segera Limpahkan Temuan Rokok Diduga Ilegal ke Bea Cukai Madura Regional 2 Juni 2025",https://surabaya.kompas.com/read/2025/06/02/181432278/bus-pahala-kencana-terbakar-polisi-segera-limpahkan-temuan-rokok-diduga
ann_6267b1cc4fa8,407,False,[],"[""DisasterEvent""]","[""jember""]",[],False,candidate_unverified,copy_cf8eac98dbb0,2022-12-04,23:36,detik,"[""disruption_candidate""]",detik_news,train,1,"Gempa M 4,2 Terjadi di Jember Jatim",https://news.detik.com/berita/d-6442644/gempa-m-4-2-terjadi-di-jember-jatim
ann_626ee5a6b050,1924,False,[],"[""DisasterEvent""]","[""lumajang"", ""probolinggo"", ""sidoarjo"", ""surabaya""]",[],False,candidate_unverified,copy_00d2d378f292,2021-12-05,23:00,beritajatim,"[""disruption_candidate""]",beritajatim,train,1,"Ringankan Beban Korban Erupsi Semeru, Gerindra Jatim Bantu Pengungsi",https://beritajatim.com/ringankan-beban-korban-erupsi-semeru-gerindra-jatim-bantu-pengungsi
ann_627a54b985fe,2308,False,"[""rice""]","[""PestDiseaseEvent""]",[],[],False,candidate_unverified,copy_a9d7abffa25b,2022-12-04,,kontan,"[""disruption_candidate""]",kontan,train,0,Penerapan Praktik Pertanian yang Baik Jadi Kunci Tingkatkan Produksi Padi,https://industri.kontan.co.id/news/penerapan-praktik-pertanian-yang-baik-jadi-kunci-tingkatkan-produksi-padi
ann_629d9ec2ec6c,1305,False,[],"[""DisasterEvent""]","[""gresik""]",[],False,candidate_unverified,copy_2953badf5c6e,2024-10-14,20:29,beritajatim,"[""disruption_candidate""]",beritajatim,train,1,PT Freeport Indonesia di KEK Gresik Kebakaran,https://beritajatim.com/pt-freeport-indonesia-di-kek-gresik-kebakaran
ann_62c43e5de18f,2271,False,[],"[""DisasterEvent"", ""WeatherDisruption""]","[""kediri"", ""malang""]",[],False,candidate_unverified,copy_6fa81727e9b4,2026-01-22,06:26,kompas,"[""disruption_candidate""]",kompas_regional,test,1,"Tertutup Material Longsor, Jalur Malang-Kediri Macet Panjang Regional 22 Januari 2026",https://surabaya.kompas.com/read/2026/01/22/062640678/tertutup-material-longsor-jalur-malang-kediri-macet-panjang
ann_62c4aae5524f,1959,False,"[""broad_food"", ""cooking_oil""]","[""SupplyShortage""]","[""jombang""]",[],False,candidate_unverified,copy_c3c17d7e0982,2022-02-21,19:53,kompas,"[""disruption_candidate""]",kompas_regional,train,1,"Distribusi Minyak Goreng Tersumbat, Khofifah Minta Bupati dan Wali Kota Turun Tangan Regional 21 Februari 2022",https://surabaya.kompas.com/read/2022/02/21/195316378/distribusi-minyak-goreng-tersumbat-khofifah-minta-bupati-dan-wali-kota
ann_62fb300f2aa3,3543,False,[],"[""DisasterEvent""]","[""pasuruan""]","[""DistributionIntervention""]",False,candidate_unverified,copy_285d580022b2,2023-07-05,,kontan,"[""disruption_candidate"", ""response_query""]",kontan,train,0,"Ekspansi Kapasitas Produksi, Onduline Bangun Pabrik Baru di Pasuruan",https://industri.kontan.co.id/news/ekspansi-kapasitas-produksi-onduline-bangun-pabrik-baru-di-pasuruan
ann_62fe94e3c4ac,2296,False,"[""broad_food"", ""cooking_oil""]","[""DistributionDisruption"", ""SupplyShortage""]","[""surabaya""]",[],False,candidate_unverified,copy_36a7735c25da,2022-03-22,07:25,kompas,"[""disruption_candidate""]",kompas_regional,train,1,"Satgas Pangan Mabes Polri Temui Kapolda dan Gubernur Jatim, Bahas Persoalan Minyak Goreng Regional 22 Maret 2022",https://surabaya.kompas.com/read/2022/03/22/072521278/satgas-pangan-mabes-polri-temui-kapolda-dan-gubernur-jatim-bahas-persoalan
ann_63229fb3660b,2016,False,"[""broad_food"", ""chicken_eggs"", ""chili"", ""rice""]","[""WeatherDisruption""]","[""malang""]",[],False,candidate_unverified,copy_a4aa9f1fa9e8,2026-02-09,21:13,kompas,"[""disruption_candidate""]",kompas_money,test,1,"Bapanas Cek Harga Bahan Pokok di Malang, Harga Cabai Rawit Sentuh Rp 80.000 Money 9 Februari 2026",https://money.kompas.com/read/2026/02/09/211300026/bapanas-cek-harga-bahan-pokok-di-malang-harga-cabai-rawit-sentuh-rp-80.000
ann_638eb141606b,1556,True,[],"[""DisasterEvent""]","[""gresik""]",[],False,candidate_unverified,copy_7a7996712c0f,2025-12-03,18:40,beritajatim,"[""disruption_candidate""]",beritajatim,validation,1,Cegah Banjir! Ratusan Petugas dan Warga Gresik Keroyokan Bersihkan Waduk dan Irigasi,https://beritajatim.com/cegah-banjir-ratusan-petugas-dan-warga-gresik-keroyokan-bersihkan-waduk-dan-irigasi
ann_638f8f42dd19,1621,False,"[""broad_food"", ""chicken_eggs"", ""chili"", ""shallot""]","[""WeatherDisruption""]","[""pacitan""]",[],False,candidate_unverified,copy_a03c1fde1b06,2025-11-24,14:35,beritajatim,"[""disruption_candidate""]",beritajatim,validation,1,Harga Pangan di Pacitan Melonjak: Pedagang Kian Sulit Dapat Stok,https://beritajatim.com/harga-pangan-di-pacitan-melonjak-pedagang-kian-sulit-dapat-stok
ann_63ad1b280b05,2294,False,[],"[""DisasterEvent""]","[""blitar"", ""lumajang"", ""malang""]",[],False,candidate_unverified,copy_5ef06be3208d,2021-04-10,22:56,detik,"[""disruption_candidate""]",detik_news,train,1,"Pemerintah Belum Tetapkan Gempa Malang M 6,1 Jadi Darurat Bencana Nasional",https://news.detik.com/berita/d-5527876/pemerintah-belum-tetapkan-gempa-malang-m-6-1-jadi-darurat-bencana-nasional
ann_63cbffab8843,2339,False,"[""broad_food"", ""cooking_oil"", ""rice"", ""sugar""]","[""DisasterEvent""]","[""madiun"", ""nganjuk""]",[],False,candidate_unverified,copy_5fccf7d950bb,2022-01-07,08:13,beritajatim,"[""disruption_candidate""]",beritajatim,train,1,Korem Madiun Berikan Bantuan Korban Banjir dan Longsor di Nganjuk,https://beritajatim.com/korem-madiun-berikan-bantuan-korban-banjir-dan-longsor-di-nganjuk
ann_6464154ecfd4,3263,False,"[""broad_food"", ""rice""]","[""SupplyShortage""]","[""batu"", ""malang"", ""pasuruan""]",[],False,candidate_unverified,copy_37f367216360,2025-08-14,15:25,kompas,"[""disruption_candidate""]",kompas_regional,validation,1,"Beras Medium Langka di Kota Malang, Pemkot Sebut Isu Oplosan Jadi Pemicu Regional 14 Agustus 2025",https://surabaya.kompas.com/read/2025/08/14/152529878/beras-medium-langka-di-kota-malang-pemkot-sebut-isu-oplosan-jadi-pemicu
ann_6469cd6a31dd,2090,False,[],"[""DisasterEvent""]","[""gresik""]",[],False,candidate_unverified,copy_952d3cafb790,2025-02-19,22:24,detik,"[""disruption_candidate""]",detik_finance,validation,1,"Bahlil Izinkan Freeport Ekspor Konsentrat Tembaga, tapi Pajaknya Naik",https://finance.detik.com/energi/d-7786543/bahlil-izinkan-freeport-ekspor-konsentrat-tembaga-tapi-pajaknya-naik
ann_6475506ab85b,2240,True,[],"[""DisasterEvent""]","[""blitar"", ""lumajang"", ""malang"", ""surabaya""]",[],False,candidate_unverified,copy_b22ee7498797,2021-04-10,22:50,detik,"[""disruption_candidate""]",detik_news,train,1,Gubernur Khofifah Terjunkan Tim Evakuasi dan Tanggap Kebencanaan Gempa Malang,https://news.detik.com/berita-jawa-timur/d-5527875/gubernur-khofifah-terjunkan-tim-evakuasi-dan-tanggap-kebencanaan-gempa-malang
ann_64aa66b34a53,2455,False,[],"[""DisasterEvent""]","[""jember""]",[],False,candidate_unverified,copy_6f7df7bf03d0,2021-01-29,22:54,beritajatim,"[""disruption_candidate""]",beritajatim,train,1,"Sungai Bedadung Meluap, Pusat Kota Jember Dikepung Banjir",https://beritajatim.com/sungai-bedadung-meluap-pusat-kota-jember-dikepung-banjir
ann_64ac5ab89d54,1732,False,[],"[""DisasterEvent""]","[""pacitan""]",[],False,candidate_unverified,copy_fb407585d1df,2025-01-11,16:15,kompas,"[""disruption_candidate""]",kompas_regional,validation,1,"Warga Gunungkidul Ikut Rasakan Getaran Gempa Pacitan, Aktivitas Tetap Normal News 11 Januari 2025",https://regional.kompas.com/read/2025/01/11/16153851/warga-gunungkidul-ikut-rasakan-getaran-gempa-pacitan-aktivitas-tetap-normal
ann_650949ad19b4,1608,False,[],"[""DisasterEvent""]","[""malang"", ""pasuruan""]",[],False,candidate_unverified,copy_e7a21b1b5216,2026-01-09,,kontan,"[""disruption_candidate""]",kontan,test,0,Akses Jalan Menuju Gunung Bromo Via Malang Ditutup Sementara Akibat Longsor,https://regional.kontan.co.id/news/akses-jalan-menuju-gunung-bromo-via-malang-ditutup-sementara-akibat-longsor
ann_6564236ea311,2169,False,"[""rice""]","[""PestDiseaseEvent""]","[""banyuwangi""]","[""ReserveRelease""]",False,candidate_unverified,copy_7e0e9326d133,2025-06-13,12:45,beritajatim,"[""response_query""]",beritajatim,validation,1,Produksi Beras Banyuwangi Surplus 159 Ribu Ton Pertengahan 2025,https://beritajatim.com/produksi-beras-banyuwangi-surplus-159-ribu-ton
ann_657752bb7825,2758,False,"[""rice"", ""sugar""]","[""SupplyShortage"", ""WeatherDisruption""]","[""banyuwangi"", ""jember"", ""lumajang""]","[""CrisisPreparednessAction""]",False,candidate_unverified,copy_72a964c4767d,2026-05-08,07:30,kompas,"[""disruption_candidate"", ""response_query""]",kompas_regional,test,1,"Antisipasi El Nino, Kementan Gandeng Unej Benahi Irigasi 7.070 Hektar Sawah di Jember Regional 8 Mei 2026",https://surabaya.kompas.com/read/2026/05/08/073042278/antisipasi-el-nino-kementan-gandeng-unej-benahi-irigasi-7070-hektar-sawah
ann_657c44a5a745,1862,True,"[""broad_food"", ""chili"", ""corn"", ""rice""]","[""DisasterEvent"", ""ProductionDisruption""]","[""lumajang""]","[""CrisisPreparednessAction"", ""ProductionAssistance""]",False,candidate_unverified,copy_6fab269fa228,2024-04-29,19:26,beritajatim,"[""disruption_candidate""]",beritajatim,train,1,"Banjir Lahar Semeru Terjang Lahan Pertanian, Lumajang Ajukan Bantuan Benih ke Kementan",https://beritajatim.com/banjir-lahar-semeru-terjang-lahan-pertanian-lumajang-ajukan-bantuan-benih-ke-kementan
ann_65b48097a582,5429,True,"[""cooking_oil"", ""sugar""]","[""SupplyShortage""]","[""gresik""]","[""CrisisPreparednessAction"", ""ProcurementAction""]",False,candidate_unverified,copy_a93be5f2ff96,2024-04-23,,kontan,"[""disruption_candidate""]",kontan,train,0,"Pabrik Gula SGN, Siap Memulai Giling 2024 Guna Penuhi Kebutuhan Gula Masyarakat",https://pressrelease.kontan.co.id/news/pabrik-gula-sgn-siap-memulai-giling-2024-guna-penuhi-kebutuhan-gula-masyarakat
ann_65e9fce4f2a5,1463,False,[],"[""DisasterEvent"", ""WeatherDisruption""]","[""madiun""]",[],False,candidate_unverified,copy_7e114eda6978,2025-09-22,14:32,beritajatim,"[""disruption_candidate""]",beritajatim,validation,1,Pemkab Madiun Data Rumah Rusak Akibat Hujan Lebat Disertai Angin Kencang di Dagangan,https://beritajatim.com/pemkab-madiun-data-rumah-rusak-akibat-hujan-lebat-disertai-angin-kencang-di-dagangan
ann_6610ea418f23,2463,False,"[""broad_food"", ""rice""]","[""PestDiseaseEvent"", ""WeatherDisruption""]","[""ngawi""]",[],False,candidate_unverified,copy_12474ec9153f,2026-04-24,20:40,kompas,"[""disruption_candidate""]",kompas_money,test,1,Kementan Kebut Tanam Padi Serentak di 38 Kabupaten Se-Jatim Money 24 April 2026,https://money.kompas.com/read/2026/04/24/204033126/kementan-kebut-tanam-padi-serentak-di-38-kabupaten-se-jatim
ann_66355f8579e7,1299,True,[],"[""DisasterEvent""]","[""kediri""]",[],False,candidate_unverified,copy_00adac9b5af6,2021-11-22,07:37,kompas,"[""disruption_candidate""]",kompas_regional,train,1,"Antisipasi Bencana Hidrometeorologi, Pemkot Kediri Normalisasi Drainase Regional 22 November 2021",https://regional.kompas.com/read/2021/11/22/073755978/antisipasi-bencana-hidrometeorologi-pemkot-kediri-normalisasi-drainase
ann_6666cfc8f0e1,1581,False,"[""rice""]","[""WeatherDisruption""]","[""banyuwangi""]","[""CrisisPreparednessAction""]",False,candidate_unverified,copy_261f57cea745,2023-10-31,10:45,beritajatim,"[""disruption_candidate""]",beritajatim,train,1,"Dampak El Nino, Petani Banyuwangi Diimbau Ubah Pola Tanam",https://beritajatim.com/dampak-el-nino-petani-banyuwangi-diimbau-ubah-pola-tanam
ann_669cff684736,1563,False,[],"[""DisasterEvent""]","[""situbondo""]",[],False,candidate_unverified,copy_1120e9cb12ba,2025-12-19,20:14,kompas,"[""disruption_candidate""]",kompas_regional,validation,1,"Gudang Penyimpanan Makanan di Situbondo Hangus Terbakar, Kerugian Capai Rp 1,6 Miliar Regional 19 Desember 2025",https://surabaya.kompas.com/read/2025/12/19/201457278/gudang-penyimpanan-makanan-di-situbondo-hangus-terbakar-kerugian-capai-rp
ann_66b1fe5c6aee,3442,False,"[""broad_food""]","[""DisasterEvent"", ""WeatherDisruption""]","[""sidoarjo""]","[""CrisisPreparednessAction"", ""InspectionEnforcement""]",False,candidate_unverified,copy_eeaa3bc8ebbc,2026-03-06,01:26,beritajatim,"[""disruption_candidate""]",beritajatim,test,1,"Bupati Sidoarjo Sidak Supermarket, Pastikan Stok Aman dan Harga Stabil",https://beritajatim.com/bupati-sidoarjo-sidak-supermarket-pastikan-stok-aman-dan-harga-stabil
ann_66bf14a01503,1850,False,[],"[""DisasterEvent""]","[""lumajang""]","[""CrisisPreparednessAction""]",False,candidate_unverified,copy_b5abfbe6f6f7,2021-12-06,18:13,kompas,"[""disruption_candidate""]",kompas_nasional,train,1,"Polri Kerahkan 1.117 Personel Brimob ke Lumajang, Bantu Penanganan Dampak Erupsi Semeru News 6 Desember 2021",https://nasional.kompas.com/read/2021/12/06/18135811/polri-kerahkan-1117-personel-brimob-ke-lumajang-bantu-penanganan-dampak
ann_66f18b2d3a5f,3075,False,[],"[""WeatherDisruption""]","[""magetan""]",[],False,candidate_unverified,copy_1ac0111d8149,2026-01-24,15:15,beritajatim,"[""disruption_candidate""]",beritajatim,test,1,"Angin Kencang Terjang Magetan, 18 Pohon Tumbang dan 3 Rumah Roboh",https://beritajatim.com/angin-kencang-terjang-magetan-18-pohon-tumbang-dan-3-rumah-roboh
ann_66f38446d488,2595,False,[],"[""DisasterEvent""]","[""gresik""]","[""CrisisPreparednessAction""]",False,candidate_unverified,copy_4eb92c68940e,2025-03-03,03:15,beritajatim,"[""disruption_candidate""]",beritajatim,validation,1,"Banjir Gresik, Bupati Siapkan Dapur Umum",https://beritajatim.com/banjir-gresik-bupati-siapkan-dapur-umum
ann_672ae28dbf1c,2040,True,[],"[""DisasterEvent"", ""WeatherDisruption""]","[""bangkalan"", ""lamongan"", ""madiun"", ""malang"", ""mojokerto"", ""nganjuk"", ""pasuruan"", ""sampang"", ""sidoarjo"", ""surabaya"", ""trenggalek""]","[""CrisisPreparednessAction""]",False,candidate_unverified,copy_b008271d71c7,2024-10-23,14:15,kompas,"[""disruption_candidate""]",kompas_regional,train,1,"Masa Pancaroba, 10 Bencana Hidrometeorologi Terjadi di Jatim Regional 23 Oktober 2024",https://surabaya.kompas.com/read/2024/10/23/141507778/masa-pancaroba-10-bencana-hidrometeorologi-terjadi-di-jatim
ann_676f5c3b0300,2154,False,[],"[""DisasterEvent""]","[""lumajang"", ""malang""]",[],False,candidate_unverified,copy_262cd6f06daa,2022-11-04,19:05,beritajatim,"[""disruption_candidate""]",beritajatim,train,1,"Longsor, Jalan Piket Nol Menuju Gladak Perak Lumajang-Malang Ambles",https://beritajatim.com/longsor-jalan-piket-nol-menuju-gladak-perak-lumajang-malang-ambles
ann_67ceaeb4a2ab,1915,False,"[""broad_food"", ""rice""]","[""WeatherDisruption""]","[""lamongan""]",[],False,candidate_unverified,copy_7eff78d4c265,2024-08-20,16:35,beritajatim,"[""disruption_candidate""]",beritajatim,train,1,"Harga Jual Gabah Bagus, Petani Lamongan Sumringah",https://beritajatim.com/harga-jual-gabah-bagus-petani-lamongan-sumringah
ann_6820e01f1a44,1891,False,"[""chili""]","[""DisasterEvent""]","[""surabaya"", ""trenggalek""]",[],False,candidate_unverified,copy_2a5fed48d1e4,2022-11-06,19:14,kompas,"[""disruption_candidate""]",kompas_regional,train,1,"Tinjau Lokasi Banjir Bandang Trenggalek, Risma Soroti Kondisi Jalan Tepi Sungai Regional 6 November 2022",https://surabaya.kompas.com/read/2022/11/06/191439578/tinjau-lokasi-banjir-bandang-trenggalek-risma-soroti-kondisi-jalan-tepi
ann_683d0c593922,5984,False,"[""fish""]","[""SupplyShortage""]","[""lamongan"", ""surabaya""]","[""OtherResponseAction""]",False,candidate_unverified,copy_d392aa11b3f2,2022-08-31,17:45,beritajatim,"[""disruption_candidate"", ""response_query""]",beritajatim,train,1,Pengamat : Rencana Kenaikan BBM Bersubsidi Tidak Tepat,https://beritajatim.com/pengamat-rencana-kenaikan-bbm-bersubsidi-tidak-tepat
ann_68474cbb6677,2517,False,"[""broad_food"", ""rice""]","[""WeatherDisruption""]","[""lamongan""]",[],False,candidate_unverified,copy_5c71a0db1f1e,2024-05-22,16:38,kompas,"[""disruption_candidate""]",kompas_regional,train,1,"Soal Lumbung Pangan Nasional, Bupati Lamongan: Tak Hanya Kualitas Tanaman, Regenerasi Petani juga Penting Regional 22 Mei 2024",https://regional.kompas.com/read/2024/05/22/163834678/soal-lumbung-pangan-nasional-bupati-lamongan-tak-hanya-kualitas-tanaman
ann_68975be5c685,3498,False,[],"[""DisasterEvent""]","[""ponorogo"", ""trenggalek""]",[],False,candidate_unverified,copy_0dea7e0d6aa0,2022-10-08,13:44,beritajatim,"[""disruption_candidate""]",beritajatim,train,1,Jalur Alternatif Ponorogo-Trenggalek Ditutup Akibat Banjir,https://beritajatim.com/jalur-alternatif-ponorogo-trenggalek-ditutup-akibat-banjir
ann_68a3cea1c3b5,1702,True,[],"[""DisasterEvent""]","[""madiun"", ""ngawi""]","[""CrisisPreparednessAction""]",False,candidate_unverified,copy_3ceb91c6c554,2023-02-16,11:32,beritajatim,"[""response_query""]",beritajatim,train,1,"Banjir Landa Kwadungan Ngawi, Sekolah Diliburkan",https://beritajatim.com/banjir-landa-kwadungan-ngawi-sekolah-diliburkan
ann_68ae1daa3d2a,4506,False,"[""broad_food"", ""chili"", ""shallot""]","[""WeatherDisruption""]",[],[],False,candidate_unverified,copy_01a4db7355fb,2025-06-23,17:17,detik,"[""disruption_candidate""]",detik_finance,validation,1,"Pupuk Indonesia Kenalkan NPK Nitrat, Bawang Merah & Cabai Tahan Musim Hujan",https://finance.detik.com/berita-ekonomi-bisnis/d-7978583/pupuk-indonesia-kenalkan-npk-nitrat-bawang-merah-cabai-tahan-musim-hujan
ann_68b20dc1b65d,2881,False,"[""broad_food"", ""cooking_oil"", ""rice""]","[""DisasterEvent""]","[""gresik""]","[""CrisisPreparednessAction"", ""DistributionIntervention"", ""FoodAssistance""]",False,candidate_unverified,copy_9561eab40286,2024-11-13,,kontan,"[""disruption_candidate""]",kontan,train,0,"Bantu Pengungsi Erupsi Lewotobi, Pupuk Indonesia Kirim Bantuan 1.159 Paket Sembako",https://industri.kontan.co.id/news/bantu-pengungsi-erupsi-lewotobi-pupuk-indonesia-kirim-bantuan-1159-paket-sembako
ann_68dd175359fa,2869,False,"[""cooking_oil""]","[""SupplyShortage""]","[""gresik"", ""kediri"", ""lumajang"", ""surabaya""]","[""CrisisPreparednessAction"", ""DistributionIntervention""]",False,candidate_unverified,copy_d71802a55539,2022-02-23,12:21,beritajatim,"[""disruption_candidate""]",beritajatim,train,1,Bupati Kediri Distribusikan 7200 Liter Minyak Goreng ke Pasar Tradisional,https://beritajatim.com/bupati-kediri-distribusikan-7200-liter-minyak-goreng-ke-pasar-tradisional
ann_6936624e0575,1786,False,[],"[""DisasterEvent""]","[""tuban""]",[],False,candidate_unverified,copy_073c877d7de7,2024-03-13,18:45,kompas,"[""disruption_candidate""]",kompas_regional,train,1,Warga Tuban Terpaksa Beraktivitas Pakai Perahu akibat Banjir Regional 13 Maret 2024,https://surabaya.kompas.com/read/2024/03/13/184556878/warga-tuban-terpaksa-beraktivitas-pakai-perahu-akibat-banjir
ann_6940033f95c1,2762,False,[],"[""DisasterEvent""]","[""gresik""]","[""ImportExportAction""]",False,candidate_unverified,copy_f50942c4dda1,2025-02-19,19:42,kompas,"[""disruption_candidate"", ""response_query""]",kompas_money,validation,1,Bahlil Akan Beri Perpanjangan Ekspor Freeport tetapi Ada Syaratnya Money 19 Februari 2025,https://money.kompas.com/read/2025/02/19/194200626/bahlil-akan-beri-perpanjangan-ekspor-freeport-tetapi-ada-syaratnya
ann_694c10c88bb9,709,False,[],"[""DisasterEvent""]","[""jember""]",[],False,candidate_unverified,copy_3010e7a3fe13,2022-12-06,,kontan,"[""disruption_candidate""]",kontan,train,0,"Gempa Magnitudo 6,2 Mengguncang Wilayah Barat Daya Jember",https://regional.kontan.co.id/news/gempa-magnitudo-62-mengguncang-wilayah-barat-daya-jember
ann_6959b6785fd4,2826,True,"[""broad_food""]","[""DisasterEvent""]","[""lamongan"", ""tuban""]",[],False,candidate_unverified,copy_e8d9ef9f2e23,2025-06-15,13:40,kompas,"[""disruption_candidate""]",kompas_regional,validation,1,"Banjir Sungai Avour Tenggelamkan 609 Hektar Lahan, Petani Tuban Minta Pintu Bendungan Dibuka Regional 15 Juni 2025",https://regional.kompas.com/read/2025/06/15/134013178/banjir-sungai-avour-tenggelamkan-609-hektar-lahan-petani-tuban-minta-pintu
ann_696e7cb5abd8,1389,False,[],"[""DisasterEvent""]","[""bondowoso""]",[],False,candidate_unverified,copy_8185672289e6,2024-03-15,13:55,kompas,"[""disruption_candidate""]",kompas_regional,train,1,"Hujan Deras, Jalur Menuju Kawah Ijen Bondowoso Longsor Regional 15 Maret 2024",https://surabaya.kompas.com/read/2024/03/15/135550178/hujan-deras-jalur-menuju-kawah-ijen-bondowoso-longsor
ann_696fd0d5aa08,2011,False,[],"[""DisasterEvent""]","[""gresik""]",[],False,candidate_unverified,copy_8fd6a2dd713f,2021-07-17,,kontan,"[""disruption_candidate""]",kontan,train,0,"Satgas Tanggap Bencana BUMN Jatim kirimkan 9,9 ton oksigen untuk penanganan Covid-19",https://regional.kontan.co.id/news/satgas-tanggap-bencana-bumn-jatim-kirimkan-99-ton-oksigen-untuk-penanganan-covid-19
ann_6978f4225fa3,2147,False,[],"[""DisasterEvent""]","[""sidoarjo""]",[],False,candidate_unverified,copy_27a7b6a76d90,2025-12-05,10:45,kompas,"[""disruption_candidate""]",kompas_regional,validation,1,Ribuan Siswa di Sidoarjo Sisihkan Uang Jajan untuk Donasi Korban Bencana di Sumatera Regional 5 Desember 2025,https://surabaya.kompas.com/read/2025/12/05/104517378/ribuan-siswa-di-sidoarjo-sisihkan-uang-jajan-untuk-donasi-korban-bencana-di
ann_697ef099d3a9,2565,False,"[""broad_food"", ""chicken_eggs"", ""chili"", ""fish"", ""garlic"", ""rice"", ""shallot"", ""sugar""]","[""PestDiseaseEvent""]","[""kediri""]","[""MarketOperationAction""]",False,candidate_unverified,copy_946ceddc6a19,2025-08-30,21:28,beritajatim,"[""disruption_candidate""]",beritajatim,validation,1,Gerakan Pangan Murah Serentak Hadir di Seluruh Kecamatan di Kota Kediri,https://beritajatim.com/gerakan-pangan-murah-serentak-hadir-di-seluruh-kecamatan-di-kota-kediri
ann_6985529aa1da,3050,False,[],"[""DisasterEvent""]","[""jombang"", ""mojokerto""]","[""CrisisPreparednessAction""]",False,candidate_unverified,copy_530d2ae41abf,2025-03-01,05:13,beritajatim,"[""response_query""]",beritajatim,validation,1,Banjir di Tempuran Mojokerto Disebabkan Rusak Pintu Klep dan Curah Hujan,https://beritajatim.com/banjir-di-tempuran-mojokerto-disebabkan-rusak-pintu-klep-dan-curah-hujan
ann_6997f84b1368,2093,False,"[""rice""]","[""ProductionDisruption"", ""WeatherDisruption""]","[""ngawi""]",[],False,candidate_unverified,copy_0cc3fb29c4e5,2025-09-11,22:57,kompas,"[""disruption_candidate""]",kompas_regional,validation,1,"Petani Tembakau di Ngawi Menjerit, Gagal Panen dan Harga Anjlok Regional 11 September 2025",https://surabaya.kompas.com/read/2025/09/11/225708778/petani-tembakau-di-ngawi-menjerit-gagal-panen-dan-harga-anjlok
ann_699db92a14dc,2764,False,[],"[""DisasterEvent"", ""WeatherDisruption""]","[""jember""]",[],False,candidate_unverified,copy_0104300ebe96,2023-03-03,09:40,beritajatim,"[""disruption_candidate""]",beritajatim,train,1,Banjir dan Tanah Longsor Terjadi di 4 Kecamatan Jember,https://beritajatim.com/banjir-dan-tanah-longsor-terjadi-di-4-kecamatan-jember
ann_69e3da61d694,1651,True,[],"[""PestDiseaseEvent""]","[""gresik"", ""lamongan"", ""mojokerto"", ""pasuruan"", ""sidoarjo""]",[],False,candidate_unverified,copy_bdf1838e5cca,2022-05-10,16:00,beritajatim,"[""disruption_candidate""]",beritajatim,train,1,Ternak di Kabupaten Pasuruan Terindikasi Wabah PMK,https://beritajatim.com/ternak-di-kabupaten-pasuruan-terindikasi-wabah-pmk
ann_6a2ab1819b46,1324,False,[],"[""DisasterEvent""]","[""lumajang""]",[],False,candidate_unverified,copy_424787e8ceaa,2021-12-04,23:41,detik,"[""disruption_candidate""]",detik_news,train,1,5 Titik Pengungsian Warga Lumajang yang Terdampak Erupsi Gunung Semeru,https://news.detik.com/berita-jawa-timur/d-5840895/5-titik-pengungsian-warga-lumajang-yang-terdampak-erupsi-gunung-semeru
ann_6a6982cf4778,2839,False,"[""fish""]","[""DisasterEvent""]","[""gresik"", ""pasuruan"", ""probolinggo"", ""sidoarjo"", ""surabaya""]",[],False,candidate_unverified,copy_7e07b1fbe772,2025-03-20,21:05,beritajatim,"[""disruption_candidate""]",beritajatim,validation,1,"Terima Aduan Nelayan Soal Surabaya Waterfront Land, LaNyalla: Keadilan Harus Jadi Ukuran",https://beritajatim.com/terima-aduan-nelayan-soal-surabaya-waterfront-land-lanyalla-keadilan-harus-jadi-ukuran
ann_6a9d07cb6a2a,3446,False,[],"[""DisasterEvent""]","[""gresik""]","[""ImportExportAction""]",False,candidate_unverified,copy_7214f8295f07,2025-01-07,,kontan,"[""disruption_candidate""]",kontan,validation,0,"Masih dalam Pembahasan, Freeport Telah Ajukan Relaksasi Ekspor Konsentrat 2025",https://industri.kontan.co.id/news/masih-dalam-pembahasan-freeport-telah-ajukan-relaksasi-ekspor-konsentrat-2025
ann_6acf250654d4,2825,True,"[""rice""]","[""DisasterEvent"", ""WeatherDisruption""]","[""banyuwangi"", ""bojonegoro"", ""lamongan"", ""madiun"", ""nganjuk"", ""ngawi"", ""pacitan"", ""ponorogo"", ""surabaya"", ""trenggalek""]","[""CrisisPreparednessAction""]",False,candidate_unverified,copy_6cf76239b9cf,2026-04-07,17:26,kompas,"[""response_query""]",kompas_regional,test,1,"Puncak Kemarau Diprediksi Agustus, Pemprov Jatim Siapkan 3.800 Sumur Bor Regional 7 April 2026",https://surabaya.kompas.com/read/2026/04/07/172638578/puncak-kemarau-diprediksi-agustus-pemprov-jatim-siapkan-3800-sumur-bor
ann_6adbd36c3acc,2612,False,[],"[""DisasterEvent""]","[""surabaya""]",[],False,candidate_unverified,copy_a48c89492983,2024-09-17,,kontan,"[""disruption_candidate""]",kontan,train,0,"Keran Ekspor Pasir Laut, Walhi: Tunjukkan Kepanikan Pemerintah Tingkatkan PNBP",https://nasional.kontan.co.id/news/keran-ekspor-pasir-laut-walhi-tunjukkan-kepanikan-pemerintah-tingkatkan-pnbp
ann_6afdea391116,2104,False,[],"[""DisasterEvent""]","[""blitar""]",[],False,candidate_unverified,copy_524d517efa71,2025-11-21,09:47,beritajatim,"[""disruption_candidate""]",beritajatim,validation,1,"Banjir Rendam Wonodadi Blitar, Gus Iqdam Tinjau SD Terdampak",https://beritajatim.com/banjir-rendam-wonodadi-blitar-gus-iqdam-tinjau-sd-terdampak
ann_6b6261871c6e,1350,False,[],"[""DisasterEvent""]","[""gresik""]",[],False,candidate_unverified,copy_7918b874d86f,2025-09-18,17:47,beritajatim,"[""disruption_candidate""]",beritajatim,validation,1,"Mesin Produksi PT SPL Gresik Terbakar, Api Berasal dari Mesin Produksi",https://beritajatim.com/mesin-produksi-pt-spl-gresik-terbakar-api-berasal-dari-mesin-produksi
ann_6ba616d09857,2594,False,[],"[""DisasterEvent""]","[""malang""]",[],False,candidate_unverified,copy_755a7bf366ec,2026-04-29,14:49,kompas,"[""disruption_candidate""]",kompas_regional,test,1,Polisi Tetapkan 5 Tersangka Kasus Pembakaran Gudang Rokok di Malang Regional 29 April 2026,https://surabaya.kompas.com/read/2026/04/29/144906278/polisi-tetapkan-5-tersangka-kasus-pembakaran-gudang-rokok-di-malang
ann_6bf9579ab4e1,1111,False,[],"[""DisasterEvent"", ""WeatherDisruption""]","[""jombang""]",[],False,candidate_unverified,copy_2ff7ea242b5a,2022-03-10,20:43,kompas,"[""disruption_candidate""]",kompas_regional,train,1,"Hujan Lebat, 12 Desa di Jombang Banjir Regional 10 Maret 2022",https://surabaya.kompas.com/read/2022/03/10/204314778/hujan-lebat-12-desa-di-jombang-banjir
ann_6c033e812167,3021,False,[],"[""DisasterEvent""]","[""malang""]",[],False,candidate_unverified,copy_47b20f66082e,2026-03-10,19:57,beritajatim,"[""disruption_candidate""]",beritajatim,test,1,"Mendobrak Batas, Mahasiswa Disabilitas UB Jalani Sertifikasi Pilot Drone Profesional",https://beritajatim.com/mendobrak-batas-mahasiswa-disabilitas-ub-jalani-sertifikasi-pilot-drone-profesional
ann_6c06a1fe3639,2409,False,[],"[""DisasterEvent""]","[""malang""]",[],False,candidate_unverified,copy_17d2a12c97d3,2023-09-22,21:36,detik,"[""disruption_candidate""]",detik_news,train,1,Salut! Prajurit Kostrad Selamatkan Bocah Terjebak Dekat Gudang Kimia Meledak,https://news.detik.com/berita/d-6946075/salut-prajurit-kostrad-selamatkan-bocah-terjebak-dekat-gudang-kimia-meledak
ann_6c1d0d4260d9,2072,False,"[""fish""]","[""SupplyShortage""]","[""lamongan"", ""surabaya""]","[""DistributionIntervention"", ""InspectionEnforcement"", ""OtherResponseAction""]",False,candidate_unverified,copy_99b0ca6b65f4,2022-08-12,16:45,beritajatim,"[""disruption_candidate"", ""response_query""]",beritajatim,train,1,"Nelayan Lamongan Keluhkan Solar Subsidi Langka, Pertamina Angkat Bicara",https://beritajatim.com/nelayan-lamongan-keluhkan-solar-subsidi-langka-pertamina-angkat-bicara
ann_6c3419d8043c,2580,False,[],"[""DisasterEvent""]","[""lumajang""]",[],False,candidate_unverified,copy_d07b0c7c6ad7,2025-11-19,23:11,detik,"[""disruption_candidate""]",detik_news,validation,1,"Semeru Erupsi, Pemkab Lumajang Tetapkan Status Tanggap Darurat Bencana 7 Hari",https://news.detik.com/berita/d-8219217/semeru-erupsi-pemkab-lumajang-tetapkan-status-tanggap-darurat-bencana-7-hari
ann_6c3e271be91f,2155,True,"[""broad_food"", ""cooking_oil""]","[""SupplyShortage""]","[""surabaya""]","[""DistributionIntervention"", ""ReserveRelease""]",False,candidate_unverified,copy_7ab8b96c4ea1,2021-11-17,,kontan,"[""disruption_candidate"", ""response_query""]",kontan,train,0,"Ingat, 11 juta liter minyak goreng diguyur di pasar, harga cuma Rp 14.000 per liter",https://nasional.kontan.co.id/news/ingat-11-juta-liter-minyak-goreng-diguyur-di-pasar-harga-cuma-rp-14000-per-liter
ann_6cc36684999f,2058,False,[],"[""DisasterEvent""]","[""blitar"", ""gresik"", ""lumajang"", ""madiun"", ""malang"", ""mojokerto"", ""nganjuk"", ""pasuruan"", ""surabaya"", ""tuban""]",[],False,candidate_unverified,copy_5f6137c7b810,2024-03-22,21:29,kompas,"[""disruption_candidate""]",kompas_regional,train,1,"Gempa M 5,9 dan M 6,5 Tuban Terjadi di Zona Kegempaan Rendah, BMKG: Kami ""Surprise"" Regional 22 Maret 2024",https://surabaya.kompas.com/read/2024/03/22/212958778/gempa-m-59-dan-m-65-tuban-terjadi-di-zona-kegempaan-rendah-bmkg-kami
ann_6cd872ec8975,2493,True,[],"[""DisasterEvent"", ""WeatherDisruption""]","[""bangkalan"", ""banyuwangi"", ""batu"", ""bojonegoro"", ""bondowoso"", ""jember"", ""jombang"", ""lamongan"", ""lumajang"", ""mojokerto"", ""ngawi"", ""pamekasan"", ""pasuruan"", ""probolinggo"", ""sampang"", ""sumenep"", ""surabaya"", ""tulungagung""]",[],False,candidate_unverified,copy_6072631c5d61,2023-08-23,18:59,kompas,"[""disruption_candidate""]",kompas_regional,train,1,"17 Daerah di Jatim Darurat Kekeringan, BPBD Ajukan Upaya Hujan Buatan Regional 23 Agustus 2023",https://surabaya.kompas.com/read/2023/08/23/185918778/17-daerah-di-jatim-darurat-kekeringan-bpbd-ajukan-upaya-hujan-buatan
ann_6cf6b5839974,3499,False,[],"[""DisasterEvent"", ""WeatherDisruption""]","[""lamongan""]","[""CrisisPreparednessAction"", ""ProcurementAction""]",False,candidate_unverified,copy_ab4557409c9a,2023-12-08,15:10,beritajatim,"[""disruption_candidate""]",beritajatim,train,1,Pemkab Lamongan Tingkatkan Siaga Mitigasi Hadapi Bencana Hidrometeorologi,https://beritajatim.com/pemkab-lamongan-tingkatkan-siaga-mitigasi-hadapi-bencana-hidrometeorologi
ann_6d247d4d1dc6,2380,False,[],"[""DisasterEvent""]","[""jombang"", ""mojokerto""]",[],False,candidate_unverified,copy_c85688e96011,2024-12-10,22:38,kompas,"[""disruption_candidate""]",kompas_regional,train,1,"Kunjungi Lokasi Banjir di Jombang, Khofifah Ajak Pengungsi Berbincang Ringan Regional 10 Desember 2024",https://surabaya.kompas.com/read/2024/12/10/223812078/kunjungi-lokasi-banjir-di-jombang-khofifah-ajak-pengungsi-berbincang-ringan
ann_6d3f28afa8d1,1508,False,"[""rice""]","[""DisasterEvent""]","[""kediri""]",[],False,candidate_unverified,copy_c45a72de892d,2023-02-28,21:45,beritajatim,"[""disruption_candidate""]",beritajatim,train,1,"Gudang Beras Sumber Pangan Kediri Terbakar, Kerugian Rp 1,5 M",https://beritajatim.com/gudang-beras-sumber-pangan-kediri-terbakar-kerugian-rp-15-m
ann_6d5da82faeed,1868,False,[],"[""DisasterEvent""]","[""jombang""]","[""CrisisPreparednessAction""]",False,candidate_unverified,copy_751d16c779c1,2023-08-11,20:24,beritajatim,"[""response_query""]",beritajatim,train,1,Kebakaran Landa Pabrik Kayu Lapis di Jombang,https://beritajatim.com/kebakaran-landa-pabrik-kayu-lapis-di-jombang
ann_6d7cf3910674,2110,False,"[""broad_food"", ""rice""]","[""PestDiseaseEvent"", ""ProductionDisruption"", ""SupplyShortage""]","[""magetan""]",[],False,candidate_unverified,copy_daf3a46ee6cb,2023-05-29,14:04,kompas,"[""disruption_candidate""]",kompas_regional,train,1,"Terserang Hama, Puluhan Hektar Tanaman Padi di Magetan Gagal Panen Regional 29 Mei 2023",https://surabaya.kompas.com/read/2023/05/29/140450778/terserang-hama-puluhan-hektar-tanaman-padi-di-magetan-gagal-panen
ann_6d986faf82a1,2610,False,[],"[""DisasterEvent""]","[""pacitan""]","[""CrisisPreparednessAction"", ""DistributionIntervention"", ""FoodAssistance""]",False,candidate_unverified,copy_3ed566788df7,2026-02-10,21:57,beritajatim,"[""response_query""]",beritajatim,test,1,"BPBD Pacitan Uji Coba Sistem Peringatan Dini Tsunami Usai Gempa M 6,4",https://beritajatim.com/bpbd-pacitan-uji-coba-sistem-peringatan-dini-tsunami-usai-gempa-m-64
ann_6db043b8ae1b,2923,False,[],"[""DisasterEvent""]","[""batu"", ""malang""]",[],False,candidate_unverified,copy_c390759fe549,2021-11-04,,kontan,"[""disruption_candidate""]",kontan,train,0,"Banjir bandang menerjang Kota Batu Jawa Timur, 15 orang hanyut",https://regional.kontan.co.id/news/banjir-bandang-menerjang-kota-batu-jawa-timur-15-orang-hanyut
ann_6dbb1f2f9cab,1866,False,[],"[""DisasterEvent""]","[""jombang"", ""mojokerto""]",[],False,candidate_unverified,copy_9ab82b5d1a2a,2021-01-18,07:16,kompas,"[""disruption_candidate""]",kompas_regional,train,1,Cerita Banjir 2 Pekan di Jombang dan Protes Warga ke Bupati... News 18 Januari 2021,https://regional.kompas.com/read/2021/01/18/07165151/cerita-banjir-2-pekan-di-jombang-dan-protes-warga-ke-bupati
ann_6dcb4dd891a7,2065,False,[],"[""DisasterEvent""]","[""jember""]",[],False,candidate_unverified,copy_db08d2bf724f,2025-01-19,19:05,beritajatim,"[""disruption_candidate""]",beritajatim,validation,1,"Banjir Mengepung Kota Jember, Viral Mobil Hanyut Seperti Perahu",https://beritajatim.com/banjir-mengepung-kota-jember-viral-mobil-hanyut-seperti-perahu
ann_6dcf85cbb57c,2193,False,"[""broad_food""]","[""ProductionDisruption""]","[""lumajang""]",[],False,candidate_unverified,copy_002bc1914f36,2022-06-17,18:36,kompas,"[""disruption_candidate""]",kompas_regional,train,1,"Cuaca di Lumajang Tak Menentu, Petani Tembakau Khawatir Gagal Panen Regional 17 Juni 2022",https://surabaya.kompas.com/read/2022/06/17/183615978/cuaca-di-lumajang-tak-menentu-petani-tembakau-khawatir-gagal-panen
ann_6dd369f6e50e,7995,True,"[""broad_food""]","[""PestDiseaseEvent""]","[""blitar"", ""malang""]","[""CrisisPreparednessAction"", ""DistributionIntervention"", ""OtherResponseAction""]",False,candidate_unverified,copy_a5f82f540004,2022-08-31,,kontan,"[""disruption_candidate""]",kontan,train,0,Greenfields Perkuat Ketahanan Pangan dengan Bangkitkan Kiprah Peternak Sapi Perah,https://pressrelease.kontan.co.id/news/greenfields-perkuat-ketahanan-pangan-dengan-bangkitkan-kiprah-peternak-sapi-perah
ann_6e0c859c5dc4,3943,False,"[""beef"", ""broad_food"", ""chicken_eggs"", ""chili"", ""cooking_oil"", ""garlic"", ""shallot""]","[""PestDiseaseEvent""]","[""blitar"", ""kediri"", ""nganjuk"", ""probolinggo"", ""tuban""]",[],False,candidate_unverified,copy_cd464e1be682,2022-07-24,,kontan,"[""disruption_candidate""]",kontan,train,0,"Harga Bapok Mulai Turun, Ikappi: Harga Cabai Masih Tinggi",https://nasional.kontan.co.id/news/harga-bapok-mulai-turun-ikappi-harga-cabai-masih-tinggi
ann_6e152e4ffc23,2131,False,[],"[""DisasterEvent""]","[""malang"", ""surabaya""]",[],False,candidate_unverified,copy_91e99d249902,2021-02-22,21:08,beritajatim,"[""disruption_candidate""]",beritajatim,train,1,159 Penumpang KA Malang-Jakarta Batalkan Perjalanan Karena Banjir,https://beritajatim.com/159-penumpang-ka-malang-jakarta-batalkan-perjalanan-karena-banjir
ann_6e3a79d460e4,1849,False,[],"[""DisasterEvent""]","[""pasuruan""]","[""DistributionIntervention"", ""OtherResponseAction""]",False,candidate_unverified,copy_435eb81f6f9e,2025-05-01,,kontan,"[""disruption_candidate""]",kontan,validation,0,"May Day 2025, Menteri Ara Serah Terima 100 Kunci Rumah Subsidi kepada Buruh",https://nasional.kontan.co.id/news/may-day-2025-menteri-ara-serah-terima-100-kunci-rumah-subsidi-kepada-buruh
ann_6e64c2fe1f52,2137,False,[],"[""DisasterEvent""]","[""malang""]","[""CrisisPreparednessAction""]",False,candidate_unverified,copy_b7f219619261,2025-09-21,12:02,beritajatim,"[""disruption_candidate""]",beritajatim,validation,1,2.228 Jiwa Terdampak Banjir di Malang Selatan,https://beritajatim.com/2-228-jiwa-terdampak-banjir-di-malang-selatan
ann_6e902b60179b,2108,False,"[""broad_food"", ""rice""]","[""PestDiseaseEvent""]","[""lamongan""]","[""ProductionAssistance""]",False,candidate_unverified,copy_a31d7f79565c,2025-07-08,17:10,beritajatim,"[""disruption_candidate"", ""response_query""]",beritajatim,validation,1,"Harga Gabah Tembus Rp7.300, Petani Lamongan Nikmati Berkah Panen Kedua",https://beritajatim.com/harga-gabah-tembus-rp7-300-petani-lamongan-nikmati-berkah-panen-kedua
ann_6e9cd871f6af,2344,False,[],"[""DisasterEvent"", ""WeatherDisruption""]","[""bangkalan"", ""banyuwangi"", ""batu"", ""blitar"", ""bojonegoro"", ""bondowoso"", ""gresik"", ""jember"", ""jombang"", ""kediri"", ""lamongan"", ""lumajang"", ""madiun"", ""magetan"", ""malang"", ""mojokerto"", ""nganjuk"", ""ngawi"", ""pacitan"", ""pamekasan"", ""pasuruan"", ""ponorogo"", ""probolinggo"", ""sampang"", ""sidoarjo"", ""situbondo"", ""sumenep"", ""surabaya"", ""trenggalek"", ""tuban"", ""tulungagung""]",[],False,candidate_unverified,copy_ff08a24a9a65,2025-11-20,20:39,beritajatim,"[""disruption_candidate""]",beritajatim,validation,1,Sebanyak 36 Kabupaten/Kota Jatim Ini Perlu Waspada Hadapi Cuaca Ekstrem Menurut BMKG,https://beritajatim.com/sebanyak-36-kabupaten-kota-jatim-ini-perlu-waspada-hadapi-cuaca-ekstrem-menurut-bmkg
ann_6e9d7f75ba28,3002,False,[],"[""SupplyShortage""]","[""gresik""]",[],False,candidate_unverified,copy_392c10acca3e,2022-04-05,,kontan,"[""disruption_candidate""]",kontan,train,0,Produksi Blok Pangkah Mencapai 17.530 BOEPD di Kuartal I-2022,https://industri.kontan.co.id/news/produksi-blok-pangkah-mencapai-17530-boepd-di-kuartal-i-2022
ann_6eae8a67a685,2587,False,[],"[""DisasterEvent""]","[""bondowoso""]","[""CrisisPreparednessAction""]",False,candidate_unverified,copy_ead27dd48c90,2025-06-30,11:49,beritajatim,"[""response_query""]",beritajatim,validation,1,"Banjir dan Longsor Ijen BondowosoRusak Jaringan Air Bersih, 421 KK Terdampak",https://beritajatim.com/banjir-dan-longsor-ijen-bondowosorusak-jaringan-air-bersih-421-kk-terdampak
ann_6eda575eca2f,1441,True,[],"[""DisasterEvent""]","[""gresik"", ""surabaya""]",[],False,candidate_unverified,copy_f1b94f8fa18c,2021-11-06,16:11,kompas,"[""disruption_candidate""]",kompas_regional,train,1,"Gresik Banjir, Kali Lamong Dikeruk Alat Berat Regional 6 November 2021",https://regional.kompas.com/read/2021/11/06/161137678/gresik-banjir-kali-lamong-dikeruk-alat-berat
ann_6ee4f5c7b37b,2220,False,[],"[""DisasterEvent""]","[""pacitan""]",[],False,candidate_unverified,copy_1f9b83f0bfa3,2026-02-07,18:37,kompas,"[""disruption_candidate""]",kompas_regional,test,1,"Tinjau Dampak Gempa Pacitan, Emil Dardak: Bantuan Diberikan Berdasarkan Tingkat Kerusakan Regional 7 Februari 2026",https://regional.kompas.com/read/2026/02/07/183752978/tinjau-dampak-gempa-pacitan-emil-dardak-bantuan-diberikan-berdasarkan
ann_6f24c95dffc9,1784,False,[],"[""DisasterEvent""]","[""ponorogo"", ""trenggalek""]",[],False,candidate_unverified,copy_861ba92d5c52,2022-10-18,15:23,beritajatim,"[""disruption_candidate""]",beritajatim,train,1,"Banjir Lagi di Ponorogo, Jalur Alternatif ke Trenggalek Kembali Ditutup",https://beritajatim.com/banjir-lagi-di-ponorogo-jalur-alternatif-ke-trenggalek-kembali-ditutup
ann_6f359f3593ef,1930,False,"[""fish""]","[""DisasterEvent""]","[""banyuwangi"", ""gresik""]",[],False,candidate_unverified,copy_756f04e37db5,2022-06-17,17:48,beritajatim,"[""disruption_candidate""]",beritajatim,train,1,Banjir Rob Masih Terjang Wilayah Gresik,https://beritajatim.com/banjir-rob-masih-terjang-wilayah-gresik
ann_6fa4ed84a16d,1021,False,[],"[""DisasterEvent""]","[""jember"", ""lumajang""]",[],False,candidate_unverified,copy_3b0ab17d568c,2022-12-06,13:32,beritajatim,"[""disruption_candidate""]",beritajatim,train,1,Gempa Bumi 6.2 Magnitudo Terasa Hingga Pronojiwo Lumajang,https://beritajatim.com/gempa-bumi-6-2-magnitudo-terasa-hingga-pronojiwo-lumajang
ann_6fbff35b22ca,793,False,[],"[""DisasterEvent""]","[""lumajang""]",[],False,candidate_unverified,copy_b2bbbe03a1b1,2021-12-04,22:28,beritajatim,"[""disruption_candidate""]",beritajatim,train,1,BNPB Pastikan Bantuan Logistik untuk Warga Terdampak Semeru Tiba Malam Ini,https://beritajatim.com/bnpb-pastikan-bantuan-logistik-untuk-warga-terdampak-semeru-tiba-malam-ini
ann_6fc484fb2923,4994,True,"[""fish"", ""rice""]","[""PestDiseaseEvent""]","[""jember""]","[""CrisisPreparednessAction"", ""ProcurementAction""]",False,candidate_unverified,copy_355f670b0b98,2022-07-06,13:37,beritajatim,"[""response_query""]",beritajatim,train,1,KTNA Minta Pemkab Jember Lanjutkan Program Pembelian Beras dari Petani,https://beritajatim.com/ktna-minta-pemkab-jember-lanjutkan-program-pembelian-beras-dari-petani
ann_6fc5a3dfaaf3,1605,True,"[""rice""]","[""WeatherDisruption""]",[],"[""CrisisPreparednessAction""]",False,candidate_unverified,copy_2842f9b3476f,2024-04-19,06:08,kompas,"[""response_query""]",kompas_money,train,1,"Antisipasi El Nino, Kementan Dorong 4 Kabupaten Ini Percepatan Tanam Padi Money 19 April 2024",https://money.kompas.com/read/2024/04/19/060825426/antisipasi-el-nino-kementan-dorong-4-kabupaten-ini-percepatan-tanam-padi
ann_6fdd2eb820ff,1968,False,[],"[""DisasterEvent""]","[""banyuwangi""]","[""CrisisPreparednessAction""]",False,candidate_unverified,copy_7783e815f72d,2026-03-12,06:59,kompas,"[""response_query""]",kompas_regional,test,1,10 Kendaraan Logistik Diselamatkan dari Insiden Kebakaran KMP Portlink VII Regional 12 Maret 2026,https://surabaya.kompas.com/read/2026/03/12/065940378/10-kendaraan-logistik-diselamatkan-dari-insiden-kebakaran-kmp-portlink-vii
ann_70195ba94bf7,2938,False,[],"[""DisasterEvent""]","[""lumajang"", ""malang"", ""probolinggo""]",[],False,candidate_unverified,copy_33a7773671c0,2025-08-03,12:51,beritajatim,"[""disruption_candidate""]",beritajatim,validation,1,"Perketat Peringatan Dini di Jalur Piket Nol Pasca-Longsor, Polres Lumajang Tingkatkan Keamanan Pengendara",https://beritajatim.com/perketat-peringatan-dini-di-jalur-piket-nol-pasca-longsor-polres-lumajang-tingkatkan-keamanan-pengendara
ann_70805e09f182,1841,False,"[""chili"", ""cooking_oil"", ""garlic"", ""rice"", ""shallot"", ""soybean"", ""sugar"", ""wheat""]","[""WeatherDisruption""]",[],[],False,candidate_unverified,copy_8a2a1483becd,2021-07-26,15:23,kompas,"[""disruption_candidate""]",kompas_money,train,1,"Harga Cabai Naik Saat PPKM, Mendag Lutfi: Siklus Musiman Saja Money 26 Juli 2021",https://money.kompas.com/read/2021/07/26/152338726/harga-cabai-naik-saat-ppkm-mendag-lutfi-siklus-musiman-saja
ann_7081096c300e,2480,False,[],"[""DisasterEvent""]","[""lamongan""]",[],False,candidate_unverified,copy_c3170bd2c599,2026-01-13,11:07,kompas,"[""disruption_candidate""]",kompas_regional,test,1,"Banjir Lamongan, 32 Sekolah Terendam Banjir, Guru Jemput Siswa Pakai Perahu Regional 13 Januari 2026",https://surabaya.kompas.com/read/2026/01/13/110742678/banjir-lamongan-32-sekolah-terendam-banjir-guru-jemput-siswa-pakai-perahu
ann_708ce076630b,2010,False,[],"[""DisasterEvent""]","[""malang""]",[],False,candidate_unverified,copy_ecfcf51343cb,2021-04-11,12:23,kompas,"[""disruption_candidate""]",kompas_regional,train,1,"Kunjungi Lokasi Terdampak Gempa Malang, Khofifah Minta 3 Layanan Dasar Segera Diperbaiki Regional 11 April 2021",https://regional.kompas.com/read/2021/04/11/122345978/kunjungi-lokasi-terdampak-gempa-malang-khofifah-minta-3-layanan-dasar
ann_70928ba651f4,1776,False,"[""rice""]","[""DisasterEvent""]","[""lamongan"", ""lumajang""]",[],False,candidate_unverified,copy_bdf957ab302d,2021-12-05,22:58,beritajatim,"[""disruption_candidate""]",beritajatim,train,1,"Erupsi Semeru, BPBD Lamongan Kirim Personil dan Logistik ke Lumajang",https://beritajatim.com/erupsi-semeru-bpbd-lamongan-kirim-personil-dan-logistik-ke-lumajang
ann_709ff0de0b5e,2208,False,"[""broad_food"", ""rice""]","[""DisasterEvent""]","[""lumajang""]",[],False,candidate_unverified,copy_3a4271ce0996,2021-12-05,,kontan,"[""disruption_candidate""]",kontan,train,0,"BNPB kirimkan dukungan logistik awal Rp 1,1 miliar untuk penanganan erupsi Semeru",https://nasional.kontan.co.id/news/bnpb-kirimkan-dukungan-logistik-awal-rp-11-miliar-untuk-penanganan-erupsi-semeru
ann_715a5f18b304,2891,True,[],"[""DisasterEvent"", ""WeatherDisruption""]","[""bangkalan"", ""banyuwangi"", ""blitar"", ""bojonegoro"", ""bondowoso"", ""gresik"", ""lamongan"", ""lumajang"", ""magetan"", ""malang"", ""mojokerto"", ""nganjuk"", ""ngawi"", ""pacitan"", ""pamekasan"", ""pasuruan"", ""ponorogo"", ""probolinggo"", ""sampang"", ""situbondo"", ""sumenep"", ""surabaya"", ""trenggalek"", ""tuban""]","[""CrisisPreparednessAction""]",False,candidate_unverified,copy_b64384eea4e3,2021-06-03,12:21,beritajatim,"[""disruption_candidate"", ""response_query""]",beritajatim,train,1,BPBD: 1.305 Desa di 23 Kabupaten Terancam Kekeringan di Jatim,https://beritajatim.com/bpbd-1-305-desa-di-23-kabupaten-terancam-kekeringan-di-jatim
ann_7165c3f33e50,1379,False,"[""broad_food"", ""corn""]","[""SupplyShortage""]","[""tuban""]","[""ProductionAssistance""]",False,candidate_unverified,copy_a9b0280b7b69,2024-10-31,00:48,beritajatim,"[""disruption_candidate""]",beritajatim,train,1,"Dialog Bersama Petani, Kapolres Tuban Beri Bantuan Pupuk",https://beritajatim.com/dialog-bersama-petani-kapolres-tuban-beri-bantuan-pupuk
ann_71ad2389f1a1,2757,True,"[""broad_food"", ""rice""]","[""SupplyShortage""]","[""gresik""]","[""CrisisPreparednessAction""]",False,candidate_unverified,copy_ba0913aaeb5e,2025-03-14,17:17,beritajatim,"[""disruption_candidate"", ""response_query""]",beritajatim,validation,1,"Ancaman Krisis Pangan Global, Ini Strategi Kementan Tingkatkan Produksi Padi 12 Juta Ton di Jatim",https://beritajatim.com/ancaman-krisis-pangan-global-ini-strategi-kementan-tingkatkan-produksi-padi-12-juta-ton-di-jatim
ann_71b0253a57ab,3141,False,[],"[""DisasterEvent""]","[""malang"", ""surabaya""]",[],False,candidate_unverified,copy_2bafd6eb53de,2021-04-10,20:30,detik,"[""disruption_candidate""]",detik_finance,train,1,ATM hingga Internet Banking di Jatim Tetap Normal Usai Diguncang Gempa,https://finance.detik.com/berita-ekonomi-bisnis/d-5527755/atm-hingga-internet-banking-di-jatim-tetap-normal-usai-diguncang-gempa
ann_71bd32971d96,2358,False,"[""rice""]","[""DisasterEvent"", ""PestDiseaseEvent"", ""WeatherDisruption""]",[],[],False,candidate_unverified,copy_3aa33b6d3976,2026-02-02,,kontan,"[""disruption_candidate""]",kontan,test,0,"BPS Prediksi Produksi Beras pada Kuartal I-2026 Meningkat Capai 10,16 Juta Ton",https://nasional.kontan.co.id/news/bps-prediksi-produksi-beras-pada-kuartal-i-2026-meningkat-capai-1016-juta-ton
ann_71c1d06e64a6,2500,False,"[""broad_food"", ""chili"", ""cooking_oil"", ""rice"", ""sugar""]","[""DisasterEvent""]","[""gresik"", ""malang""]",[],False,candidate_unverified,copy_a50109ec7760,2024-12-10,07:34,beritajatim,"[""disruption_candidate""]",beritajatim,train,1,Petrokimia Gresik Kirim Bantuan Sembako Pasca Banjir Malang Selatan,https://beritajatim.com/petrokimia-gresik-kirim-bantuan-sembako-pasca-banjir-malang-selatan
ann_71c9eb4f4408,3376,False,"[""broad_food"", ""corn"", ""rice""]","[""PestDiseaseEvent"", ""WeatherDisruption""]","[""kediri""]","[""CrisisPreparednessAction"", ""DistributionIntervention"", ""ProcurementAction""]",False,candidate_unverified,copy_6012fd8effd6,2026-05-06,21:29,beritajatim,"[""response_query""]",beritajatim,test,1,"Amankan Ketahanan Pangan, Anggota DPR RI Apresiasi Manajemen Penyerapan Gabah Bulog Kediri",https://beritajatim.com/amankan-ketahanan-pangan-anggota-dpr-ri-apresiasi-manajemen-penyerapan-gabah-bulog-kediri
ann_71d461678c60,1426,False,[],"[""DisasterEvent"", ""WeatherDisruption""]","[""situbondo""]",[],False,candidate_unverified,copy_9b8bc098b707,2026-03-08,11:09,kompas,"[""disruption_candidate""]",kompas_regional,test,1,"Hujan 3 Hari Terakhir, 9 Kecamatan di Situbondo Jatim Terendam Banjir Regional 8 Maret 2026",https://surabaya.kompas.com/read/2026/03/08/110934978/hujan-3-hari-terakhir-9-kecamatan-di-situbondo-jatim-terendam-banjir
ann_721bfc942a84,2902,False,[],"[""DisasterEvent"", ""WeatherDisruption""]","[""probolinggo""]",[],False,candidate_unverified,copy_0bbec560027a,2026-01-19,18:02,beritajatim,"[""disruption_candidate""]",beritajatim,test,1,"Banjir Kembali Terjadi, Wali Kota Probolinggo Turun Langsung Benahi Drainase Tersumbat Sampah",https://beritajatim.com/banjir-kembali-terjadi-wali-kota-probolinggo-turun-langsung-benahi-drainase-tersumbat-sampah
ann_723b9d15ebfb,1568,False,"[""broad_food"", ""cooking_oil"", ""rice"", ""sugar""]","[""SupplyShortage""]","[""jombang"", ""mojokerto"", ""surabaya""]",[],False,candidate_unverified,copy_f6d4480b1e31,2022-04-22,14:30,beritajatim,"[""disruption_candidate""]",beritajatim,train,1,Bulog Surabaya Selatan Pastikan Stok Beras Aman Selama Lebaran,https://beritajatim.com/bulog-surabaya-selatan-pastikan-stok-beras-aman-selama-lebaran
ann_72440c04acff,1981,False,"[""chili""]","[""SupplyShortage""]","[""malang""]",[],False,candidate_unverified,copy_8d8b506f33b9,2026-02-12,17:20,kompas,"[""disruption_candidate""]",kompas_regional,test,1,"Harga Cabai Rawit di Malang Makin ""Pedas"", Pedagang Sambal Kemasan Gigit Jari Regional 12 Februari 2026",https://surabaya.kompas.com/read/2026/02/12/172002978/harga-cabai-rawit-di-malang-makin-pedas-pedagang-sambal-kemasan-gigit-jari
ann_726526f20499,1683,False,"[""corn"", ""rice""]","[""DisasterEvent""]","[""lumajang""]","[""ReserveRelease""]",False,candidate_unverified,copy_43dc268dcc65,2021-12-08,09:52,beritajatim,"[""disruption_candidate""]",beritajatim,train,1,Kementan Gelontorkan Bantuan Ternak dan Alsintan untuk Korban Erupsi Semeru,https://beritajatim.com/kementan-gelontorkan-bantuan-ternak-dan-alsintan-untuk-korban-erupsi-semeru
ann_72b5a4b2b7f3,3084,False,"[""beef""]","[""PestDiseaseEvent""]","[""surabaya""]","[""CrisisPreparednessAction""]",False,candidate_unverified,copy_5ff1556e8068,2022-06-13,,kontan,"[""disruption_candidate"", ""response_query""]",kontan,train,0,"Besok, Kementan Akan Mulai Lakukan Vaksinasi PMK Hewan Ternak",https://nasional.kontan.co.id/news/besok-kementan-akan-mulai-lakukan-vaksinasi-pmk-hewan-ternak
ann_72e07bd9a79a,1949,False,"[""broad_food"", ""rice""]","[""DisasterEvent""]","[""banyuwangi""]",[],False,candidate_unverified,copy_217f7967fac4,2025-12-10,23:40,kompas,"[""disruption_candidate""]",kompas_regional,validation,1,"Galang Dana untuk Korban Banjir Sumatera, Ansor Banyuwangi Dikirimi Setruk Transfer Palsu Regional 10 Desember 2025",https://surabaya.kompas.com/read/2025/12/10/234041678/galang-dana-untuk-korban-banjir-sumatera-ansor-banyuwangi-dikirimi-setruk
ann_72e3dc0ccfcd,2687,False,[],"[""DisasterEvent""]","[""batu"", ""blitar"", ""jember"", ""kediri"", ""lumajang"", ""malang"", ""nganjuk"", ""pacitan"", ""pasuruan"", ""ponorogo"", ""probolinggo"", ""trenggalek""]",[],False,candidate_unverified,copy_0c20c52ef0b0,2021-04-11,11:11,kompas,"[""disruption_candidate""]",kompas_nasional,train,1,UPDATE: 1.189 Rumah dan 150 Fasilitas Umum Rusak akibat Gempa Malang News 11 April 2021,https://nasional.kompas.com/read/2021/04/11/11114901/update-1189-rumah-dan-150-fasilitas-umum-rusak-akibat-gempa-malang
ann_73074e4d1766,1968,False,[],"[""DisasterEvent""]","[""malang""]",[],False,candidate_unverified,copy_940b4d469931,2021-04-11,12:23,beritajatim,"[""disruption_candidate""]",beritajatim,train,1,Khofifah Lihat Langsung Puing-puing Bangunan Runtuh Akibat Gempa di Malang,https://beritajatim.com/khofifah-lihat-langsung-puing-puing-bangunan-runtuh-akibat-gempa-di-malang
ann_7326b2a8a9f3,3045,False,"[""corn"", ""rice"", ""sugar"", ""wheat""]","[""PestDiseaseEvent""]","[""bojonegoro"", ""tuban""]",[],False,candidate_unverified,copy_14e364c3bba7,2022-08-14,16:39,kompas,"[""disruption_candidate""]",kompas_money,train,1,"Mengenal Tanaman Sorgum, Pengganti Gandum asal Afrika Idaman Jokowi Money 14 Agustus 2022",https://money.kompas.com/read/2022/08/14/163908226/mengenal-tanaman-sorgum-pengganti-gandum-asal-afrika-idaman-jokowi
ann_736ad2260525,2325,True,"[""broad_food""]","[""DisasterEvent""]","[""kediri""]","[""CrisisPreparednessAction""]",False,candidate_unverified,copy_0dbb60a91288,2023-04-30,13:43,kompas,"[""disruption_candidate"", ""response_query""]",kompas_regional,train,1,"Kebakaran Kantor DKPP Kota Kediri, Vaksin PMK hingga Sel Sperma Ternak Hangus Terbakar Regional 30 April 2023",https://regional.kompas.com/read/2023/04/30/134321578/kebakaran-kantor-dkpp-kota-kediri-vaksin-pmk-hingga-sel-sperma-ternak
ann_73c50c84fcc0,1505,False,[],"[""DisasterEvent""]","[""lumajang""]",[],False,candidate_unverified,copy_229e277aa130,2025-04-10,07:37,beritajatim,"[""disruption_candidate""]",beritajatim,validation,1,"Gempa Magnitudo 3,2 Guncang Lumajang, Warga Sempat Panik",https://beritajatim.com/gempa-magnitudo-32-guncang-lumajang-warga-sempat-panik
ann_7452c7ad7151,3351,False,[],"[""DisasterEvent""]","[""lumajang"", ""malang""]",[],False,candidate_unverified,copy_1302f0f8b6bf,2021-12-05,16:11,detik,"[""disruption_candidate""]",detik_finance,train,1,"Respons Cepat Erupsi Semeru, PUPR Kerahkan Tim dan Alat Berat ke Lumajang",https://finance.detik.com/infrastruktur/d-5841528/respons-cepat-erupsi-semeru-pupr-kerahkan-tim-dan-alat-berat-ke-lumajang
ann_748293a1a71b,3630,False,"[""broad_food""]","[""SupplyShortage""]","[""gresik""]",[],False,candidate_unverified,copy_7b2d03d2b272,2023-11-24,,kontan,"[""disruption_candidate""]",kontan,train,0,Pupuk Indonesia Resmi Bangun Kawasan Industri Pupuk di Papua Barat,https://industri.kontan.co.id/news/pupuk-indonesia-resmi-bangun-kawasan-industri-pupuk-di-papua-barat
ann_749384e75ebf,1106,False,[],"[""DisasterEvent""]","[""madiun""]",[],False,candidate_unverified,copy_227c2f916a13,2022-11-02,14:52,kompas,"[""disruption_candidate""]",kompas_regional,train,1,"Hujan Semalaman, Banjir Terjang Kabupaten Madiun Regional 2 November 2022",https://surabaya.kompas.com/read/2022/11/02/145200678/hujan-semalaman-banjir-terjang-kabupaten-madiun
ann_74bd2997e73e,2005,False,[],"[""DisasterEvent""]","[""malang"", ""pasuruan""]",[],False,candidate_unverified,copy_097a73212e0c,2025-06-02,09:40,beritajatim,"[""disruption_candidate""]",beritajatim,validation,1,Wali Kota Pasuruan Tekankan Peran Penting Relawan SIBAT Hadapi Ancaman Banjir,https://beritajatim.com/relawan-sibat-pasuruan-antisipasi-banjir
ann_74d7c23fbc12,3066,False,[],"[""DisasterEvent""]","[""gresik""]",[],False,candidate_unverified,copy_5e66b74b5565,2025-12-23,13:44,kompas,"[""disruption_candidate""]",kompas_regional,validation,1,Banjir Luapan Kali Lamong di Balongpanggang Gresik Mulai Surut Regional 23 Desember 2025,https://surabaya.kompas.com/read/2025/12/23/134416778/banjir-luapan-kali-lamong-di-balongpanggang-gresik-mulai-surut
ann_7585ba9eab2a,2029,False,[],"[""DisasterEvent""]","[""madiun""]",[],False,candidate_unverified,copy_2a78e626d151,2025-03-16,07:57,beritajatim,"[""disruption_candidate""]",beritajatim,validation,1,"Banjir dan Longsor Terjang Kabupaten Madiun, Satu Korban Jiwa dan Kerusakan Infrastruktur",https://beritajatim.com/banjir-dan-longsor-terjang-kabupaten-madiun-satu-korban-jiwa-dan-kerusakan-infrastruktur
ann_759a38bafe3d,1648,False,[],"[""DisasterEvent""]","[""jember""]",[],False,candidate_unverified,copy_96d472079e4f,2025-12-16,22:26,beritajatim,"[""disruption_candidate""]",beritajatim,validation,1,Seorang Perempuan Buruh Tembakau di Jember Meninggal Dunia Terhanyut Banjir,https://beritajatim.com/seorang-perempuan-buruh-tembakau-di-jember-meninggal-dunia-terhanyut-banjir
ann_75e1a15b3383,2314,False,"[""broad_food""]","[""DisasterEvent""]","[""blitar""]","[""FoodAssistance""]",False,candidate_unverified,copy_d4b253ecad91,2022-11-25,16:49,beritajatim,"[""response_query""]",beritajatim,train,1,Anggota Polres Blitar Kota Sisihkan Gaji Untuk Membantu Korban Gempa Cianjur,https://beritajatim.com/anggota-polres-blitar-kota-sisihkan-gaji-untuk-membantu-korban-gempa-cianjur
ann_760441cbab88,973,False,[],"[""DisasterEvent""]","[""nganjuk"", ""surabaya""]",[],False,candidate_unverified,copy_8145f6630abd,2023-02-14,22:59,detik,"[""disruption_candidate""]",detik_news,train,1,Warga Asal Surabaya Tewas Tertimpa Longsor di Air Terjun Sedudo Nganjuk,https://news.detik.com/berita/d-6569217/warga-asal-surabaya-tewas-tertimpa-longsor-di-air-terjun-sedudo-nganjuk
ann_765ea3218caf,1918,False,[],"[""DisasterEvent""]","[""mojokerto"", ""sidoarjo""]",[],False,candidate_unverified,copy_dc71b8dbcc86,2025-04-04,14:14,beritajatim,"[""disruption_candidate""]",beritajatim,validation,1,"Evakuasi Korban Longsor di Tahura Raden Soerjo Mojokerto Tuntas, 10 Korban Ditemukan",https://beritajatim.com/evakuasi-korban-longsor-di-tahura-raden-soerjo-mojokerto-tuntas-10-korban-ditemukan
ann_76a5d0e8ea2f,2544,False,[],"[""DisasterEvent""]","[""lumajang"", ""malang"", ""surabaya""]","[""CrisisPreparednessAction"", ""DistributionIntervention"", ""OtherResponseAction""]",False,candidate_unverified,copy_f297edd1e024,2021-12-05,12:30,kompas,"[""disruption_candidate""]",kompas_money,train,1,"Pasca Erupsi Gunung Semeru, Pertamina Pastikan Stok BBM dan LPG Aman Money 5 Desember 2021",https://money.kompas.com/read/2021/12/05/123000826/pasca-erupsi-gunung-semeru-pertamina-pastikan-stok-bbm-dan-lpg-aman
ann_76aae039bf47,2266,False,[],"[""DisasterEvent"", ""WeatherDisruption""]",[],"[""CrisisPreparednessAction""]",False,candidate_unverified,copy_5e06e347c093,2021-11-04,,kontan,"[""disruption_candidate"", ""response_query""]",kontan,train,0,BMKG: Provinsi Jawa Timur waspada bencana hidrometeorologi,https://regional.kontan.co.id/news/bmkg-provinsi-jawa-timur-waspada-bencana-hidrometeorologi
ann_76f17711d7d6,2159,False,[],"[""DisasterEvent""]","[""lamongan""]",[],False,candidate_unverified,copy_43413fdb9da3,2022-01-19,20:31,kompas,"[""disruption_candidate""]",kompas_regional,train,1,Banjir Luapan Bengawan Njero Rendam 26 Desa di Lamongan Regional 19 Januari 2022,https://surabaya.kompas.com/read/2022/01/19/203143278/banjir-luapan-bengawan-njero-rendam-26-desa-di-lamongan
ann_76f750a33fe8,2333,False,"[""fish"", ""sugar""]","[""SupplyShortage""]",[],[],False,candidate_unverified,copy_ad836d8e2739,2021-07-07,,kontan,"[""disruption_candidate""]",kontan,train,0,"Jawa Timur disebut alami kelangkaan gula rafinasi, ini kata Kemenperin",https://regional.kontan.co.id/news/jatim-disebut-alami-kelangkaan-gula-rafinasi-ini-kata-kemenperin
ann_77514f537000,1370,False,[],"[""DisasterEvent""]","[""banyuwangi"", ""jember"", ""pacitan""]",[],False,candidate_unverified,copy_b8dacbf9f689,2022-12-06,17:59,beritajatim,"[""disruption_candidate""]",beritajatim,train,1,"Gempa Guncang Jember 3 Kali, Tidak Berpotensi Tsunami",https://beritajatim.com/gempa-guncang-jember-3-kali-tidak-berpotensi-tsunami
ann_77848248c130,3011,False,"[""broad_food"", ""chicken_eggs"", ""corn""]","[""SupplyShortage""]","[""blitar""]",[],False,candidate_unverified,copy_cd96e4bf9422,2021-09-23,12:37,kompas,"[""disruption_candidate""]",kompas_money,train,1,Saling Bantah Pejabat Kemendag Vs Kementan soal Stok Jagung Money 23 September 2021,https://money.kompas.com/read/2021/09/23/123712726/saling-bantah-pejabat-kemendag-vs-kementan-soal-stok-jagung
ann_77b5655a51a5,2471,False,"[""beef"", ""broad_food"", ""chili"", ""garlic"", ""shallot""]","[""ProductionDisruption"", ""WeatherDisruption""]","[""lumajang"", ""malang"", ""pasuruan""]","[""MarketOperationAction""]",False,candidate_unverified,copy_1b97533bf967,2026-02-19,00:09,kompas,"[""response_query""]",kompas_regional,test,1,"Ramadhan, Harga Cabai Rawit di Pasuruan Melonjak Setara Daging Sapi Regional 19 Februari 2026",https://surabaya.kompas.com/read/2026/02/19/000942078/ramadhan-harga-cabai-rawit-di-pasuruan-melonjak-setara-daging-sapi
ann_77b694b69f47,1890,False,[],"[""DisasterEvent""]","[""sampang"", ""surabaya""]",[],False,candidate_unverified,copy_ebe8dd8e1167,2021-02-14,23:21,detik,"[""disruption_candidate""]",detik_news,train,1,"Sebarkan Hoaks Banjir Darah, Pelaku Asal Sampang Diburu Polisi",https://news.detik.com/berita-jawa-timur/d-5373815/sebarkan-hoaks-banjir-darah-pelaku-asal-sampang-diburu-polisi
ann_77c00b5b825f,5031,False,"[""broad_food"", ""corn"", ""rice""]","[""SupplyShortage"", ""WeatherDisruption""]","[""bangkalan"", ""banyuwangi"", ""bojonegoro"", ""gresik"", ""lamongan"", ""ngawi"", ""probolinggo"", ""surabaya""]",[],False,candidate_unverified,copy_70356f9c6d11,2021-09-12,18:55,beritajatim,"[""disruption_candidate""]",beritajatim,train,1,HIPMI Jatim Bantu 25 Ton Beras untuk Masyarakat Berpenghasilan Rendah,https://beritajatim.com/hipmi-jatim-bantu-25-ton-beras-untuk-masyarakat-berpenghasilan-rendah
ann_786496c82d94,2128,False,[],"[""DisasterEvent""]","[""pasuruan""]",[],False,candidate_unverified,copy_fbee235064ed,2026-01-09,21:54,beritajatim,"[""disruption_candidate""]",beritajatim,test,1,"Update Banjir Kabupaten Pasuruan Malam Ini: Bangil Terendam 75 Cm, Gempol dan Beji Mulai Surut",https://beritajatim.com/update-banjir-kabupaten-pasuruan-malam-ini-bangil-terendam-75-cm-gempol-dan-beji-mulai-surut
ann_786506759ff7,2521,False,[],"[""DisasterEvent""]","[""malang""]","[""CrisisPreparednessAction""]",False,candidate_unverified,copy_8e191d209fa5,2026-03-20,00:17,beritajatim,"[""disruption_candidate"", ""response_query""]",beritajatim,test,1,SPAM Bango Tetap Andalkan Pasokan Air Malang Meski Dikepung Sampah,https://beritajatim.com/spam-bango-tetap-andalkan-pasokan-air-malang-meski-dikepung-sampah
ann_78896f9dfb5d,3346,True,"[""fish""]","[""DisasterEvent""]","[""gresik"", ""lamongan"", ""pasuruan"", ""probolinggo"", ""sampang"", ""sidoarjo"", ""surabaya""]",[],False,candidate_unverified,copy_64c0e5ef4f2e,2025-05-28,18:51,beritajatim,"[""disruption_candidate""]",beritajatim,validation,1,"Banjir Rob Wilayah Pesisir Surabaya, Warga Berharap Pemerintah Membantu",https://beritajatim.com/banjir-rob-wilayah-pesisir-surabaya-warga-berharap-pemerintah-membantu
ann_79276bae737c,1992,False,[],"[""DisasterEvent""]","[""blitar"", ""jember"", ""lumajang"", ""malang"", ""tulungagung""]",[],False,candidate_unverified,copy_f4ad74f340f5,2021-04-11,06:52,kompas,"[""disruption_candidate""]",kompas_regional,train,1,"Dampak Gempa Malang di Tulungagung, 49 Bangunan Rusak, 1 Orang Luka Ringan Regional 11 April 2021",https://regional.kompas.com/read/2021/04/11/065205978/dampak-gempa-malang-di-tulungagung-49-bangunan-rusak-1-orang-luka-ringan
ann_79334f716764,2819,False,"[""corn""]","[""SupplyShortage""]","[""blitar""]","[""OtherResponseAction""]",False,candidate_unverified,copy_182448305460,2021-09-22,20:30,detik,"[""disruption_candidate"", ""response_query""]",detik_finance,train,1,"Polemik Tingginya Harga Jagung, Mendag Sebut Stok Kosong-Kementan Bilang Ada",https://finance.detik.com/berita-ekonomi-bisnis/d-5735572/polemik-tingginya-harga-jagung-mendag-sebut-stok-kosong-kementan-bilang-ada
ann_793f49ba1209,4034,False,"[""broad_food"", ""sugar""]","[""SupplyShortage""]","[""surabaya""]","[""ProcurementAction"", ""ReserveRelease""]",False,candidate_unverified,copy_e10ff8ee09ea,2023-03-24,23:52,bisnis,"[""disruption_candidate"", ""response_query""]",bisnis,train,1,"Kebutuhan Ramadan-Lebaran Tinggi, Pemerintah Impor Gula 215.000 Ton",https://ekonomi.bisnis.com/read/20230324/12/1640410/kebutuhan-ramadan-lebaran-tinggi-pemerintah-impor-gula-215000-ton
ann_794b5d018282,3219,False,"[""rice""]","[""DisasterEvent"", ""PestDiseaseEvent"", ""ProductionDisruption""]","[""jombang"", ""surabaya""]","[""OtherResponseAction""]",False,candidate_unverified,copy_f72e73baf1f5,2021-06-04,17:13,beritajatim,"[""disruption_candidate""]",beritajatim,train,1,"Saat Gagal Panen, Petani Rasakan Manfaat Asuransi Pertanian",https://beritajatim.com/saat-gagal-panen-petani-rasakan-manfaat-asuransi-pertanian
ann_795ce284160c,2258,False,[],"[""DisasterEvent"", ""WeatherDisruption""]","[""banyuwangi""]","[""CrisisPreparednessAction""]",False,candidate_unverified,copy_e91b7e649bc1,2022-10-18,15:11,beritajatim,"[""disruption_candidate""]",beritajatim,train,1,BNPB: 1.445 KK Terdampak Banjir Dua Kelurahan di Banyuwangi,https://beritajatim.com/bnpb-1-445-kk-terdampak-banjir-dua-kelurahan-di-banyuwangi
ann_797748c0abeb,2077,False,[],"[""DisasterEvent""]","[""jember""]",[],False,candidate_unverified,copy_d84bd38d8e9f,2021-12-19,09:21,kompas,"[""disruption_candidate""]",kompas_regional,train,1,"Kunjungi Korban Gempa di Jember, Khofifah Minta Titik Evakuasi Warga Dipastikan Regional 19 Desember 2021",https://regional.kompas.com/read/2021/12/19/092132578/kunjungi-korban-gempa-di-jember-khofifah-minta-titik-evakuasi-warga
ann_797ad720d25d,2201,False,[],"[""DisasterEvent""]","[""blitar"", ""lumajang"", ""malang"", ""tulungagung""]","[""CrisisPreparednessAction"", ""DistributionIntervention""]",False,candidate_unverified,copy_452962bd175f,2021-04-14,21:31,detik,"[""disruption_candidate"", ""response_query""]",detik_news,train,1,Ada Stimulus Rp 50 Juta untuk Rumah Rusak Berat Dampak Gempa Malang,https://news.detik.com/berita-jawa-timur/d-5532806/ada-stimulus-rp-50-juta-untuk-rumah-rusak-berat-dampak-gempa-malang
ann_797c47bdb5fc,1822,False,[],"[""DisasterEvent""]","[""lumajang""]","[""CrisisPreparednessAction"", ""DistributionIntervention""]",False,candidate_unverified,copy_5726aeb14fc5,2021-12-09,,kontan,"[""disruption_candidate"", ""response_query""]",kontan,train,0,Grup MIND ID Turunkan Tim Tanggap Darurat dan Distribusi Bantuan untuk Semeru,https://industri.kontan.co.id/news/grup-mind-id-turunkan-tim-tanggap-darurat-dan-distribusi-bantuan-untuk-semeru
ann_7992942419f9,1400,False,[],"[""DisasterEvent"", ""WeatherDisruption""]","[""magetan""]",[],False,candidate_unverified,copy_394354741def,2024-12-23,13:27,kompas,"[""disruption_candidate""]",kompas_regional,train,1,"Hujan Deras dan Angin Kencang di Magetan, 28 Rumah Rusak Regional 23 Desember 2024",https://surabaya.kompas.com/read/2024/12/23/132719778/hujan-deras-dan-angin-kencang-di-magetan-28-rumah-rusak
ann_79a1f249870e,2366,False,"[""broad_food""]","[""DisasterEvent""]","[""sumenep""]",[],False,candidate_unverified,copy_9406ef57008a,2025-10-01,06:08,kompas,"[""disruption_candidate""]",kompas_nasional,validation,1,BNPB: 4 Rumah Warga Rusak Akibat Gempa di Sumenep News 1 Oktober 2025,https://nasional.kompas.com/read/2025/10/01/06081361/bnpb-4-rumah-warga-rusak-akibat-gempa-di-sumenep
ann_79a2d3def2c9,1926,False,"[""fish""]","[""DisasterEvent""]","[""gresik"", ""surabaya"", ""tuban""]",[],False,candidate_unverified,copy_2842e26535cb,2024-03-22,22:07,detik,"[""disruption_candidate""]",detik_finance,train,1,"Gempa Guncang Tuban, Pertamina Jamin Pasokan BBM & LPG Aman",https://finance.detik.com/energi/d-7256792/gempa-guncang-tuban-pertamina-jamin-pasokan-bbm-lpg-aman
ann_79c8fb26b06e,1464,True,[],"[""DisasterEvent"", ""WeatherDisruption""]","[""jember""]","[""CrisisPreparednessAction""]",False,candidate_unverified,copy_bc5b7a4390db,2026-02-15,10:43,kompas,"[""response_query""]",kompas_regional,test,1,"Cuaca Ekstrem Masih Mengintai, Bupati Jember Berlakukan Tanggap Darurat Bencana Regional 15 Februari 2026",https://surabaya.kompas.com/read/2026/02/15/104330178/cuaca-ekstrem-masih-mengintai-bupati-jember-berlakukan-tanggap-darurat
ann_79cac7875998,2217,False,"[""fish""]","[""DisasterEvent""]","[""malang""]",[],False,candidate_unverified,copy_5bf1414ddb1f,2024-11-29,19:20,kompas,"[""disruption_candidate""]",kompas_regional,train,1,111 Rumah di Malang Terendam Banjir Setingi 2 Meter Regional 29 November 2024,https://surabaya.kompas.com/read/2024/11/29/192002578/111-rumah-di-malang-terendam-banjir-setingi-2-meter
ann_79f390ab6233,2318,True,[],"[""DisasterEvent""]","[""surabaya""]",[],False,candidate_unverified,copy_d7601545b868,2025-11-23,21:23,detik,"[""disruption_candidate""]",detik_news,validation,1,Anggota DPRD Surabaya Dorong Percepatan Proyek Fisik Pengendalian Banjir,https://news.detik.com/bangun-indonesia/d-8225006/anggota-dprd-surabaya-dorong-percepatan-proyek-fisik-pengendalian-banjir
ann_79fb3c3612bb,2551,False,[],"[""DisasterEvent""]","[""sidoarjo""]","[""CrisisPreparednessAction""]",False,candidate_unverified,copy_a2d30ecfc8a8,2025-11-27,17:23,kompas,"[""response_query""]",kompas_regional,validation,1,"SMPN 2 Tanggulangin Masih Terendam Banjir, Bupati Sidoarjo Sayangkan Konsultan Tak Patuh Regulasi Regional 27 November 2025",https://surabaya.kompas.com/read/2025/11/27/172359978/smpn-2-tanggulangin-masih-terendam-banjir-bupati-sidoarjo-sayangkan
ann_7a30f694b816,1876,False,"[""broad_food"", ""chili""]","[""WeatherDisruption""]","[""madiun""]",[],False,candidate_unverified,copy_530567513b1f,2025-11-21,22:54,kompas,"[""disruption_candidate""]",kompas_regional,validation,1,"Curah Hujan Tinggi, Harga Cabai dan Wortel di Madiun Melonjak Regional 21 November 2025",https://surabaya.kompas.com/read/2025/11/21/225449878/curah-hujan-tinggi-harga-cabai-dan-wortel-di-madiun-melonjak
ann_7a34bd5c2859,1495,False,[],"[""DisasterEvent""]","[""jember""]",[],False,candidate_unverified,copy_6d21602663d6,2022-12-28,22:17,detik,"[""disruption_candidate""]",detik_news,train,1,"Sungai Jompo Meluap, Rumah Bupati Jember Terendam Banjir",https://news.detik.com/berita/d-6486625/sungai-jompo-meluap-rumah-bupati-jember-terendam-banjir
ann_7a56147f997f,2184,False,"[""broad_food""]","[""DisasterEvent""]","[""lamongan""]","[""DistributionIntervention"", ""FoodAssistance""]",False,candidate_unverified,copy_08b03c57bcfd,2023-02-20,19:50,kompas,"[""response_query""]",kompas_regional,train,1,"Bengawan Njero dan Bengawan Solo Meluap, 4.315 Rumah di Lamongan Dilanda Banjir Regional 20 Februari 2023",https://surabaya.kompas.com/read/2023/02/20/195052778/bengawan-njero-dan-bengawan-solo-meluap-4315-rumah-di-lamongan-dilanda
ann_7a58c6507d8b,6733,False,[],"[""DisasterEvent"", ""SupplyShortage""]","[""gresik""]","[""DistributionIntervention"", ""InspectionEnforcement""]",False,candidate_unverified,copy_3db39db53328,2025-10-30,,kontan,"[""disruption_candidate"", ""response_query""]",kontan,validation,0,"Imbas Kondisi Kahar, Pemerintah Kembali Buka Keran Ekspor Konsentrat Tembaga",https://industri.kontan.co.id/news/imbas-kondisi-kahar-pemerintah-kembali-buka-keran-ekspor-konsentrat-tembaga
ann_7a836e1af491,2853,True,"[""broad_food"", ""corn"", ""rice""]","[""WeatherDisruption""]","[""kediri""]","[""CrisisPreparednessAction"", ""ReserveRelease""]",False,candidate_unverified,copy_553e97225e0e,2023-08-30,10:40,kompas,"[""disruption_candidate""]",kompas_regional,train,1,"Jaga Stok Pangan di Kediri, Mas Dhito Imbau Jajarannya untuk Maksimalkan Produksi Beras News 30 Agustus 2023",https://regional.kompas.com/read/2023/08/30/10403781/jaga-stok-pangan-di-kediri-mas-dhito-imbau-jajarannya-untuk-maksimalkan
ann_7a8d9f7c3a26,3012,False,[],"[""PestDiseaseEvent""]",[],"[""ProcurementAction""]",False,candidate_unverified,copy_061bcb414cb7,2022-05-18,,kontan,"[""disruption_candidate""]",kontan,train,0,Kementan Alokasikan Rp 48 Miliar untuk Pencegahan dan Pengendalian PMK,https://nasional.kontan.co.id/news/kementan-alokasikan-rp-48-miliar-untuk-pencegahan-dan-pengendalian-pmk
ann_7b29310eee10,2796,False,"[""sugar""]","[""SupplyShortage""]",[],[],False,candidate_unverified,copy_10bc09bbda38,2021-05-15,,kontan,"[""disruption_candidate""]",kontan,train,0,Petani tolak revisi Permenperin 3/2021 untuk legalkan pabrik GKR di Jatim,https://regional.kontan.co.id/news/petani-tolak-revisi-permenperin-32021-untuk-legalkan-pabrik-gkr-di-jatim
ann_7b40c89535a3,2045,False,[],"[""DisasterEvent""]","[""lumajang""]",[],False,candidate_unverified,copy_84ab914fbace,2025-11-05,18:15,beritajatim,"[""disruption_candidate""]",beritajatim,validation,1,Banjir Lahar Gunung Semeru di Lumajang Jebol Tanggul dan Putus Akses Antarkecamatan,https://beritajatim.com/banjir-lahar-gunung-semeru-di-lumajang-jebol-tanggul-dan-putus-akses-antarkecamatan
ann_7b78a8ad9406,1747,False,[],"[""DisasterEvent""]","[""jombang"", ""mojokerto""]",[],False,candidate_unverified,copy_a856d085a56e,2024-12-13,07:48,kompas,"[""disruption_candidate""]",kompas_regional,train,1,"Tak Hanya Curah Hujan Tinggi, Ada Faktor Lain Penyebab Banjir di Jombang Regional 13 Desember 2024",https://surabaya.kompas.com/read/2024/12/13/074856478/tak-hanya-curah-hujan-tinggi-ada-faktor-lain-penyebab-banjir-di-jombang
ann_7b823cd740d3,4479,False,"[""corn"", ""rice""]","[""DisasterEvent"", ""PestDiseaseEvent"", ""ProductionDisruption"", ""SupplyShortage"", ""WeatherDisruption""]","[""jember""]","[""DistributionIntervention"", ""InspectionEnforcement""]",False,candidate_unverified,copy_7644782cf614,2023-12-21,07:19,beritajatim,"[""disruption_candidate""]",beritajatim,train,1,Petani Jember Kembali Curhat Soal Kelangkaan Pupuk Bersubsidi,https://beritajatim.com/petani-jember-kembali-curhat-soal-kelangkaan-pupuk-bersubsidi
ann_7b82ab115976,2298,False,"[""chicken_eggs"", ""soybean""]","[""DisasterEvent""]","[""ponorogo""]","[""DistributionIntervention""]",False,candidate_unverified,copy_f9537f66815c,2024-12-17,20:06,kompas,"[""disruption_candidate""]",kompas_regional,train,1,Kerja Keras Relawan di Ponorogo demi 20 Ribu Nasi Bungkus untuk Korban Banjir Regional 17 Desember 2024,https://surabaya.kompas.com/read/2024/12/17/200614878/kerja-keras-relawan-di-ponorogo-demi-20-ribu-nasi-bungkus-untuk-korban
ann_7b971dd8ab01,2693,False,[],"[""DisasterEvent"", ""WeatherDisruption""]","[""banyuwangi"", ""batu"", ""blitar"", ""jember"", ""jombang"", ""kediri"", ""lumajang"", ""malang"", ""nganjuk"", ""pasuruan"", ""ponorogo"", ""probolinggo"", ""trenggalek"", ""tulungagung""]",[],False,candidate_unverified,copy_fd6c3c290c9c,2023-07-07,21:30,kompas,"[""disruption_candidate""]",kompas_regional,train,1,Puluhan Rumah di Malang Terendam Banjir Usai Hujan Deras Sepanjang Hari Regional 7 Juli 2023,https://surabaya.kompas.com/read/2023/07/07/213014978/puluhan-rumah-di-malang-terendam-banjir-usai-hujan-deras-sepanjang-hari
ann_7be1e2e73e6d,2100,False,[],"[""DisasterEvent""]","[""jember""]",[],False,candidate_unverified,copy_fdee998df322,2023-09-07,09:30,kompas,"[""disruption_candidate""]",kompas_regional,train,1,PTPN X Investigasi Penyebab Kebakaran 5 Gudang Tembakau di Jember Regional 7 September 2023,https://surabaya.kompas.com/read/2023/09/07/093036478/ptpn-x-investigasi-penyebab-kebakaran-5-gudang-tembakau-di-jember
ann_7bf186519060,2210,False,"[""broad_food""]","[""PestDiseaseEvent""]","[""surabaya""]","[""CrisisPreparednessAction"", ""InspectionEnforcement""]",False,candidate_unverified,copy_e92b01a2af14,2022-05-10,14:06,beritajatim,"[""disruption_candidate""]",beritajatim,train,1,Langkah PD RPH Surabaya Antisipasi Wabah PMK,https://beritajatim.com/langkah-pd-rph-surabaya-antisipasi-wabah-pmk
ann_7bf1c578794b,2159,False,[],"[""DisasterEvent"", ""WeatherDisruption""]","[""pasuruan""]",[],False,candidate_unverified,copy_8daba4872a19,2025-10-22,20:46,beritajatim,"[""disruption_candidate""]",beritajatim,validation,1,"Hujan Deras Picu Longsor dan Banjir di Pasuruan, BPBD Imbau Warga Tetap Waspada",https://beritajatim.com/hujan-deras-picu-longsor-dan-banjir-di-pasuruan-bpbd-imbau-warga-tetap-waspada
ann_7bf1ce909dc2,2409,False,"[""fish""]","[""WeatherDisruption""]","[""bangkalan"", ""surabaya""]",[],False,candidate_unverified,copy_835191a306c3,2022-03-08,17:24,kompas,"[""disruption_candidate""]",kompas_regional,train,1,"Warga Bangkalan Hilang Saat Memancing Ikan, Hanya Ditemukan Alat Pancing dan Sandal Milik Korban Regional 8 Maret 2022",https://surabaya.kompas.com/read/2022/03/08/172412778/warga-bangkalan-hilang-saat-memancing-ikan-hanya-ditemukan-alat-pancing-dan
ann_7bfdf07f2557,1381,False,[],"[""DisasterEvent""]","[""madiun"", ""ponorogo""]",[],False,candidate_unverified,copy_6d09f33be9db,2021-10-29,20:46,kompas,"[""disruption_candidate""]",kompas_regional,train,1,"Hujan dan Angin Kencang Terjang Ponorogo, Atap Kampus IAIN Rusak hingga Pohon Tumbang Tutup Jalan Raya Regional 29 Oktober 2021",https://regional.kompas.com/read/2021/10/29/204636078/hujan-dan-angin-kencang-terjang-ponorogo-atap-kampus-iain-rusak-hingga
ann_7c04efb8ac5f,1715,False,[],"[""DisasterEvent""]","[""lumajang""]","[""CrisisPreparednessAction""]",False,candidate_unverified,copy_e2cec83fe863,2022-12-06,12:55,kompas,"[""response_query""]",kompas_regional,train,1,Bupati Lumajang Minta Bantuan untuk Korban Erupsi Semeru Dialihkan ke Lokasi Bencana Lain Regional 6 Desember 2022,https://surabaya.kompas.com/read/2022/12/06/125505778/bupati-lumajang-minta-bantuan-untuk-korban-erupsi-semeru-dialihkan-ke
ann_7c3c5add6cbb,3287,False,"[""shallot""]","[""DisasterEvent"", ""ProductionDisruption"", ""WeatherDisruption""]","[""nganjuk""]","[""CrisisPreparednessAction"", ""DistributionIntervention""]",False,candidate_unverified,copy_1de572ed091e,2024-04-30,12:27,kompas,"[""disruption_candidate""]",kompas_nasional,train,1,Satgas Pangan Polri Ungkap Penyebab Gagal Panen Bawang Merah di Brebes News 30 April 2024,https://nasional.kompas.com/read/2024/04/30/12270921/satgas-pangan-polri-ungkap-penyebab-gagal-panen-bawang-merah-di-brebes
ann_7c4b8456b833,2313,False,"[""broad_food"", ""chili""]","[""DisasterEvent""]","[""kediri"", ""ngawi""]",[],False,candidate_unverified,copy_7d30e5fdc8a4,2025-01-10,07:10,kompas,"[""disruption_candidate""]",kompas_money,validation,1,"Harga Cabai Meroket Tajam, Bapanas Sebut Pengulangan Tren Awal Tahun Money 10 Januari 2025",https://money.kompas.com/read/2025/01/10/071000726/harga-cabai-meroket-tajam-bapanas-sebut-pengulangan-tren-awal-tahun
ann_7cdf501e1002,2966,False,[],"[""DisasterEvent""]","[""lumajang""]",[],False,candidate_unverified,copy_66e337a67b6f,2025-08-12,10:00,beritajatim,"[""disruption_candidate""]",beritajatim,validation,1,"Gunung Semeru Kembali Erupsi, BPBD Lumajang Imbau Masyarakat Waspada",https://beritajatim.com/gunung-semeru-kembali-erupsi-bpbd-lumajang-imbau-masyarakat-waspada
ann_7cf6a9a0c078,2046,False,[],"[""DisasterEvent""]","[""mojokerto""]",[],False,candidate_unverified,copy_09a79780b56b,2024-12-10,01:14,beritajatim,"[""disruption_candidate""]",beritajatim,train,1,"Tinjau Banjir Tempuran, Wabup Mojokerto Petakan Normalisasi",https://beritajatim.com/tinjau-banjir-tempuran-wabup-mojokerto-petakan-normalisasi
ann_7d5f325cf1a9,2008,True,"[""rice""]","[""PestDiseaseEvent"", ""ProductionDisruption""]","[""ngawi""]",[],False,candidate_unverified,copy_8aecaf7d17ac,2025-06-26,,kontan,"[""disruption_candidate""]",kontan,validation,0,"Rubuha, Cara Petani Basmi Hama Tikus",https://insight.kontan.co.id/news/rubuha-cara-petani-basmi-hama-tikus
ann_7d82a257ba73,2565,False,[],"[""DisasterEvent""]","[""madiun"", ""ponorogo""]",[],False,candidate_unverified,copy_3c525a0e9ede,2025-11-19,17:17,kompas,"[""disruption_candidate""]",kompas_regional,validation,1,"Sempat Putus Sehari akibat Tertimpa Tanah Longsor, Jalan Alternatif Madiun-Ponorogo Sudah Bisa Dilewati Regional 19 November 2025",https://surabaya.kompas.com/read/2025/11/19/171743178/sempat-putus-sehari-akibat-tertimpa-tanah-longsor-jalan-alternatif-madiun
ann_7d905dc649e4,1590,False,[],"[""DisasterEvent""]","[""mojokerto"", ""surabaya""]",[],False,candidate_unverified,copy_59860101630a,2023-10-13,13:48,kompas,"[""disruption_candidate""]",kompas_regional,train,1,1 Pegawai Meninggal Usai Bantu Padamkam Kebakaran Pabrik Tisu di Mojokerto Regional 13 Oktober 2023,https://surabaya.kompas.com/read/2023/10/13/134831178/1-pegawai-meninggal-usai-bantu-padamkam-kebakaran-pabrik-tisu-di-mojokerto
ann_7dc4318534e4,1645,False,[],"[""DisasterEvent""]","[""banyuwangi""]","[""DistributionIntervention"", ""FoodAssistance""]",False,candidate_unverified,copy_c4c5ae45752b,2023-01-04,16:17,kompas,"[""response_query""]",kompas_regional,train,1,"BPBD Banyuwangi Minta Penyaluran Bantuan Bencana Satu Pintu, Ini Alasannya Regional 4 Januari 2023",https://surabaya.kompas.com/read/2023/01/04/161758578/bpbd-banyuwangi-minta-penyaluran-bantuan-bencana-satu-pintu-ini-alasannya
ann_7ddd3d93d022,2166,False,[],"[""DisasterEvent""]","[""jember""]",[],False,candidate_unverified,copy_5051d39cc699,2026-02-13,08:16,kompas,"[""disruption_candidate""]",kompas_regional,test,1,"8 Kecamatan di Jember Dikepung Banjir, 3.944 KK Terdampak dan 299 Jiwa Mengungsi Regional 13 Februari 2026",https://surabaya.kompas.com/read/2026/02/13/081648578/8-kecamatan-di-jember-dikepung-banjir-3944-kk-terdampak-dan-299-jiwa
ann_7def85e14957,1828,False,"[""rice""]","[""WeatherDisruption""]","[""madiun""]",[],False,candidate_unverified,copy_83ee201c1aa3,2023-08-22,17:28,kompas,"[""disruption_candidate""]",kompas_regional,train,1,"Dampak El Nino, Harga Beras di Madiun Naik Regional 22 Agustus 2023",https://surabaya.kompas.com/read/2023/08/22/172852878/dampak-el-nino-harga-beras-di-madiun-naik
ann_7e0bb1bbbe45,1837,False,[],"[""DisasterEvent""]","[""lumajang"", ""probolinggo""]",[],False,candidate_unverified,copy_f252dc8dc288,2025-07-18,13:17,beritajatim,"[""disruption_candidate""]",beritajatim,validation,1,"Gempa di Tiris Probolinggo, Lima Rumah Warga Rusak Akibat Getaran",https://beritajatim.com/gempa-di-tiris-probolinggo-lima-rumah-warga-rusak-akibat-getaran
ann_7e4c23de4913,2978,False,[],"[""DisasterEvent""]","[""mojokerto""]","[""CrisisPreparednessAction""]",False,candidate_unverified,copy_7909a558f73b,2026-03-17,06:09,beritajatim,"[""response_query""]",beritajatim,test,1,"Rakor Pengamanan Mudik Digelar, Pemkab Mojokerto Satukan Langkah Antar Instansi",https://beritajatim.com/rakor-pengamanan-mudik-digelar-pemkab-mojokerto-satukan-langkah-antar-instansi
ann_7e9063c263dc,2093,False,[],"[""DisasterEvent""]","[""gresik""]",[],False,candidate_unverified,copy_7ed9f499a7ce,2024-02-19,17:18,kompas,"[""disruption_candidate""]",kompas_regional,train,1,Banjir Luapan Kali Lamong Rendam 12 Desa di Gresik Regional 19 Februari 2024,https://regional.kompas.com/read/2024/02/19/171828878/banjir-luapan-kali-lamong-rendam-12-desa-di-gresik
ann_7ea6ef240505,2375,False,[],"[""DisasterEvent""]","[""blitar""]",[],False,candidate_unverified,copy_4129edeb2e47,2025-09-22,06:44,kompas,"[""disruption_candidate""]",kompas_regional,validation,1,"Penambalan Ban Motor Sebabkan Kebakaran, Bengkel dan Rumah di Blitar Hangus Regional 22 September 2025",https://surabaya.kompas.com/read/2025/09/22/064409178/penambalan-ban-motor-sebabkan-kebakaran-bengkel-dan-rumah-di-blitar-hangus
ann_7ed37bea054d,1256,False,[],"[""DisasterEvent""]","[""batu"", ""mojokerto"", ""surabaya""]",[],False,candidate_unverified,copy_7a9bd28ff216,2025-04-03,16:34,kompas,"[""disruption_candidate""]",kompas_regional,validation,1,"Longsor di Pacet Mojokerto, 2 Mobil Tertimbun Regional 3 April 2025",https://surabaya.kompas.com/read/2025/04/03/163457478/longsor-di-pacet-mojokerto-2-mobil-tertimbun
ann_7ed6963e545c,3111,False,"[""corn""]","[""DisasterEvent"", ""WeatherDisruption""]","[""banyuwangi"", ""jember"", ""situbondo""]",[],False,candidate_unverified,copy_257b4ee8e872,2026-03-09,15:06,beritajatim,"[""disruption_candidate""]",beritajatim,test,1,"Dua Warga Jatibanteng Situbondo Hanyut Terseret Banjir, Tim SAR Gabungan Lakukan Pencarian",https://beritajatim.com/dua-warga-jatibanteng-situbondo-hanyut-terseret-banjir-tim-sar-gabungan-lakukan-pencarian
ann_7ee10c3cba06,2112,False,"[""rice""]","[""DisasterEvent"", ""ProductionDisruption""]","[""lamongan""]",[],False,candidate_unverified,copy_22799a0af1b4,2026-01-12,12:21,kompas,"[""disruption_candidate""]",kompas_regional,test,1,"Sungai Bengawan Jero di Lamongan Meluap, 12.000 Hektare Sawah Tergenang Regional 12 Januari 2026",https://surabaya.kompas.com/read/2026/01/12/122115478/sungai-bengawan-jero-di-lamongan-meluap-12000-hektare-sawah-tergenang
ann_7f055ab114c4,1957,False,"[""broad_food""]","[""DisasterEvent""]","[""situbondo""]",[],False,candidate_unverified,copy_1b3c4a9da46d,2025-10-05,11:46,kompas,"[""disruption_candidate""]",kompas_regional,validation,1,"Gempa Situbondo Rusak 145 Rumah, Bupati: Semua Akan Ditanggung BTT Regional 5 Oktober 2025",https://regional.kompas.com/read/2025/10/05/114652178/gempa-situbondo-rusak-145-rumah-bupati-semua-akan-ditanggung-btt
ann_7f0b4f56392b,4329,False,"[""fish""]","[""DisasterEvent"", ""WeatherDisruption""]",[],[],False,candidate_unverified,copy_b236367b7ca8,2025-12-12,21:15,detik,"[""disruption_candidate""]",detik_news,validation,1,Wanti-wanti dari Senayan Agar Bibit Siklon Tropis Tak Dianggap Remeh,https://news.detik.com/berita/d-8257302/wanti-wanti-dari-senayan-agar-bibit-siklon-tropis-tak-dianggap-remeh
ann_7f115b0fec6e,4145,False,"[""corn""]","[""PestDiseaseEvent""]","[""surabaya""]",[],False,candidate_unverified,copy_f1a6442395bd,2023-07-18,20:13,detik,"[""disruption_candidate""]",detik_finance,train,1,Krista Exhibitions Bakal Gelar All Agri Expo & Festival Jagung Akhir 2023,https://finance.detik.com/berita-ekonomi-bisnis/d-6829962/krista-exhibitions-bakal-gelar-all-agri-expo-festival-jagung-akhir-2023
ann_7f1b2483e43c,2267,False,[],"[""DisasterEvent""]","[""lumajang"", ""situbondo""]","[""DistributionIntervention""]",False,candidate_unverified,copy_6b33cdf264f5,2021-12-14,08:03,beritajatim,"[""disruption_candidate""]",beritajatim,train,1,Ketua Umum Pemuda Katolik ke Lumajang Tinjau Posko Pengungsian Erupsi Semeru,https://beritajatim.com/ketua-umum-pemuda-katolik-ke-lumajang-tinjau-posko-pengungsian-erupsi-semeru
ann_7f6d0dafa36c,2750,False,[],"[""SupplyShortage""]","[""gresik""]","[""DistributionIntervention"", ""InspectionEnforcement"", ""ProductionAssistance""]",False,candidate_unverified,copy_4594d486f590,2022-06-01,06:13,kompas,"[""disruption_candidate""]",kompas_regional,train,1,"Pupuk Indonesia Salurkan 38 Ribu Ton Pupuk Bersubsidi di Kalsel, Pemprov Janji Tindak Distributor Nakal Regional 1 Juni 2022",https://regional.kompas.com/read/2022/06/01/061300078/pupuk-indonesia-salurkan-38-ribu-ton-pupuk-bersubsidi-di-kalsel-pemprov
ann_7f6e8cfe1c57,1887,False,"[""broad_food""]","[""PestDiseaseEvent""]","[""batu"", ""malang"", ""pasuruan""]",[],False,candidate_unverified,copy_202cd46733cf,2022-06-28,18:19,kompas,"[""disruption_candidate""]",kompas_regional,train,1,"Jelang Idul Adha, Penjualan Kambing di Kota Batu Tak Terpengaruh Wabah PMK Regional 28 Juni 2022",https://surabaya.kompas.com/read/2022/06/28/181919278/jelang-idul-adha-penjualan-kambing-di-kota-batu-tak-terpengaruh-wabah-pmk
ann_7faaa1f2bd19,3595,False,"[""beef"", ""broad_food"", ""chicken_eggs"", ""chicken_meat"", ""chili"", ""corn"", ""rice"", ""shallot""]","[""PestDiseaseEvent""]","[""malang"", ""ponorogo""]","[""MarketOperationAction""]",False,candidate_unverified,copy_8d7f850d1723,2022-08-10,19:14,kompas,"[""disruption_candidate""]",kompas_regional,train,1,Gubernur Khofifah Beberkan Strategi Pengendalian Inflasi Pangan di Jatim Regional 10 Agustus 2022,https://surabaya.kompas.com/read/2022/08/10/191454778/gubernur-khofifah-beberkan-strategi-pengendalian-inflasi-pangan-di-jatim
ann_7fb5f9ffa4c9,5153,True,"[""broad_food"", ""chili""]","[""PestDiseaseEvent""]","[""banyuwangi"", ""blitar"", ""kediri"", ""malang"", ""probolinggo"", ""surabaya"", ""tuban""]","[""CrisisPreparednessAction""]",False,candidate_unverified,copy_f3cac6687341,2022-06-07,22:37,beritajatim,"[""disruption_candidate""]",beritajatim,train,1,"Harga Cabai Makin ‘Pedas’, Begini Langkah Khofifah",https://beritajatim.com/harga-cabai-makin-pedas-begini-langkah-khofifah
ann_7fbc2f828424,1562,False,"[""broad_food""]","[""DisasterEvent"", ""WeatherDisruption""]","[""jember""]","[""CrisisPreparednessAction"", ""DistributionIntervention""]",False,candidate_unverified,copy_233e6de006dc,2025-09-11,20:54,beritajatim,"[""disruption_candidate""]",beritajatim,validation,1,"Hujan Mulai Mengguyur Jember, Tanah Longsor dan Rumah Roboh",https://beritajatim.com/hujan-mulai-mengguyur-jember-tanah-longsor-dam-rumah-roboh
ann_7fd96011c0e0,2175,False,"[""broad_food""]","[""DisasterEvent""]","[""sumenep""]","[""DistributionIntervention"", ""FoodAssistance""]",False,candidate_unverified,copy_308ba58204ce,2025-10-02,14:12,beritajatim,"[""response_query""]",beritajatim,validation,1,"Update Data Gempa Sumenep: 316 Bangunan Rusak, Termasuk Sekolah dan Puskesmas",https://beritajatim.com/update-data-gempa-sumenep-316-bangunan-rusak-termasuk-sekolah-dan-puskesmas
ann_7ff8fc8729f3,2329,True,"[""broad_food"", ""corn"", ""rice"", ""sugar""]","[""PestDiseaseEvent"", ""SupplyShortage""]","[""gresik""]","[""CrisisPreparednessAction""]",False,candidate_unverified,copy_5ced4e8234e0,2021-09-13,17:26,beritajatim,"[""disruption_candidate""]",beritajatim,train,1,"Produktivitas Padi Naik, Kementan Apresiasi Petani Gresik",https://beritajatim.com/produktivitas-padi-naik-kementan-apresiasi-petani-gresik
ann_80348f0a0723,2078,False,[],"[""DisasterEvent""]","[""gresik""]",[],False,candidate_unverified,copy_4b4d961d85dd,2025-11-20,,kontan,"[""disruption_candidate""]",kontan,validation,0,Freeport Pastikan 30% Produksi Tambang dari DMLZ dan Big Gossan untuk Smelter Gresik,https://industri.kontan.co.id/news/freeport-pastikan-30-produksi-tambang-dari-dmlz-dan-big-gossan-untuk-smelter-gresik
ann_806e751bd58f,1995,False,[],"[""DisasterEvent""]","[""gresik""]",[],False,candidate_unverified,copy_f1c1847f2ac3,2025-07-30,17:50,beritajatim,"[""disruption_candidate""]",beritajatim,validation,1,"Imbas Bahan Baku Produksi PT Linde Indonesia Gresik Plant Bocor, Warga Dilarikan ke Rumah Sakit",https://beritajatim.com/imbas-bahan-baku-produksi-pt-linde-indonesia-gresik-plant-bocor-warga-dilarikan-ke-rumah-sakit
ann_807fbc0a8f2e,2305,False,"[""broad_food"", ""sugar""]","[""ProductionDisruption""]","[""gresik"", ""mojokerto""]","[""OtherResponseAction""]",False,candidate_unverified,copy_82a73349b748,2021-04-08,20:17,beritajatim,"[""disruption_candidate""]",beritajatim,train,1,PG Tingkatkan Produktivitas Tebu Jawa Timur,https://beritajatim.com/pg-tingkatkan-produktivitas-tebu-jawa-timur
ann_8116a0c4b67d,2093,False,"[""chili"", ""sugar""]","[""DisasterEvent"", ""WeatherDisruption""]","[""situbondo""]",[],False,candidate_unverified,copy_741616b5b9f0,2023-04-09,10:15,kompas,"[""disruption_candidate""]",kompas_regional,train,1,Bantaran Sungai Avour di Situbondo yang Jebol akibat Banjir Mulai Diperbaiki Regional 9 April 2023,https://surabaya.kompas.com/read/2023/04/09/101511878/bantaran-sungai-avour-di-situbondo-yang-jebol-akibat-banjir-mulai
ann_812563017e88,2535,False,[],"[""DisasterEvent""]","[""sidoarjo""]",[],False,candidate_unverified,copy_8b426d3f1c62,2026-01-07,13:15,kompas,"[""disruption_candidate""]",kompas_regional,test,1,"Banjir Dua Bulan Tak Surut di Kedungbanteng Sidoarjo, Warga Mulai Diserang Penyakit Regional 7 Januari 2026",https://surabaya.kompas.com/read/2026/01/07/131507478/banjir-dua-bulan-tak-surut-di-kedungbanteng-sidoarjo-warga-mulai-diserang
ann_812becc7c61d,6795,False,"[""broad_food""]","[""DisasterEvent""]","[""surabaya""]","[""CrisisPreparednessAction""]",False,candidate_unverified,copy_4133610d1b35,2024-03-01,,kontan,"[""disruption_candidate"", ""response_query""]",kontan,train,0,Citi Indonesia&Plan Indonesia Dorong Ketahanan Pangan di NTT lewat Youth-LedAgri Food,https://pressrelease.kontan.co.id/news/citi-indonesiaplan-indonesia-dorong-ketahanan-pangan-di-ntt-lewat-youth-ledagri-food
ann_81cff54c25b6,2909,False,"[""fish""]","[""PestDiseaseEvent""]","[""mojokerto"", ""surabaya""]",[],False,candidate_unverified,copy_77f09151a71e,2021-03-26,22:18,detik,"[""disruption_candidate""]",detik_news,train,1,Ratusan Ton Jahe Impor Dimusnahkan Karena Terkontaminasi Cacing Gelang,https://news.detik.com/berita-jawa-timur/d-5509727/ratusan-ton-jahe-impor-dimusnahkan-karena-terkontaminasi-cacing-gelang
ann_82071fd04370,1796,False,[],"[""DisasterEvent""]","[""sidoarjo""]",[],False,candidate_unverified,copy_1e6df69d7aa8,2025-11-20,08:51,beritajatim,"[""disruption_candidate""]",beritajatim,validation,1,"Intensitas Curah Hujan Tinggi, Jantung Kota Sidoarjo Dikepung Banjir",https://beritajatim.com/intensitas-curah-hujan-tinggi-jantung-kota-sidoarjo-dikepung-banjir
ann_8207cc420b13,3270,False,"[""chili""]","[""DisasterEvent"", ""WeatherDisruption""]","[""batu"", ""blitar"", ""jember"", ""kediri"", ""madiun"", ""malang"", ""mojokerto"", ""surabaya""]",[],False,candidate_unverified,copy_539b1fffb634,2023-02-27,03:27,beritajatim,"[""disruption_candidate""]",beritajatim,train,1,BERITA POPULER: Malang Hadapi Cuaca Ekstrem hingga Lokasi Ledakan Petasan,https://beritajatim.com/berita-populer-malang-hadapi-cuaca-ekstrem-hingga-lokasi-ledakan-petasan
ann_823d79af21d3,1702,False,"[""rice""]","[""PestDiseaseEvent""]","[""kediri""]",[],False,candidate_unverified,copy_30a3633809b7,2024-04-02,20:00,kompas,"[""disruption_candidate""]",kompas_money,train,1,"Lewat Program Mitra Tani, Bulog Dorong Produksi Beras Digenjot Money 2 April 2024",https://money.kompas.com/read/2024/04/02/200000326/lewat-program-mitra-tani-bulog-dorong-produksi-beras-digenjot
ann_8266d62b6250,4204,False,[],"[""DisasterEvent"", ""WeatherDisruption""]","[""blitar"", ""bojonegoro"", ""gresik"", ""jombang"", ""kediri"", ""lamongan"", ""lumajang"", ""madiun"", ""magetan"", ""malang"", ""nganjuk"", ""ngawi"", ""pasuruan"", ""probolinggo"", ""sidoarjo"", ""surabaya"", ""tuban"", ""tulungagung""]",[],False,candidate_unverified,copy_c5e6553abcef,2025-02-09,10:30,beritajatim,"[""disruption_candidate""]",beritajatim,validation,1,"Puting Beliung Terjang Magetan, Puluhan Rumah dan Taman Ria Iswahjudi Park Rusak Parah",https://beritajatim.com/puting-beliung-terjang-magetan-puluhan-rumah-dan-taman-ria-iswahjudi-park-rusak-parah
ann_82729cfd181a,3027,False,"[""beef"", ""broad_food"", ""buffalo_meat"", ""chicken_eggs"", ""chicken_meat"", ""chili"", ""cooking_oil"", ""corn"", ""garlic"", ""rice"", ""shallot"", ""soybean"", ""sugar""]","[""PestDiseaseEvent""]",[],[],False,candidate_unverified,copy_7f8abdffb012,2021-01-25,17:16,kompas,"[""disruption_candidate""]",kompas_money,train,1,"Dorong Produksi Lokal, Mentan Usulkan Kedelai Masuk Bagian Pangan Strategis Money 25 Januari 2021",https://money.kompas.com/read/2021/01/25/171655926/dorong-produksi-lokal-mentan-usulkan-kedelai-masuk-bagian-pangan-strategis
ann_8281999015eb,1953,False,[],"[""DisasterEvent""]","[""banyuwangi"", ""bondowoso"", ""jember"", ""lumajang""]",[],False,candidate_unverified,copy_74f0ac35c32f,2021-12-16,,kontan,"[""disruption_candidate""]",kontan,train,0,"Gempa Terkini Magnitudo 5.1, Warga Jember Panik, Sejumlah Rumah Ambruk",https://regional.kontan.co.id/news/gempa-terkini-magnitudo-51-warga-jember-panik-sejumlah-rumah-ambruk
ann_828a2b032826,2101,False,"[""fish""]","[""PestDiseaseEvent""]","[""banyuwangi"", ""lamongan""]",[],False,candidate_unverified,copy_9df612c0717c,2022-01-24,16:44,beritajatim,"[""disruption_candidate""]",beritajatim,train,1,Harga Ikan Kerapu di Lamongan Merangkak Naik,https://beritajatim.com/harga-ikan-kerapu-di-lamongan-merangkak-naik
ann_82c1a7897d23,2187,False,[],"[""DisasterEvent""]","[""gresik""]",[],False,candidate_unverified,copy_fa9cd9caaaff,2025-01-13,09:13,beritajatim,"[""disruption_candidate""]",beritajatim,validation,1,"Kasus Kebakaran di Gresik Turun pada 2024, Damkarla Gencarkan Edukasi Pencegahan",https://beritajatim.com/kasus-kebakaran-di-gresik-turun-pada-2024-damkarla-gencarkan-edukasi-pencegahan
ann_82c2a2b48a84,3052,False,[],"[""DisasterEvent""]","[""bangkalan"", ""banyuwangi"", ""batu"", ""blitar"", ""bojonegoro"", ""bondowoso"", ""gresik"", ""jember"", ""jombang"", ""kediri"", ""lamongan"", ""lumajang"", ""malang"", ""mojokerto"", ""probolinggo"", ""sampang"", ""sidoarjo"", ""situbondo"", ""sumenep"", ""surabaya"", ""tuban"", ""tulungagung""]",[],False,candidate_unverified,copy_6f3f0ae8c8a3,2024-10-05,18:20,kompas,"[""disruption_candidate""]",kompas_regional,train,1,"Antisipasi Banjir Tahunan di Sampang, Pemprov Jatim Siagakan 5 Pompa Air Regional 5 Oktober 2024",https://surabaya.kompas.com/read/2024/10/05/182004878/antisipasi-banjir-tahunan-di-sampang-pemprov-jatim-siagakan-5-pompa-air
ann_82ecb1ac98a3,3482,False,"[""broad_food"", ""cooking_oil"", ""rice"", ""sugar""]","[""SupplyShortage""]","[""mojokerto""]","[""DistributionIntervention"", ""MarketOperationAction"", ""OtherResponseAction""]",False,candidate_unverified,copy_d80e0ea0ae9d,2025-09-03,12:24,beritajatim,"[""response_query""]",beritajatim,validation,1,"Bulog Mojokerto Pastikan Stok Beras Aman Hingga 2026, Harga SPHP Tekan Pasar",https://beritajatim.com/bulog-mojokerto-pastikan-stok-beras-aman-hingga-2026-harga-sphp-tekan-pasar
ann_82f51f81054a,3279,True,"[""broad_food"", ""rice""]","[""DisasterEvent""]","[""banyuwangi"", ""madiun"", ""malang"", ""surabaya"", ""tuban"", ""tulungagung""]","[""CrisisPreparednessAction"", ""DistributionIntervention"", ""FoodAssistance""]",False,candidate_unverified,copy_b12200370dfd,2021-08-24,19:15,beritajatim,"[""disruption_candidate""]",beritajatim,train,1,Adira Finance Berikan Sembako Untuk Atasi Dampak Pandemi,https://beritajatim.com/adira-finance-berikan-sembako-untuk-atasi-dampak-pandemi
ann_82fabba0cf86,1785,False,"[""rice""]","[""WeatherDisruption""]",[],"[""CrisisPreparednessAction""]",False,candidate_unverified,copy_95153c56b0f8,2023-08-03,,kontan,"[""disruption_candidate""]",kontan,train,0,"Hadapi El Nino, Kementan Siapkan 500 Ribu Hektare untuk Pastikan Ketersediaan Beras",https://nasional.kontan.co.id/news/hadapi-el-nino-kementan-siapkan-500-ribu-hektare-untuk-pastikan-ketersediaan-beras
ann_82fb67d56402,1949,False,[],"[""DisasterEvent""]","[""madiun"", ""ngawi""]",[],False,candidate_unverified,copy_91ed2abd13b0,2025-03-29,21:12,beritajatim,"[""disruption_candidate""]",beritajatim,validation,1,"Banjir di Ngawi Berangsur Surut, Sebagian Warga Masih Bertahan di Pengungsian",https://beritajatim.com/banjir-di-ngawi-berangsur-surut-sebagian-warga-masih-bertahan-di-pengungsian
ann_8303b066addc,2569,False,"[""chili""]","[""DisasterEvent""]","[""lumajang""]","[""CrisisPreparednessAction""]",False,candidate_unverified,copy_6e3368633239,2025-11-25,06:16,kompas,"[""disruption_candidate"", ""response_query""]",kompas_regional,validation,1,Status Darurat Erupsi Semeru di Lumajang Diperpanjang hingga 2 Desember Regional 25 November 2025,https://surabaya.kompas.com/read/2025/11/25/061624178/status-darurat-erupsi-semeru-di-lumajang-diperpanjang-hingga-2-desember
ann_830f52469998,1778,False,"[""broad_food"", ""chicken_meat"", ""chili""]","[""ProductionDisruption"", ""SupplyShortage""]","[""malang""]","[""MarketOperationAction""]",False,candidate_unverified,copy_a0dc9356def6,2023-03-20,15:39,kompas,"[""disruption_candidate"", ""response_query""]",kompas_regional,train,1,Harga Cabai Rawit di Kabupaten Malang Melonjak hingga Rp 80.000 Per Kilogram Regional 20 Maret 2023,https://surabaya.kompas.com/read/2023/03/20/153925278/harga-cabai-rawit-di-kabupaten-malang-melonjak-hingga-rp-80000-per-kilogram
ann_8361cbef90d8,2177,True,"[""rice""]","[""WeatherDisruption""]","[""tuban""]",[],False,candidate_unverified,copy_5ba81621e7e7,2023-04-06,15:52,kompas,"[""disruption_candidate""]",kompas_regional,train,1,Presiden Jokowi Minta Kementan Kembangkan Penggunaan Pupuk Organik Regional 6 April 2023,https://surabaya.kompas.com/read/2023/04/06/155202078/presiden-jokowi-minta-kementan-kembangkan-penggunaan-pupuk-organik
ann_83bb3be457a2,2632,False,"[""cooking_oil""]","[""SupplyShortage""]","[""gresik""]",[],False,candidate_unverified,copy_00f6ef219c38,2022-03-16,14:26,kompas,"[""disruption_candidate""]",kompas_money,train,1,Ketika Mendag Lagi-lagi Klaim Stok Minyak Goreng Sangat Melimpah Money 16 Maret 2022,https://money.kompas.com/read/2022/03/16/142639726/ketika-mendag-lagi-lagi-klaim-stok-minyak-goreng-sangat-melimpah
ann_83d37b2cddf7,1675,False,[],"[""DisasterEvent"", ""WeatherDisruption""]","[""magetan""]",[],False,candidate_unverified,copy_acde4224fb66,2025-10-25,15:02,beritajatim,"[""disruption_candidate""]",beritajatim,validation,1,"Cuaca Ekstrem di Magetan, Satu Rumah Warga Selosari Roboh",https://beritajatim.com/cuaca-ekstrem-di-magetan-satu-rumah-warga-selosari-roboh
ann_83ece60ceedc,2563,False,[],"[""DisasterEvent"", ""WeatherDisruption""]","[""blitar""]",[],False,candidate_unverified,copy_6cc0ad84ed58,2026-01-31,09:42,beritajatim,"[""disruption_candidate""]",beritajatim,test,1,"Puting Beliung Terjang Ponggok Blitar, Pohon Tumbang Timpa 4 Rumah Warga",https://beritajatim.com/puting-beliung-terjang-ponggok-blitar-pohon-tumbang-timpa-4-rumah-warga
ann_83ef342fa678,2414,True,"[""broad_food""]","[""ProductionDisruption"", ""SupplyShortage"", ""WeatherDisruption""]","[""blitar""]","[""CrisisPreparednessAction"", ""DistributionIntervention"", ""FoodAssistance""]",False,candidate_unverified,copy_42bf12f0cc27,2024-07-05,15:33,beritajatim,"[""disruption_candidate""]",beritajatim,train,1,"Sejumlah Daerah di Blitar Mulai Kekeringan, Mak Rini Droping Air Bersih",https://beritajatim.com/sejumlah-daerah-di-blitar-mulai-kekeringan-mak-rini-droping-air-bersih
ann_83f37b161963,2189,False,"[""broad_food"", ""chili""]","[""DisasterEvent""]","[""jember"", ""lumajang"", ""probolinggo""]",[],False,candidate_unverified,copy_43b94fae69ae,2025-06-19,15:09,kompas,"[""disruption_candidate""]",kompas_regional,validation,1,Gubernur Khofifah Tinjau Sekolah di Probolinggo yang Rawan Rubuh Akibat Diterjang Banjir Regional 19 Juni 2025,https://surabaya.kompas.com/read/2025/06/19/150900578/gubernur-khofifah-tinjau-sekolah-di-probolinggo-yang-rawan-rubuh-akibat
ann_841f2b61b8b1,2436,False,"[""broad_food"", ""chili"", ""cooking_oil"", ""soybean""]","[""SupplyShortage""]","[""ngawi""]","[""DistributionIntervention"", ""MarketOperationAction""]",False,candidate_unverified,copy_5cffe9c173c4,2022-03-11,21:30,kompas,"[""disruption_candidate"", ""response_query""]",kompas_nasional,train,1,"Gelar Operasi Pasar Murah, Ibas Salurkan 16 Ton Minyak Goreng di Ngawi News 11 Maret 2022",https://nasional.kompas.com/read/2022/03/11/21302161/gelar-operasi-pasar-murah-ibas-salurkan-16-ton-minyak-goreng-di-ngawi
ann_842b762829f3,3562,False,[],"[""DisasterEvent""]","[""blitar""]","[""DistributionIntervention""]",False,candidate_unverified,copy_758bf0c6632e,2022-12-09,16:00,beritajatim,"[""response_query""]",beritajatim,train,1,"Pemkot Blitar Kirimkan 1,5 Ton Sambel Pecel Untuk Pengungsi Gempa Cianjur",https://beritajatim.com/pemkot-blitar-kirimkan-15-ton-sambel-pecel-untuk-pengungsi-gempa-cianjur
ann_844bc0d5b67c,1489,False,[],"[""DisasterEvent""]","[""blitar"", ""malang""]",[],False,candidate_unverified,copy_610ef5026a4d,2021-04-10,,kontan,"[""disruption_candidate""]",kontan,train,0,"Dampak gempa Malang di Blitar, 11 luka-luka dan 202 bangunan rusak",https://regional.kontan.co.id/news/dampak-gempa-malang-di-blitar-11-luka-luka-dan-202-bangunan-rusak
ann_8468001602f6,2026,False,[],"[""DisasterEvent""]","[""sumenep""]",[],False,candidate_unverified,copy_3e3b313dfd81,2025-10-01,10:40,kompas,"[""disruption_candidate""]",kompas_regional,validation,1,"Dampak Gempa Sumenep, 47 Rumah dan 6 Masjid di Pulau Sepudi Rusak Regional 1 Oktober 2025",https://surabaya.kompas.com/read/2025/10/01/104001278/dampak-gempa-sumenep-47-rumah-dan-6-masjid-di-pulau-sepudi-rusak
ann_84a2436359da,2849,False,"[""chili"", ""corn"", ""garlic"", ""rice"", ""shallot"", ""soybean"", ""sugar""]","[""SupplyShortage""]","[""gresik""]","[""DistributionIntervention"", ""ProductionAssistance""]",False,candidate_unverified,copy_e2b2591bd902,2023-02-17,17:15,beritajatim,"[""disruption_candidate""]",beritajatim,train,1,Distan Gresik Minta Petani Segera Pakai Pupuk Bersubsidi,https://beritajatim.com/distan-gresik-minta-petani-segera-pakai-pupuk-bersubsidi
ann_84c1e84e8c61,2554,False,[],"[""DisasterEvent""]","[""pasuruan""]",[],False,candidate_unverified,copy_3d9eb37a84eb,2025-11-05,23:21,kompas,"[""disruption_candidate""]",kompas_regional,validation,1,"Masuki Musim Hujan, Petugas Gabungan Cek Peralatan Kedaruratan Hadapi Bencana di Pasuruan Regional 5 November 2025",https://surabaya.kompas.com/read/2025/11/05/232130578/masuki-musim-hujan-petugas-gabungan-cek-peralatan-kedaruratan-hadapi
ann_84d2fcb711ff,5037,False,"[""cooking_oil"", ""corn"", ""rice"", ""sugar""]","[""PestDiseaseEvent""]","[""gresik"", ""madiun"", ""malang"", ""sidoarjo""]",[],False,candidate_unverified,copy_8f56f6d4f184,2023-09-30,21:40,bisnis,"[""disruption_candidate""]",bisnis,train,1,ID Food Gandeng Pupuk Indonesia Tingkatkan Produktivitas dan Pendapatan Petani Tebu,https://ekonomi.bisnis.com/read/20230930/9/1699737/id-food-gandeng-pupuk-indonesia-tingkatkan-produktivitas-dan-pendapatan-petani-tebu
ann_84f61955280d,1557,False,"[""shallot""]","[""DisasterEvent""]","[""nganjuk""]",[],False,candidate_unverified,copy_a0905c90e234,2024-04-24,,kontan,"[""disruption_candidate""]",kontan,train,0,"Tekan Harga Bawang Merah, IKAPPI Desak Pemerintah Percepat Distribusi ke Jabodetabek",https://nasional.kontan.co.id/news/tekan-harga-bawang-merah-ikappi-desak-pemerintah-percepat-distribusi-ke-jabodetabek
ann_84fc5657bfec,2234,True,"[""broad_food""]","[""DisasterEvent""]","[""situbondo""]","[""DistributionIntervention""]",False,candidate_unverified,copy_ba762ad39728,2026-01-25,12:08,beritajatim,"[""response_query""]",beritajatim,test,1,1.500 Warga Korban Banjir di Situbondo Terisolasi,https://beritajatim.com/1-500-warga-korban-banjir-di-situbondo-terisolasi
ann_85228e4cade0,2603,False,[],"[""DisasterEvent"", ""WeatherDisruption""]","[""jombang"", ""mojokerto"", ""pasuruan""]",[],False,candidate_unverified,copy_b0ebd8b742b3,2025-11-13,09:23,beritajatim,"[""disruption_candidate""]",beritajatim,validation,1,Banjir Luapan Anak Sungai Sadar Rendam 20 Rumah di Mojoanyar Mojokerto,https://beritajatim.com/banjir-luapan-anak-sungai-sadar-rendam-20-rumah-di-mojoanyar-mojokerto
ann_85291684f19b,2235,False,"[""broad_food""]","[""DisasterEvent""]","[""pamekasan""]",[],False,candidate_unverified,copy_74249a2da041,2026-01-19,14:54,kompas,"[""disruption_candidate""]",kompas_regional,test,1,"53 KK Terisolasi Imbas Longsor di Pamekasan, Pemerintah Desa dan DPRD Beri Bantuan Makanan Regional 19 Januari 2026",https://surabaya.kompas.com/read/2026/01/19/145458178/53-kk-terisolasi-imbas-longsor-di-pamekasan-pemerintah-desa-dan-dprd-beri
ann_852d11506036,1361,False,[],"[""DisasterEvent"", ""WeatherDisruption""]","[""jember""]","[""DistributionIntervention""]",False,candidate_unverified,copy_0e6062632712,2025-12-09,18:29,beritajatim,"[""disruption_candidate""]",beritajatim,validation,1,Puluhan Rumah di Jember Terendam Banjir Luapan,https://beritajatim.com/puluhan-rumah-di-jember-terendam-banjir-luapan
ann_8556ac72cdc4,991,False,[],"[""DisasterEvent""]","[""banyuwangi"", ""bondowoso"", ""jember"", ""lumajang""]",[],False,candidate_unverified,copy_c4f2b7581b39,2021-12-16,,kontan,"[""disruption_candidate""]",kontan,train,0,"BMKG mencatat gempa terkini magnitudo 5.1, terasa di Bali-Banyuwangi pagi ini",https://regional.kontan.co.id/news/bmkg-mencatat-gempa-terkini-magnitudo-51-terasa-di-bali-banyuwangi-pagi-iniin
ann_858f322e6be5,3134,False,"[""corn"", ""rice""]","[""DisasterEvent"", ""PestDiseaseEvent"", ""ProductionDisruption"", ""WeatherDisruption""]","[""gresik""]",[],False,candidate_unverified,copy_78ef206a3a9a,2022-01-31,22:00,kompas,"[""disruption_candidate""]",kompas_money,train,1,"Tak Sekadar Jual Pupuk, Petrokimia Gresik juga Kawal Pengendalian Hama Money 31 Januari 2022",https://money.kompas.com/read/2022/01/31/220000826/tak-sekadar-jual-pupuk-petrokimia-gresik-juga-kawal-pengendalian-hama
ann_85b8bab05dab,1460,False,[],"[""DisasterEvent""]","[""kediri""]",[],False,candidate_unverified,copy_d30860220288,2022-01-03,22:56,detik,"[""disruption_candidate""]",detik_news,train,1,Banjir Bandang di Kediri Bawa Material Longsor dari Lereng Gunung Wilis,https://news.detik.com/berita-jawa-timur/d-5882843/banjir-bandang-di-kediri-bawa-material-longsor-dari-lereng-gunung-wilis
ann_85e2cc1f9465,3742,False,"[""broad_food""]","[""DisasterEvent""]","[""lumajang""]","[""CrisisPreparednessAction""]",False,candidate_unverified,copy_9d4fb023670a,2025-11-19,23:15,detik,"[""disruption_candidate"", ""response_query""]",detik_news,validation,1,Kemensos Kirim Logistik ke 765 Warga Terdampak Erupsi Gunung Semeru,https://news.detik.com/berita/d-8219219/kemensos-kirim-logistik-ke-765-warga-terdampak-erupsi-gunung-semeru
ann_8647f8d8e8ff,3982,False,"[""broad_food"", ""rice""]","[""PestDiseaseEvent""]","[""gresik""]","[""OtherResponseAction""]",False,candidate_unverified,copy_af6ce5ab5fc1,2023-05-12,18:28,kompas,"[""disruption_candidate"", ""response_query""]",kompas_money,train,1,Petrokimia Gresik Bantu Tingkatkan Produktivitas Padi hingga 25 persen Money 12 Mei 2023,https://money.kompas.com/read/2023/05/12/182840326/petrokimia-gresik-bantu-tingkatkan-produktivitas-padi-hingga-25-persen
ann_8659e43730bf,4249,False,"[""broad_food"", ""rice""]","[""SupplyShortage"", ""WeatherDisruption""]","[""pasuruan""]",[],False,candidate_unverified,copy_d52f305744a5,2024-06-25,09:55,beritajatim,"[""disruption_candidate""]",beritajatim,train,1,"Atasi Krisis Pangan Jawa Timur, Berikut 3 Jurus Jitu Kementan",https://beritajatim.com/atasi-krisis-pangan-jawa-timur-berikut-3-jurus-jitu-kementan
ann_865eed24e91b,1540,False,"[""broad_food""]","[""WeatherDisruption""]","[""gresik"", ""madiun"", ""ngawi""]","[""OtherResponseAction""]",False,candidate_unverified,copy_528f1f44731c,2024-01-17,12:31,beritajatim,"[""disruption_candidate"", ""response_query""]",beritajatim,train,1,Petani Ngawi Serbu Pupuk Murah di Gudang Sidokerto,https://beritajatim.com/petani-ngawi-serbu-pupuk-murah-di-gudang-sidokerto
ann_8661bc85dd0b,3373,False,"[""broad_food"", ""corn"", ""rice"", ""wheat""]","[""SupplyShortage""]","[""nganjuk""]","[""ReserveRelease""]",False,candidate_unverified,copy_c40d8669ef5b,2026-05-16,21:15,bisnis,"[""disruption_candidate"", ""response_query""]",bisnis,test,1,Prabowo Sebut Banyak Negara Antre Beli Beras RI di Tengah Krisis Pangan Global,https://ekonomi.bisnis.com/read/20260516/12/1974167/prabowo-sebut-banyak-negara-antre-beli-beras-ri-di-tengah-krisis-pangan-global
ann_866df51e4dc0,2197,False,"[""broad_food"", ""rice""]","[""DisasterEvent""]","[""madiun"", ""nganjuk"", ""pamekasan"", ""surabaya""]",[],False,candidate_unverified,copy_9766fbd9f4f5,2021-03-12,20:29,beritajatim,"[""disruption_candidate""]",beritajatim,train,1,Forkas Jatim Salurkan Bantuan Beras Untuk Korban Bencana Alam,https://beritajatim.com/forkas-jatim-salurkan-bantuan-beras-untuk-korban-bencana-alam
ann_868ed2c1fbbd,1315,False,[],"[""DisasterEvent""]","[""banyuwangi""]",[],False,candidate_unverified,copy_fbbe6d070bd3,2023-01-21,16:33,beritajatim,"[""disruption_candidate""]",beritajatim,train,1,Satu Kampung di Macan Putih Banyuwangi Diterjang Banjir,https://beritajatim.com/satu-kampung-di-macan-putih-banyuwangi-diterjang-banjir
ann_86bff4281c28,3494,True,[],"[""SupplyShortage""]","[""surabaya""]","[""CrisisPreparednessAction""]",False,candidate_unverified,copy_8eb0ded1b3f5,2022-03-21,,kontan,"[""response_query""]",kontan,train,0,"Lanjutkan Ekspor, Darmi Bersaudara (KAYU) Mengirim 26 Kontainer Sejak Awal Tahun",https://investasi.kontan.co.id/news/lanjutkan-ekspor-darmi-bersaudara-kayu-mengirim-26-kontainer-sejak-awal-tahun
ann_86cd54f0ce2c,1287,False,[],"[""DisasterEvent""]","[""madiun"", ""nganjuk"", ""pacitan"", ""ponorogo""]",[],False,candidate_unverified,copy_75e599703136,2023-06-08,,kontan,"[""disruption_candidate""]",kontan,train,0,"BMKG Mencatat Gempa Magnitudo 6,0 di Yogyakarta, Jateng, sampai Jatim!",https://nasional.kontan.co.id/news/bmkg-mencatat-gempa-magnitudo-60-di-yogyakarta-jateng-sampai-jatim
ann_86d7fcc46387,2259,False,"[""rice""]","[""DisasterEvent"", ""ProductionDisruption""]","[""jombang""]",[],False,candidate_unverified,copy_bb7f1dd4b335,2026-01-15,13:03,kompas,"[""disruption_candidate""]",kompas_regional,test,1,"Sawah Terendam Banjir di Jombang Jatim Jadi Wisata Dadakan ""Berburu Senja"" Regional 15 Januari 2026",https://surabaya.kompas.com/read/2026/01/15/130315678/sawah-terendam-banjir-di-jombang-jatim-jadi-wisata-dadakan-berburu-senja
ann_86ec08b423f2,2126,False,"[""rice"", ""sugar""]","[""DisasterEvent"", ""ProductionDisruption""]","[""madiun"", ""magetan""]",[],False,candidate_unverified,copy_a1ed58f77193,2022-10-22,16:08,beritajatim,"[""disruption_candidate""]",beritajatim,train,1,"Sungai Ngelang Meluap, Padi dan Tebu 20 Hektar di Magetan Terancam Gagal Panen",https://beritajatim.com/sungai-ngelang-meluap-padi-dan-tebu-20-hektar-di-magetan-terancam-gagal-panen
ann_86f3f9c07d07,2016,False,[],"[""DisasterEvent""]","[""gresik""]",[],False,candidate_unverified,copy_e9e7d9529363,2025-08-27,20:25,kompas,"[""disruption_candidate""]",kompas_money,validation,1,Wamen ESDM Beri Sinyal Izin Ekspor Konsentrat Tembaga Tak Diperpanjang Money 27 Agustus 2025,https://money.kompas.com/read/2025/08/27/202501426/wamen-esdm-beri-sinyal-izin-ekspor-konsentrat-tembaga-tak-diperpanjang
ann_870c50ccbf59,2579,False,"[""broad_food""]","[""DisasterEvent""]","[""nganjuk""]","[""DistributionIntervention"", ""FoodAssistance""]",False,candidate_unverified,copy_2ff4f50b9252,2021-02-28,08:46,kompas,"[""disruption_candidate""]",kompas_regional,train,1,Relokasi Korban Longsor Nganjuk Harus Pertimbangkan Aspek Sosial-Budaya News 28 Februari 2021,https://regional.kompas.com/read/2021/02/28/08462641/relokasi-korban-longsor-nganjuk-harus-pertimbangkan-aspek-sosial-budaya
ann_8724f43a2549,1754,False,[],"[""DisasterEvent""]","[""lumajang"", ""malang"", ""surabaya""]","[""CrisisPreparednessAction"", ""DistributionIntervention""]",False,candidate_unverified,copy_62296b81270d,2021-12-05,16:25,detik,"[""disruption_candidate"", ""response_query""]",detik_finance,train,1,"Semeru Erupsi, Pasokan BBM dan Elpiji Aman?",https://finance.detik.com/energi/d-5841530/semeru-erupsi-pasokan-bbm-dan-elpiji-aman
ann_872688b31261,1540,False,"[""broad_food"", ""rice""]","[""PestDiseaseEvent""]","[""sumenep""]",[],False,candidate_unverified,copy_6fa84183e5d1,2021-06-26,16:25,beritajatim,"[""disruption_candidate""]",beritajatim,train,1,Ribuan Warga Sumenep Vaksinasi di Polres Dapat Sembako,https://beritajatim.com/ribuan-warga-sumenep-vaksinasi-di-polres-dapat-sembako
ann_873b69fc1fab,1733,False,"[""beef"", ""buffalo_meat""]","[""PestDiseaseEvent""]","[""malang""]","[""ImportExportAction""]",False,candidate_unverified,copy_1762285d8640,2022-05-28,17:29,beritajatim,"[""disruption_candidate""]",beritajatim,train,1,Kepala BPN: Wabah PMK Tak Pengaruhi Pasokan Daging,https://beritajatim.com/kepala-bpn-wabah-pmk-tak-pengaruhi-pasokan-daging
ann_87dfb73d223e,2054,True,"[""cooking_oil"", ""rice"", ""sugar"", ""wheat""]","[""WeatherDisruption""]","[""banyuwangi""]","[""CrisisPreparednessAction"", ""MarketOperationAction""]",False,candidate_unverified,copy_fe02bc75653f,2024-02-21,20:15,beritajatim,"[""disruption_candidate""]",beritajatim,train,1,Inilah Penyebab Harga Beras Mahal di Banyuwangi,https://beritajatim.com/inilah-penyebab-harga-beras-mahal-di-banyuwangi
ann_87e9ad13c041,3138,False,"[""broad_food""]","[""DisasterEvent""]","[""jember""]","[""CrisisPreparednessAction""]",False,candidate_unverified,copy_70404037dfd8,2026-03-11,12:56,beritajatim,"[""disruption_candidate"", ""response_query""]",beritajatim,test,1,"Januari Hingga Awal Maret 2026, Jember Dilanda 146 Kali Bencana",https://beritajatim.com/januari-hingga-awal-maret-2026-jember-dilanda-146-kali-bencana
ann_87f6ec107af9,1199,False,[],"[""DisasterEvent""]","[""malang""]",[],False,candidate_unverified,copy_c2b06107385c,2024-12-02,21:45,detik,"[""disruption_candidate""]",detik_news,train,1,Kapolres Malang Pimpin Pembagian Makanan Bergizi ke Pelajar Terdampak Banjir,https://news.detik.com/berita/d-7667889/kapolres-malang-pimpin-pembagian-makanan-bergizi-ke-pelajar-terdampak-banjir
ann_880934fc8357,1975,False,[],"[""DisasterEvent""]","[""banyuwangi"", ""jember""]",[],False,candidate_unverified,copy_0310f0de7f4a,2022-11-06,23:13,beritajatim,"[""disruption_candidate""]",beritajatim,train,1,"Tebing Longsor, Jalur Banyuwangi-Jember via Gumitir Hanya Bisa Dilewati Sepeda Motor",https://beritajatim.com/tebing-longsor-jalur-banyuwangi-jember-via-gumitir-hanya-bisa-dilewati-sepeda-motor
ann_880ed4fbaeed,1682,False,[],"[""DisasterEvent""]","[""jember""]",[],False,candidate_unverified,copy_4629b4d5c9f2,2022-01-10,12:34,kompas,"[""disruption_candidate""]",kompas_regional,train,1,"Korban Meninggal akibat Banjir Jember Bertambah Jadi 3 Orang, 2 di Antaranya Suami Istri Regional 10 Januari 2022",https://surabaya.kompas.com/read/2022/01/10/123409778/korban-meninggal-akibat-banjir-jember-bertambah-jadi-3-orang-2-di-antaranya
ann_8828b0740e02,2579,False,"[""broad_food""]","[""DisasterEvent""]","[""mojokerto"", ""sidoarjo""]",[],False,candidate_unverified,copy_b9718702ae81,2025-04-06,18:19,beritajatim,"[""disruption_candidate""]",beritajatim,validation,1,Mensos Gus Ipul Serahkan Santunan Korban Longsor di Mojokerto,https://beritajatim.com/mensos-gus-ipul-serahkan-santunan-korban-longsor-di-mojokerto
ann_8869c3f2618b,1447,False,"[""broad_food""]","[""DisasterEvent"", ""WeatherDisruption""]","[""sumenep""]",[],False,candidate_unverified,copy_0626f70c6ca3,2021-04-03,23:16,detik,"[""disruption_candidate""]",detik_news,train,1,"Pastikan Pengobatan dan Bantuan, Bupati Sumenep Kunjungi Korban Puting Beliung",https://news.detik.com/berita-jawa-timur/d-5519122/pastikan-pengobatan-dan-bantuan-bupati-sumenep-kunjungi-korban-puting-beliung
ann_887da368d01d,2909,False,"[""rice""]","[""DisasterEvent""]","[""banyuwangi"", ""bojonegoro"", ""jember"", ""magetan""]",[],False,candidate_unverified,copy_4ce0dd6543ec,2022-07-25,22:12,kompas,"[""disruption_candidate""]",kompas_money,train,1,"Buwas Mau Ubah Citra Negatif Bulog, Tak Lagi Jual Beras Kutu, Kini Jual Beras Premium Money 25 Juli 2022",https://money.kompas.com/read/2022/07/25/221242826/buwas-mau-ubah-citra-negatif-bulog-tak-lagi-jual-beras-kutu-kini-jual-beras
ann_887e7148635d,1197,False,[],"[""DisasterEvent""]","[""ngawi""]",[],False,candidate_unverified,copy_ef20ea8f766e,2021-02-19,23:09,detik,"[""disruption_candidate""]",detik_news,train,1,Dua Titik di Lereng Gunung Lawu Ngawi Rawan Longsor,https://news.detik.com/berita-jawa-timur/d-5388362/dua-titik-di-lereng-gunung-lawu-ngawi-rawan-longsor
ann_889151cc3c23,2696,False,"[""broad_food"", ""rice""]","[""DisasterEvent"", ""WeatherDisruption""]","[""lamongan""]","[""DistributionIntervention"", ""FoodAssistance""]",False,candidate_unverified,copy_8e51aeba4cc9,2026-03-12,16:26,beritajatim,"[""disruption_candidate""]",beritajatim,test,1,"Banjir Bengawan Jero, Pemkab Lamongan Salurkan 54 Ton Beras dan 9.700 Paket Sembako",https://beritajatim.com/banjir-bengawan-jero-pemkab-lamongan-salurkan-54-ton-beras-dan-9-700-paket-sembako
ann_889bb62f4788,2397,False,"[""rice""]","[""WeatherDisruption""]",[],"[""DistributionIntervention"", ""ProcurementAction""]",False,candidate_unverified,copy_cc8a0e2b99a7,2024-02-24,19:00,detik,"[""disruption_candidate"", ""response_query""]",detik_finance,train,1,Lumbung Pangan RI di Sulsel Pasok Beras ke Jatim hingga Maluku,https://finance.detik.com/berita-ekonomi-bisnis/d-7209456/lumbung-pangan-ri-di-sulsel-pasok-beras-ke-jatim-hingga-maluku
ann_88a9c0771759,2092,False,"[""beef"", ""broad_food"", ""chicken_eggs"", ""chicken_meat"", ""chili"", ""garlic"", ""rice"", ""shallot"", ""wheat""]","[""SupplyShortage""]","[""malang""]","[""InspectionEnforcement""]",False,candidate_unverified,copy_2b5779b785cc,2025-03-27,07:06,beritajatim,"[""disruption_candidate"", ""response_query""]",beritajatim,validation,1,Wali Kota Malang Pastikan Stok Bahan Pokok Aman Selama Lebaran,https://beritajatim.com/wali-kota-malang-pastikan-stok-bahan-pokok-aman-selama-lebaran
ann_88c50f54b874,1999,False,"[""broad_food"", ""rice""]","[""PestDiseaseEvent""]","[""bojonegoro""]",[],False,candidate_unverified,copy_eec1aa52ac3c,2025-07-31,13:26,beritajatim,"[""disruption_candidate""]",beritajatim,validation,1,"Wabup Bojonegoro Lepas Burung Hantu di Desa Nguken, Solusi Ramah Lingkungan Atasi Hama Tikus",https://beritajatim.com/wabup-bojonegoro-lepas-burung-hantu-di-desa-nguken-solusi-ramah-lingkungan-atasi-hama-tikus
ann_88c56f6c54a3,5190,False,"[""broad_food"", ""chicken_eggs"", ""chicken_meat"", ""chili"", ""rice"", ""shallot"", ""sugar""]","[""WeatherDisruption""]","[""kediri""]","[""DistributionIntervention"", ""InspectionEnforcement"", ""MarketOperationAction"", ""OtherResponseAction""]",False,candidate_unverified,copy_2240c720fa66,2023-12-06,22:30,beritajatim,"[""disruption_candidate""]",beritajatim,train,1,Pj Wakot Kediri Arahkan Pengendalian Inflasi pada HLM TPID,https://beritajatim.com/pj-wakot-kediri-arahkan-pengendalian-inflasi-pada-hlm-tpid
ann_88cb9dfd7c2f,1031,False,[],"[""DisasterEvent""]","[""blitar"", ""lumajang""]",[],False,candidate_unverified,copy_a0b331703dc2,2021-05-21,23:27,detik,"[""disruption_candidate""]",detik_news,train,1,"3 Rumah di Lumajang Rusak Berat Hingga Ambruk Dampak Gempa Blitar M 5,9",https://news.detik.com/berita-jawa-timur/d-5578255/3-rumah-di-lumajang-rusak-berat-hingga-ambruk-dampak-gempa-blitar-m-5-9
ann_88dc7891f02d,5395,False,[],"[""SupplyShortage""]","[""gresik"", ""magetan"", ""ngawi"", ""pacitan"", ""ponorogo"", ""trenggalek""]","[""CrisisPreparednessAction"", ""InspectionEnforcement"", ""OtherResponseAction""]",False,candidate_unverified,copy_13995bc9b184,2022-06-22,,kontan,"[""disruption_candidate"", ""response_query""]",kontan,train,0,"Pupuk Langka dan Mahal, Ibas Desak Pupuk Holding Beri Solusi Bagi Petani",https://regional.kontan.co.id/news/pupuk-langka-dan-mahal-ibas-desak-pupuk-holding-beri-solusi-bagi-petani
ann_896031c7d4a7,1765,False,[],"[""DisasterEvent""]","[""bondowoso""]","[""CrisisPreparednessAction""]",False,candidate_unverified,copy_eef548f87b1c,2025-07-13,07:47,beritajatim,"[""response_query""]",beritajatim,validation,1,"Gudang Penyimpanan Bekatul di Sukosari Bondowoso Terbakar, Kerugian Capai Rp200 Juta",https://beritajatim.com/gudang-penyimpanan-bekatul-di-sukosari-bondowoso-terbakar-kerugian-capai-rp200-juta
ann_8974d53a9837,1820,False,"[""broad_food"", ""fish"", ""rice""]","[""DisasterEvent""]","[""blitar""]",[],False,candidate_unverified,copy_39c7da109616,2022-04-20,12:45,kompas,"[""disruption_candidate""]",kompas_regional,train,1,"Sungai Meluap, Puluhan Rumah dan Hasil Panen Padi Warga Blitar Terendam Banjir Regional 20 April 2022",https://surabaya.kompas.com/read/2022/04/20/124546778/sungai-meluap-puluhan-rumah-dan-hasil-panen-padi-warga-blitar-terendam
ann_8a03b42a5e79,1694,False,[],"[""DisasterEvent""]","[""bondowoso""]",[],False,candidate_unverified,copy_975e9946b33d,2025-12-17,12:21,kompas,"[""disruption_candidate""]",kompas_regional,validation,1,Warga Gunungsari Bondowoso Jatim Masih Kesulitan Air Bersih Imbas Banjir Regional 17 Desember 2025,https://surabaya.kompas.com/read/2025/12/17/122122578/warga-gunungsari-bondowoso-jatim-masih-kesulitan-air-bersih-imbas-banjir
ann_8a1cd5a986e4,1512,False,"[""chili""]","[""ProductionDisruption""]","[""kediri"", ""lamongan"", ""tuban""]",[],False,candidate_unverified,copy_b4aa3ee46589,2024-07-08,,kontan,"[""disruption_candidate""]",kontan,train,0,Kementan Beberkan Alasan Harga Cabai Naik,https://nasional.kontan.co.id/news/kementan-beberkan-alasan-harga-cabai-naik
ann_8a5be01af3b1,3022,False,[],"[""SupplyShortage""]","[""surabaya""]",[],False,candidate_unverified,copy_ddf2f28bef9f,2022-09-26,19:54,kompas,"[""disruption_candidate""]",kompas_regional,train,1,"Vaksin Meningitis Langka, Travel Haji dan Umrah Pekanbaru: Mau Beribadah Saja Susah Regional 26 September 2022",https://regional.kompas.com/read/2022/09/26/195427778/vaksin-meningitis-langka-travel-haji-dan-umrah-pekanbaru-mau-beribadah-saja
ann_8aaaba4b5489,1265,False,[],"[""DisasterEvent""]","[""bojonegoro"", ""kediri"", ""sampang""]","[""CrisisPreparednessAction""]",False,candidate_unverified,copy_f2b187e53b9e,2025-05-19,16:23,beritajatim,"[""response_query""]",beritajatim,validation,1,Sebanyak 1.289 KK Terdampak Banjir di Sampang,https://beritajatim.com/sebanyak-1-289-kk-terdampak-banjir-di-sampang
ann_8aadb7efbb67,2373,False,[],"[""DisasterEvent""]","[""gresik"", ""lamongan"", ""mojokerto"", ""pasuruan"", ""sidoarjo"", ""surabaya""]",[],False,candidate_unverified,copy_58ba4a66e78c,2023-06-19,22:29,beritajatim,"[""disruption_candidate""]",beritajatim,train,1,"Gempa Bumi Guncang Mojokerto, Masyarakat Dihimbau Tetap Tenang",https://beritajatim.com/gempa-bumi-guncang-mojokerto-masyarakat-dihimbau-tetap-tenang
ann_8aba4a0b5d00,3426,False,"[""broad_food"", ""rice"", ""sugar""]","[""DisasterEvent""]","[""sidoarjo"", ""surabaya""]",[],False,candidate_unverified,copy_f002c549f7a6,2025-08-16,14:47,beritajatim,"[""disruption_candidate""]",beritajatim,validation,1,"Konvoi VW Klasik Surabaya-Sidoarjo Bagikan 320 Sembako, Warga Haru hingga Menangis",https://beritajatim.com/konvoi-vw-klasik-surabaya-sidoarjo-bagikan-320-sembako-warga-haru-hingga-menangis
ann_8abeb7eb0993,5681,False,[],"[""PestDiseaseEvent""]","[""malang""]","[""ProcurementAction""]",False,candidate_unverified,copy_076d52a91ecf,2022-10-20,21:17,detik,"[""disruption_candidate"", ""response_query""]",detik_finance,train,1,Menkop Dorong KAN Jabung di Malang Genjot Produksi Susu Segar,https://finance.detik.com/berita-ekonomi-bisnis/d-6360225/menkop-dorong-kan-jabung-di-malang-genjot-produksi-susu-segar
ann_8ac623e7e390,2331,False,"[""sugar""]","[""SupplyShortage""]",[],"[""ImportExportAction""]",False,candidate_unverified,copy_cf840ccb4bd0,2021-04-01,16:24,kompas,"[""disruption_candidate""]",kompas_money,train,1,"Tekan Ketergantungan Impor Gula, RNI Revitalisasi Pabrik dan Perluas Lahan Tebu Money 1 April 2021",https://money.kompas.com/read/2021/04/01/162401726/tekan-ketergantungan-impor-gula-rni-revitalisasi-pabrik-dan-perluas-lahan-tebu
ann_8ac856c16cf8,3269,False,"[""broad_food""]","[""DisasterEvent""]","[""lumajang""]",[],False,candidate_unverified,copy_1790cc76c001,2022-07-07,17:02,beritajatim,"[""disruption_candidate""]",beritajatim,train,1,United Tractors Group Berikan Harapan Dengan Membuatkan Rumah Untuk Warga Korban Erupsi Lumajang,https://beritajatim.com/united-tractors-group-berikan-harapan-dengan-membuatkan-rumah-untuk-warga-korban-erupsi-lumajang
ann_8adb7b0cee56,1710,False,[],"[""DisasterEvent"", ""WeatherDisruption""]",[],[],False,candidate_unverified,copy_06ca82aca11e,2021-09-14,12:30,kompas,"[""disruption_candidate""]",kompas_nasional,train,1,"Banten, DKI, Jabar, Jatim Siaga Cuaca Ekstrem, Berpotensi Banjir hingga Tanah Longsor News 14 September 2021",https://nasional.kompas.com/read/2021/09/14/12301211/banten-dki-jabar-jatim-siaga-cuaca-ekstrem-berpotensi-banjir-hingga-tanah
ann_8ae05ca1eb8b,2096,False,[],"[""DisasterEvent""]","[""gresik""]","[""DistributionIntervention""]",False,candidate_unverified,copy_0f5db2d00ac7,2025-11-19,20:27,beritajatim,"[""disruption_candidate""]",beritajatim,validation,1,"Banjir di Menganti Gresik Semakin Parah, Ratusan Rumah Masih Tergenang",https://beritajatim.com/banjir-di-menganti-gresik-semakin-parah-ratusan-rumah-masih-tergenang
ann_8ae073832c5c,1776,False,[],"[""DisasterEvent""]","[""kediri""]",[],False,candidate_unverified,copy_a1c4cefd53df,2022-11-08,12:44,kompas,"[""disruption_candidate""]",kompas_regional,train,1,Pabrik Rokok PT Gudang Garam di Kediri Terbakar Regional 8 November 2022,https://surabaya.kompas.com/read/2022/11/08/124438678/pabrik-rokok-pt-gudang-garam-di-kediri-terbakar
ann_8af001da4905,1388,True,[],"[""DisasterEvent""]","[""blitar"", ""lumajang"", ""malang""]","[""CrisisPreparednessAction""]",False,candidate_unverified,copy_cdd9b88a3583,2021-04-11,07:11,kompas,"[""disruption_candidate""]",kompas_regional,train,1,Pemkab Malang Tetapkan Status Tanggap Darurat Bencana Gempa Regional 11 April 2021,https://regional.kompas.com/read/2021/04/11/071133778/pemkab-malang-tetapkan-status-tanggap-darurat-bencana-gempa
ann_8b03a01227cb,3089,False,[],"[""DisasterEvent"", ""WeatherDisruption""]","[""magetan""]",[],False,candidate_unverified,copy_6def68f0803c,2025-11-12,18:57,beritajatim,"[""disruption_candidate""]",beritajatim,validation,1,"Seorang Lansia Luka Akibat Longsor di Panekan, BPBD Magetan Imbau Warga Waspada Cuaca Ekstrem",https://beritajatim.com/seorang-lansia-luka-akibat-longsor-di-panekan-bpbd-magetan-imbau-warga-waspada-cuaca-ekstrem
ann_8b148ac443ec,2298,False,[],"[""SupplyShortage""]","[""gresik""]",[],False,candidate_unverified,copy_46d1ff3bdeb7,2022-03-30,,kontan,"[""disruption_candidate""]",kontan,train,0,Kemenperin Beberkan Kendala Pasokan Batubara untuk Industri Semen,https://industri.kontan.co.id/news/kemenperin-beberkan-kendala-pasokan-batubara-untuk-industri-semen
ann_8b684493148d,1263,False,[],"[""DisasterEvent""]","[""probolinggo"", ""situbondo""]",[],False,candidate_unverified,copy_ea38b7ce4a9c,2022-05-26,23:48,beritajatim,"[""disruption_candidate""]",beritajatim,train,1,"Banjir, Puluhan Personel Polres Probolinggo Atur Lalin di Jalur Pantura",https://beritajatim.com/banjir-puluhan-personel-polres-probolinggo-atur-lalin-di-jalur-pantura
ann_8b7654dca872,1785,False,[],"[""DisasterEvent""]","[""malang""]",[],False,candidate_unverified,copy_6af62de7e60a,2024-06-29,13:53,kompas,"[""disruption_candidate""]",kompas_regional,train,1,"Kebakaran Tempat Gym dan Spa di Kota Malang, Kerugian Capai Rp 1 Miliar Regional 29 Juni 2024",https://surabaya.kompas.com/read/2024/06/29/135314678/kebakaran-tempat-gym-dan-spa-di-kota-malang-kerugian-capai-rp-1-miliar
ann_8b82c942452e,1626,False,[],"[""DisasterEvent""]","[""lumajang"", ""malang""]",[],False,candidate_unverified,copy_caeb35a4df0b,2022-12-04,22:24,beritajatim,"[""disruption_candidate""]",beritajatim,train,1,Dandim 0818 Malang-Batu: Selamatkan Masyarakat di Kawasan Rawan Erupsi Semeru,https://beritajatim.com/dandim-0818-malang-batu-selamatkan-masyarakat-di-kawasan-rawan-erupsi-semeru
ann_8bd1f5b21509,2898,True,[],"[""DisasterEvent""]","[""ponorogo""]","[""CrisisPreparednessAction""]",False,candidate_unverified,copy_9b0da4426e64,2026-01-04,20:28,beritajatim,"[""response_query""]",beritajatim,test,1,"Kebakaran di RSUD dr Harjono Ponorogo, Titik Api dari Gudang Farmasi",https://beritajatim.com/kebakaran-di-rsud-dr-harjono-ponorogo-titik-api-dari-gudang-farmasi
ann_8bd547ad0b43,1947,False,"[""broad_food"", ""chili""]","[""PestDiseaseEvent"", ""SupplyShortage""]","[""bondowoso"", ""lumajang""]","[""InspectionEnforcement""]",False,candidate_unverified,copy_3cdbcd5c3063,2025-10-14,12:26,beritajatim,"[""disruption_candidate""]",beritajatim,validation,1,Pemkab Lumajang Bentuk Cluster Pertanian Cabai untuk Kendalikan Harga dan Jaga Kualitas Panen,https://beritajatim.com/pemkab-lumajang-bentuk-cluster-pertanian-cabai-untuk-kendalikan-harga-dan-jaga-kualitas-panen
ann_8c58e655100a,2114,False,[],"[""DisasterEvent""]","[""pamekasan"", ""surabaya""]","[""DistributionIntervention""]",False,candidate_unverified,copy_66385bac092e,2025-11-04,21:11,kompas,"[""response_query""]",kompas_regional,validation,1,"14 Rumah Rusak akibat Angin Kencang di Pamekasan, Korban Belum Terima Bantuan Regional 4 November 2025",https://surabaya.kompas.com/read/2025/11/04/211159278/14-rumah-rusak-akibat-angin-kencang-di-pamekasan-korban-belum-terima
ann_8c6ef871df77,2575,False,[],"[""SupplyShortage""]","[""bojonegoro"", ""ngawi""]","[""OtherResponseAction""]",False,candidate_unverified,copy_7aa2c5bbfd59,2021-10-12,20:13,beritajatim,"[""disruption_candidate""]",beritajatim,train,1,Bahan Bakar Solar di SPBU Bojonegoro Langka,https://beritajatim.com/bahan-bakar-solar-di-spbu-bojonegoro-langka
ann_8ca7802878e2,1470,False,[],"[""DisasterEvent""]","[""blitar"", ""lumajang"", ""malang"", ""nganjuk"", ""pacitan"", ""trenggalek""]",[],False,candidate_unverified,copy_a18f3de0b76f,2021-04-11,,kontan,"[""disruption_candidate""]",kontan,train,0,"Gempa bermagnitudo 5,5 kembali guncang Malang pada pagi hari ini",https://regional.kontan.co.id/news/gempa-bermagnitudo-55-kembali-guncang-malang-pada-pagi-hari-ini
ann_8cd2b46a48ce,1467,False,[],"[""DisasterEvent""]","[""magetan""]",[],False,candidate_unverified,copy_4e002b7a824d,2025-11-10,17:37,beritajatim,"[""disruption_candidate""]",beritajatim,validation,1,1 Orang Meninggal Tertimbun Longsor di Jalur Gonggang-Pocol Magetan,https://beritajatim.com/1-orang-meninggal-tertimbun-longsor-di-jalur-gonggang-pocol-magetan
ann_8cd5892748ad,2309,False,"[""broad_food"", ""buffalo_meat""]","[""PestDiseaseEvent""]","[""sumenep""]",[],False,candidate_unverified,copy_a0f82a2d56cb,2022-05-25,16:50,kompas,"[""disruption_candidate""]",kompas_regional,train,1,"Antisipasi Penularan Wabah PMK, Pemkab Sumenep Buka Layanan Pengaduan Regional 25 Mei 2022",https://surabaya.kompas.com/read/2022/05/25/165033478/antisipasi-penularan-wabah-pmk-pemkab-sumenep-buka-layanan-pengaduan
ann_8cf38ffbcaa4,2967,False,[],"[""DisasterEvent"", ""WeatherDisruption""]","[""gresik"", ""malang"", ""surabaya""]",[],False,candidate_unverified,copy_635a786ae2f9,2021-11-08,21:23,kompas,"[""disruption_candidate""]",kompas_regional,train,1,"Tinjau Banjir di Gresik, Wagub Emil Dardak Sebut Normalisasi Kali Lamong Dilakukan Bertahap Regional 8 November 2021",https://regional.kompas.com/read/2021/11/08/212339678/tinjau-banjir-di-gresik-wagub-emil-dardak-sebut-normalisasi-kali-lamong
ann_8d16bc46b18d,1246,False,[],"[""DisasterEvent""]","[""trenggalek"", ""tulungagung""]",[],False,candidate_unverified,copy_17254315ae5d,2022-10-19,12:25,beritajatim,"[""disruption_candidate""]",beritajatim,train,1,"Update Banjir Trenggalek, Pusat Kota Surut, Air Bergeser ke Timur",https://beritajatim.com/update-banjir-trenggalek-pusat-kota-surut-air-bergeser-ke-timur
ann_8d26863b7ca0,2555,False,"[""broad_food""]","[""WeatherDisruption""]","[""bojonegoro"", ""gresik"", ""lamongan"", ""ngawi"", ""tuban""]",[],False,candidate_unverified,copy_b2300bb5cdb5,2026-04-08,,kontan,"[""disruption_candidate""]",kontan,test,0,Petrokimia Gresik Bantu Dorong Produktivitas dan Pendapatan Petani Melon Pantura,https://industri.kontan.co.id/news/petrokimia-gresik-bantu-dorong-produktivitas-dan-pendapatan-petani-melon-pantura
ann_8d36c4554f79,1673,False,[],"[""DisasterEvent""]","[""lumajang""]",[],False,candidate_unverified,copy_f8ec90d56de6,2025-09-16,14:10,beritajatim,"[""disruption_candidate""]",beritajatim,validation,1,BPBD Lumajang Petakan Enam Wilayah Rawan Banjir Lahar Akibat Kemarau Basah,https://beritajatim.com/bpbd-lumajang-petakan-enam-wilayah-rawan-banjir-lahar-akibat-kemarau-basah
ann_8d3ba9982c99,2170,False,[],"[""DisasterEvent""]","[""batu"", ""malang"", ""mojokerto"", ""pasuruan""]",[],False,candidate_unverified,copy_4c8f5465ad41,2023-09-07,19:42,kompas,"[""disruption_candidate""]",kompas_regional,train,1,Polres Malang Periksa 3 Saksi Terkait Penyebab Kebakaran Hutan Gunung Arjuno Regional 7 September 2023,https://surabaya.kompas.com/read/2023/09/07/194228578/polres-malang-periksa-3-saksi-terkait-penyebab-kebakaran-hutan-gunung
ann_8d50c2cf0a6e,2624,False,[],"[""DisasterEvent"", ""WeatherDisruption""]","[""lumajang""]","[""CrisisPreparednessAction""]",False,candidate_unverified,copy_d45b4283417d,2025-11-02,14:52,kompas,"[""disruption_candidate"", ""response_query""]",kompas_regional,validation,1,"Bencana Melanda 8 Kecamatan, Pemkab Lumajang Tetapkan Status Tanggap Darurat 7 Hari Regional 2 November 2025",https://regional.kompas.com/read/2025/11/02/145200078/bencana-melanda-8-kecamatan-pemkab-lumajang-tetapkan-status-tanggap-darurat
ann_8d6fd296b34a,1971,False,[],"[""DisasterEvent"", ""WeatherDisruption""]","[""kediri""]",[],False,candidate_unverified,copy_0e217db1d548,2025-05-17,13:50,kompas,"[""disruption_candidate""]",kompas_regional,validation,1,"Cuaca Ekstrem di Kediri, Seorang Nenek Hilang Terseret Banjir Bersama 11 Ekor Kambing Regional 17 Mei 2025",https://surabaya.kompas.com/read/2025/05/17/135046578/cuaca-ekstrem-di-kediri-seorang-nenek-hilang-terseret-banjir-bersama-11
ann_8d7f71aa1c21,2426,False,"[""broad_food""]","[""DisasterEvent""]","[""surabaya""]","[""CrisisPreparednessAction"", ""DistributionIntervention""]",False,candidate_unverified,copy_87c5dcdccc18,2026-01-02,18:46,beritajatim,"[""response_query""]",beritajatim,test,1,Muhammadiyah Jatim Berangkatkan 2 Truk Logistik ke Aceh dan Sumut,https://beritajatim.com/muhammadiyah-jatim-berangkatkan-2-truk-logistik-ke-aceh-dan-sumut
ann_8d91c51c436b,3988,False,"[""corn"", ""rice"", ""sugar"", ""wheat""]","[""WeatherDisruption""]","[""surabaya""]",[],False,candidate_unverified,copy_ad4a178f721c,2022-08-12,04:43,beritajatim,"[""disruption_candidate""]",beritajatim,train,1,Kandungan Nutrisi dan Manfaat Sorgum yang Bisa Jadi Alternatif Gandum,https://beritajatim.com/kandungan-nutrisi-dan-manfaat-sorgum-yang-bisa-jadi-alternatif-gandum
ann_8da253d23230,2780,False,"[""broad_food"", ""fish"", ""rice""]","[""PestDiseaseEvent"", ""ProductionDisruption""]","[""ponorogo""]","[""CrisisPreparednessAction"", ""DistributionIntervention"", ""FoodAssistance""]",False,candidate_unverified,copy_2b86c8454dbd,2025-07-15,16:40,beritajatim,"[""response_query""]",beritajatim,validation,1,Pemkab Ponorogo dan Kementan Gelar Penyemprotan Serentak Tanggulangi Wereng,https://beritajatim.com/pemkab-ponorogo-dan-kementan-gelar-penyemprotan-serentak-tanggulangi-wereng
ann_8da8dc4d9dde,2136,False,"[""beef""]","[""DisasterEvent""]","[""probolinggo""]",[],False,candidate_unverified,copy_4700deff2506,2023-12-05,08:57,kompas,"[""disruption_candidate""]",kompas_regional,train,1,"Kebakaran Pasar Leces di Probolinggo, Diduga Korsleting dan Kesaksian Pedagang Regional 5 Desember 2023",https://yogyakarta.kompas.com/read/2023/12/05/085716878/kebakaran-pasar-leces-di-probolinggo-diduga-korsleting-dan-kesaksian
ann_8db710506d76,1220,False,[],"[""DisasterEvent""]","[""ponorogo""]",[],False,candidate_unverified,copy_dd1dc190cfe0,2021-04-25,22:00,detik,"[""disruption_candidate""]",detik_news,train,1,Tengkorak Kepala Manusia Ditemukan Diduga Korban Longsor Ponorogo,https://news.detik.com/berita-jawa-timur/d-5546183/tengkorak-kepala-manusia-ditemukan-diduga-korban-longsor-ponorogo
ann_8de807c6929d,1932,False,[],"[""DisasterEvent"", ""WeatherDisruption""]","[""banyuwangi"", ""bojonegoro"", ""jember"", ""jombang"", ""mojokerto"", ""pacitan"", ""pasuruan"", ""ponorogo"", ""probolinggo"", ""surabaya"", ""trenggalek""]",[],False,candidate_unverified,copy_1b0af777c766,2025-12-16,06:10,kompas,"[""disruption_candidate""]",kompas_regional,validation,1,"Antisipasi Banjir dan Longsor, BPBD Jatim Pasang EWS Baru di Enam Daerah Regional 16 Desember 2025",https://surabaya.kompas.com/read/2025/12/16/061027178/antisipasi-banjir-dan-longsor-bpbd-jatim-pasang-ews-baru-di-enam-daerah
ann_8e19bfd906a4,1371,False,[],"[""DisasterEvent""]","[""magetan""]",[],False,candidate_unverified,copy_d49dc5f8f1f0,2022-02-02,10:10,kompas,"[""disruption_candidate""]",kompas_regional,train,1,"Hujan Deras dan Angin Kencang di Magetan, 1 Rumah Roboh dan 3 Orang Terluka Regional 2 Februari 2022",https://surabaya.kompas.com/read/2022/02/02/101006078/hujan-deras-dan-angin-kencang-di-magetan-1-rumah-roboh-dan-3-orang-terluka
ann_8e470f4e71d4,2537,False,[],"[""DisasterEvent""]","[""malang""]",[],False,candidate_unverified,copy_86e1dfed189e,2026-03-17,21:18,beritajatim,"[""disruption_candidate""]",beritajatim,test,1,"Kebakaran Ruko Laundry di Malang, Pemilik Meninggal dan Tiga Orang Luka Bakar",https://beritajatim.com/kebakaran-ruko-laundry-di-malang-pemilik-meninggal-dan-tiga-orang-luka-bakar
ann_8e6507c7c134,3728,False,[],"[""PestDiseaseEvent""]","[""gresik""]","[""OtherResponseAction""]",False,candidate_unverified,copy_93d8f566a3ba,2022-09-14,,kontan,"[""disruption_candidate""]",kontan,train,0,Pupuk Indonesia Hadirkan 2 Inovasi Produk Pupuk Non Subsidi,https://industri.kontan.co.id/news/pupuk-indonesia-hadirkan-2-inovasi-produk-pupuk-non-subsidi
ann_8e7f2540110e,1894,False,"[""buffalo_meat""]","[""PestDiseaseEvent""]",[],"[""CrisisPreparednessAction""]",False,candidate_unverified,copy_0fb05be86489,2022-05-17,,kontan,"[""disruption_candidate""]",kontan,train,0,"Kasus Penyakit Mulut dan Kuku Semakin Menyebar, Ini Harapan Peternak Sapi dan Kerbau",https://newssetup.kontan.co.id/news/kasus-penyakit-mulut-dan-kuku-semakin-menyebar-ini-harapan-peternak-sapi-dan-kerbau
ann_8e8de2325cd7,3452,False,"[""beef"", ""broad_food"", ""chicken_eggs"", ""chicken_meat"", ""cooking_oil"", ""rice"", ""sugar""]","[""DisasterEvent""]","[""blitar"", ""sidoarjo"", ""surabaya""]","[""InspectionEnforcement"", ""MarketOperationAction""]",False,candidate_unverified,copy_10009a35237e,2025-02-28,09:55,beritajatim,"[""disruption_candidate""]",beritajatim,validation,1,TPID Sidoarjo Siap Kendalikan Inflasi dan Stabilkan Harga Jelang Ramadhan 2025,https://beritajatim.com/tpid-sidoarjo-siap-kendalikan-inflasi-dan-stabilkan-harga-jelang-ramadhan-2025
ann_8e996063bf31,1845,True,[],"[""DisasterEvent""]","[""probolinggo"", ""surabaya""]","[""CrisisPreparednessAction"", ""InspectionEnforcement""]",False,candidate_unverified,copy_829894628713,2024-11-29,23:54,beritajatim,"[""disruption_candidate""]",beritajatim,train,1,"Siap Hadapi Nataru, Pertamina Lakukan Simulasi untuk Cegah Gangguan Pasokan",https://beritajatim.com/siap-hadapi-nataru-pertamina-lakukan-simulasi-untuk-cegah-gangguan-pasokan
ann_8ead36f0d2d9,2563,False,[],"[""DisasterEvent"", ""WeatherDisruption""]","[""banyuwangi"", ""jember"", ""pasuruan"", ""probolinggo"", ""surabaya""]",[],False,candidate_unverified,copy_6b9a5981b5c8,2025-12-04,14:43,kompas,"[""disruption_candidate""]",kompas_regional,validation,1,"Jelang Nataru, KAI Tingkatkan Pengamanan Jalur Daop 9 Jember Antisipasi Cuaca Ekstrem Regional 4 Desember 2025",https://surabaya.kompas.com/read/2025/12/04/144322878/jelang-nataru-kai-tingkatkan-pengamanan-jalur-daop-9-jember-antisipasi
ann_8ee81efa5fbe,2768,False,"[""broad_food""]","[""DisasterEvent""]","[""surabaya""]","[""FoodAssistance""]",False,candidate_unverified,copy_d7528e0f1683,2025-12-05,07:52,beritajatim,"[""disruption_candidate""]",beritajatim,validation,1,PT Pelni Kirimkan Bantuan Pangan ke Korban Banjir Sumatera,https://beritajatim.com/pt-pelni-kirimkan-bantuan-pangan-ke-korban-banjir-sumatera
ann_8ef7327d89bf,3329,False,"[""sugar""]","[""WeatherDisruption""]","[""jember"", ""situbondo""]","[""OtherResponseAction""]",False,candidate_unverified,copy_3ca833d0eb0d,2024-06-03,22:23,beritajatim,"[""response_query""]",beritajatim,train,1,"PT SGN Targetkan 1 Juta Ton Gula, Ini Tantangannya",https://beritajatim.com/pt-sgn-targetkan-1-juta-ton-gula-ini-tantangannya
ann_8efc74b28b50,4609,False,"[""broad_food"", ""rice""]","[""DisasterEvent""]",[],"[""DistributionIntervention"", ""FoodAssistance"", ""MarketOperationAction"", ""ReserveRelease""]",False,candidate_unverified,copy_67d68c55f81e,2024-02-15,,kontan,"[""response_query""]",kontan,train,0,Jokowi Minta Suplai Beras ke Pasar Terus Dilakukan,https://nasional.kontan.co.id/news/jokowi-minta-suplai-beras-ke-pasar-terus-dilakukan
ann_8f1d8346b5e2,1544,False,"[""rice""]","[""WeatherDisruption""]",[],"[""ProcurementAction""]",False,candidate_unverified,copy_452db5d133c7,2024-04-16,09:50,kompas,"[""disruption_candidate"", ""response_query""]",kompas_money,train,1,Bulog Serap 120.000 Ton Gabah Lokal Selama Libur Lebaran Money 16 April 2024,https://money.kompas.com/read/2024/04/16/095000926/bulog-serap-120.000-ton-gabah-lokal-selama-libur-lebaran
ann_8f32a0a24900,2213,False,"[""broad_food"", ""rice""]","[""DisasterEvent""]","[""lumajang""]","[""DistributionIntervention"", ""FoodAssistance""]",False,candidate_unverified,copy_c25d9541b36e,2025-07-31,15:41,kompas,"[""disruption_candidate""]",kompas_regional,validation,1,"Aliran Banjir Lahar Gunung Semeru Deras, Distribusi Sembako ke Warga Terisolir di Sumberlangsep Gunakan Alat Berat Regional 31 Juli 2025",https://surabaya.kompas.com/read/2025/07/31/154136478/aliran-banjir-lahar-gunung-semeru-deras-distribusi-sembako-ke-warga
ann_8fb2846c5415,5872,False,"[""broad_food"", ""cooking_oil"", ""rice""]","[""DisasterEvent""]","[""bondowoso"", ""surabaya""]","[""CrisisPreparednessAction""]",False,candidate_unverified,copy_2b6953843576,2023-02-13,15:37,beritajatim,"[""disruption_candidate""]",beritajatim,train,1,Khofifah Gerak Cepat Tangani Banjir Bondowoso,https://beritajatim.com/khofifah-gerak-cepat-tangani-banjir-bondowoso
ann_8fe255d1904e,2006,False,"[""broad_food""]","[""DisasterEvent""]","[""lamongan""]",[],False,candidate_unverified,copy_f3c8cf2a5d2e,2021-11-12,15:52,kompas,"[""disruption_candidate""]",kompas_regional,train,1,"Hujan Disertai Angin Kencang di Lamongan, Satu Rumah Roboh dan Sejumlah Pohon Tumbang Regional 12 November 2021",https://regional.kompas.com/read/2021/11/12/155253478/hujan-disertai-angin-kencang-di-lamongan-satu-rumah-roboh-dan-sejumlah
ann_8ffc585805a4,2124,False,[],"[""DisasterEvent""]","[""gresik""]",[],False,candidate_unverified,copy_5a15d791790b,2025-02-11,,kontan,"[""disruption_candidate""]",kontan,validation,0,"Freeport Ajukan Perpanjangan Ekspor Konsentrat Tembaga, Bahlil Minta Ini",https://industri.kontan.co.id/news/freeport-ajukan-perpanjangan-ekspor-konsentrat-tembaga-bahlil-minta-ini
ann_9018c2119fdd,6171,True,"[""fish"", ""rice""]","[""SupplyShortage""]","[""malang"", ""pacitan"", ""pasuruan"", ""surabaya""]","[""CrisisPreparednessAction"", ""DistributionIntervention"", ""InspectionEnforcement"", ""MarketOperationAction""]",False,candidate_unverified,copy_be16aab4dfc4,2022-09-02,10:42,beritajatim,"[""disruption_candidate""]",beritajatim,train,1,"Khofifah: Stok Pertamina Cukup, Masyarakat Jangan Panic Buying",https://beritajatim.com/khofifah-stok-pertamina-cukup-masyarakat-jangan-panic-buying
ann_904b9fa24ca5,3980,False,"[""fish""]","[""DisasterEvent""]","[""kediri"", ""nganjuk"", ""trenggalek""]",[],False,candidate_unverified,copy_0f4166aafc89,2021-06-10,17:06,detik,"[""disruption_candidate""]",detik_food,train,1,Di Warung KKB Bisa Makan Ikan Wader Hasil Pancingan di Tepi Sungai Brantas,https://food.detik.com/berita-boga/d-5600915/di-warung-kkb-bisa-makan-ikan-wader-hasil-pancingan-di-tepi-sungai-brantas
ann_904c61536d6a,1972,False,"[""rice"", ""shallot""]","[""PestDiseaseEvent""]","[""bojonegoro"", ""madiun"", ""nganjuk""]","[""ProcurementAction""]",False,candidate_unverified,copy_da0bde0c6884,2025-09-26,18:06,kompas,"[""disruption_candidate"", ""response_query""]",kompas_regional,validation,1,"Ditemui Gubernur Khofifah, Petani Madiun Keluhkan Harga Tomat Anjlok sampai Rp 2.000 Per Kg Regional 26 September 2025",https://surabaya.kompas.com/read/2025/09/26/180657678/ditemui-gubernur-khofifah-petani-madiun-keluhkan-harga-tomat-anjlok-sampai
ann_905d56212f4a,831,False,[],"[""DisasterEvent""]","[""trenggalek""]",[],False,candidate_unverified,copy_84862cf5e76c,2022-10-18,10:34,beritajatim,"[""disruption_candidate""]",beritajatim,train,1,"Trenggalek Dilanda Banjir, Ketinggian Air di Jalan Widyowati Capai 1 Meter",https://beritajatim.com/trenggalek-dilanda-banjir-ketinggian-air-di-jalan-widyowati-capai-1-meter
ann_9069dba8055d,1915,False,[],"[""DisasterEvent""]","[""gresik""]",[],False,candidate_unverified,copy_377f3070c540,2025-02-21,15:41,kompas,"[""disruption_candidate""]",kompas_money,validation,1,Pemerintah Beri Izin Freeport Ekspor Konsentrat Tembaga hingga Juni 2025 Money 21 Februari 2025,https://money.kompas.com/read/2025/02/21/154144926/pemerintah-beri-izin-freeport-ekspor-konsentrat-tembaga-hingga-juni-2025
ann_906fdb1a31fc,2016,False,"[""corn"", ""rice""]","[""WeatherDisruption""]",[],[],False,candidate_unverified,copy_5776356ba261,2023-11-20,,kontan,"[""disruption_candidate""]",kontan,train,0,"Terapkan Strategi Tanam Cepat, Kementan Siapkan Insentif Rp 5,8 Triliun",https://industri.kontan.co.id/news/terapkan-strategi-tanam-cepat-kementan-siapkan-insentif-rp-58-triliun
ann_9078962baa43,2830,True,"[""broad_food""]","[""DisasterEvent""]","[""lumajang"", ""malang""]","[""CrisisPreparednessAction"", ""DistributionIntervention"", ""FoodAssistance""]",False,candidate_unverified,copy_08415271418e,2021-04-12,,kontan,"[""disruption_candidate"", ""response_query""]",kontan,train,0,Bank Mandiri Salurkan Bantuan Untuk Korban Gempa Malang,https://kilaskorporasi.kontan.co.id/news/bank-mandiri-salurkan-bantuan-untuk-korban-gempa-malang
ann_9098d5535b5c,1690,False,"[""rice""]","[""WeatherDisruption""]",[],[],False,candidate_unverified,copy_84ca3008d1d5,2024-03-01,,kontan,"[""disruption_candidate""]",kontan,train,0,"Produksi Beras Nasional Turun 440.000 Ton Pada 2023, BPS: Terdampak El Nino",https://nasional.kontan.co.id/news/produksi-beras-nasional-turun-440000-ton-pada-2023-bps-terdampak-el-nino
ann_90a1a2c58b9e,2031,False,"[""rice""]","[""ProductionDisruption"", ""SupplyShortage"", ""WeatherDisruption""]","[""jombang""]",[],False,candidate_unverified,copy_bf936177d9fa,2023-10-09,18:38,kompas,"[""disruption_candidate""]",kompas_regional,train,1,"Terdampak Kekeringan, Ratusan Hektar Tanaman Padi di Jombang Terancam Gagal Panen Regional 9 Oktober 2023",https://surabaya.kompas.com/read/2023/10/09/183814278/terdampak-kekeringan-ratusan-hektar-tanaman-padi-di-jombang-terancam-gagal
ann_90b3ef80f9aa,1600,False,[],"[""DisasterEvent""]","[""nganjuk""]",[],False,candidate_unverified,copy_5d9ca1d74489,2021-02-14,23:41,detik,"[""disruption_candidate""]",detik_news,train,1,"Selain 20 Hilang, Longsor di Nganjuk Juga Lukai 14 Orang",https://news.detik.com/berita-jawa-timur/d-5373817/selain-20-hilang-longsor-di-nganjuk-juga-lukai-14-orang
ann_90b8d9f91f6b,1981,False,[],"[""WeatherDisruption""]","[""sampang""]","[""CrisisPreparednessAction""]",False,candidate_unverified,copy_fef44d6ef886,2026-04-29,21:08,beritajatim,"[""disruption_candidate""]",beritajatim,test,1,Musim Kemarau Panjang 2026 Diperkirakan Berdampak Lebih Besar di Kabupaten Sampang,https://beritajatim.com/musim-kemarau-panjang-2026-diperkirakan-berdampak-lebih-besar-di-kabupaten-sampang
ann_910d9f535e79,1217,False,[],"[""DisasterEvent""]","[""jember""]",[],False,candidate_unverified,copy_c6f8830a5bdf,2023-02-27,19:28,kompas,"[""disruption_candidate""]",kompas_regional,train,1,"91 Rumah di Jember Rusak akibat Puting Beliung, 3 Orang Terluka Regional 27 Februari 2023",https://surabaya.kompas.com/read/2023/02/27/192846578/91-rumah-di-jember-rusak-akibat-puting-beliung-3-orang-terluka
ann_910f76d08c4b,1948,False,[],"[""DisasterEvent""]","[""bondowoso"", ""situbondo""]",[],False,candidate_unverified,copy_1a171c478090,2025-04-18,17:17,kompas,"[""disruption_candidate""]",kompas_regional,validation,1,"Longsor di Situbondo Sebabkan 800 Warga Terisolasi 2 Bulan, Bupati: Terkendala Musim Hujan Regional 18 April 2025",https://surabaya.kompas.com/read/2025/04/18/171742778/longsor-di-situbondo-sebabkan-800-warga-terisolasi-2-bulan-bupati
ann_9147d60c3a85,2827,False,"[""rice""]","[""PestDiseaseEvent"", ""ProductionDisruption"", ""WeatherDisruption""]","[""jember""]",[],False,candidate_unverified,copy_95ae038cd168,2024-02-24,17:29,beritajatim,"[""disruption_candidate""]",beritajatim,train,1,Asosiasi Petani Pangan Jatim Tak Percaya Jember Panen 1 Juta Ton Padi,https://beritajatim.com/asosiasi-petani-pangan-jatim-tak-percaya-jember-panen-1-juta-ton-padi
ann_9148832ca767,2055,False,[],"[""DisasterEvent""]","[""lumajang""]","[""DistributionIntervention"", ""FoodAssistance""]",False,candidate_unverified,copy_88a8411be6cc,2025-12-11,09:10,kompas,"[""response_query""]",kompas_nasional,validation,1,"Mensos: Setiap Bencana, Dukungan Logistik Tidak Pernah Kurang, tapi... News 11 Desember 2025",https://nasional.kompas.com/read/2025/12/11/09102581/mensos-setiap-bencana-dukungan-logistik-tidak-pernah-kurang-tapi
ann_91652f0c70ff,2054,False,[],"[""DisasterEvent""]","[""mojokerto"", ""sidoarjo""]",[],False,candidate_unverified,copy_c081434a6be0,2025-04-04,13:45,beritajatim,"[""disruption_candidate""]",beritajatim,validation,1,"Pencarian Korban Longsor di Jalur Mojokerto-Batu, 420 Personel Gabungan Diterjunkan",https://beritajatim.com/pencarian-korban-longsor-di-jalur-mojokerto-batu-420-personel-gabungan-diterjunkan
ann_917068cb7187,1874,False,[],"[""DisasterEvent""]","[""banyuwangi""]",[],False,candidate_unverified,copy_449d9b3401b4,2022-11-29,17:45,beritajatim,"[""disruption_candidate""]",beritajatim,train,1,Pemkab Gerak Cepat Penanggulangan Bencana Banjir Banyuwangi,https://beritajatim.com/pemkab-gerak-cepat-penanggulangan-bencana-banjir-banyuwangi
ann_9174ee53ffea,1790,False,"[""broad_food"", ""chili"", ""cooking_oil"", ""shallot""]","[""ProductionDisruption""]","[""magetan""]",[],False,candidate_unverified,copy_b0ce5c22a4e7,2025-01-03,07:07,kompas,"[""disruption_candidate""]",kompas_regional,validation,1,"Harga Sayuran di Magetan Melonjak, Cabai Tembus Rp 100.000 per Kilogram Regional 3 Januari 2025",https://surabaya.kompas.com/read/2025/01/03/070754378/harga-sayuran-di-magetan-melonjak-cabai-tembus-rp-100000-per-kilogram
ann_91c0a7389b91,2186,False,"[""broad_food"", ""cooking_oil"", ""rice"", ""sugar""]","[""DisasterEvent""]","[""nganjuk"", ""surabaya""]",[],False,candidate_unverified,copy_4a9e529d917b,2021-02-20,22:38,beritajatim,"[""disruption_candidate""]",beritajatim,train,1,"Bantu Korban Longsor Nganjuk, Forkas Jatim Kirimkan 350 Paket Sembako",https://beritajatim.com/bantu-korban-longsor-nganjuk-forkas-jatim-kirimkan-350-paket-sembako
ann_91cb19c5a434,3627,False,"[""corn"", ""rice""]","[""ProductionDisruption""]","[""malang""]","[""CrisisPreparednessAction"", ""OtherResponseAction""]",False,candidate_unverified,copy_9130e497ffc2,2022-01-30,21:30,kompas,"[""disruption_candidate""]",kompas_money,train,1,Pupuk Kaltim Targetkan Program Makmur Cakup 60.000 Hektar Lahan di 2022 Money 30 Januari 2022,https://money.kompas.com/read/2022/01/30/213000926/pupuk-kaltim-targetkan-program-makmur-cakup-60.000-hektar-lahan-di-2022
ann_91e9f6108dce,5247,False,"[""fish""]","[""DisasterEvent""]","[""bojonegoro"", ""gresik"", ""lamongan"", ""malang""]","[""ProcurementAction"", ""ProductionAssistance""]",False,candidate_unverified,copy_b7bab323d2ac,2022-01-20,13:05,beritajatim,"[""disruption_candidate""]",beritajatim,train,1,Warga: Pemkab Lamongan Belum Maksimal Tangani Banjir Bengawan Njero,https://beritajatim.com/warga-pemkab-lamongan-belum-maksimal-tangani-banjir-bengawan-njero
ann_9217b9421a74,3431,True,"[""broad_food"", ""rice""]","[""SupplyShortage""]",[],"[""CrisisPreparednessAction"", ""OtherResponseAction""]",False,candidate_unverified,copy_91d26d2a7c71,2024-02-20,13:16,kompas,"[""disruption_candidate"", ""response_query""]",kompas_regional,train,1,"Dampingi Mendag di Pasar Bulu, Mbak Ita Imbau Masyarakat Beralih ke Beras Subsidi Sementara Waktu Regional 20 Februari 2024",https://regional.kompas.com/read/2024/02/20/131637378/dampingi-mendag-di-pasar-bulu-mbak-ita-imbau-masyarakat-beralih-ke-beras
ann_9221a407c0fa,2221,False,"[""rice""]","[""ProductionDisruption"", ""SupplyShortage""]","[""tuban""]","[""OtherResponseAction""]",False,candidate_unverified,copy_5b82b276cc28,2022-09-27,14:38,beritajatim,"[""disruption_candidate""]",beritajatim,train,1,"Pupuk Langka Saat Musim Tanam, Petani di Tuban Kelimpungan",https://beritajatim.com/pupuk-langka-saat-musim-tanam-petani-di-tuban-kelimpungan
ann_924d7a54622c,4422,False,"[""broad_food"", ""rice"", ""sugar""]","[""DisasterEvent""]","[""gresik""]","[""FoodAssistance"", ""MarketOperationAction""]",False,candidate_unverified,copy_7f1f97bca4df,2024-04-01,,kontan,"[""disruption_candidate""]",kontan,train,0,"Safari Ramadan 1445H, Pupuk Indonesia Berbagi dengan Masyarakat Sekitar Perusahaan",https://industri.kontan.co.id/news/safari-ramadan-1445h-pupuk-indonesia-berbagi-dengan-masyarakat-sekitar-perusahaan
ann_92548012932b,1956,False,[],"[""DisasterEvent"", ""WeatherDisruption""]","[""sampang""]","[""CrisisPreparednessAction""]",False,candidate_unverified,copy_43abb3505796,2026-05-03,13:52,kompas,"[""response_query""]",kompas_regional,test,1,"BPBD Sampang Ungkap 7 Kecamatan Rawan Bencana Akibat Cuaca Ekstrem, Ini Daftarnya Regional 3 Mei 2026",https://surabaya.kompas.com/read/2026/05/03/135251178/bpbd-sampang-ungkap-7-kecamatan-rawan-bencana-akibat-cuaca-ekstrem-ini
ann_926bc7e85229,4706,False,[],"[""DisasterEvent""]","[""mojokerto""]","[""InspectionEnforcement""]",False,candidate_unverified,copy_d8d04e585fea,2024-10-09,00:33,beritajatim,"[""response_query""]",beritajatim,train,1,"Sekdakab Mojokerto Pimpinan Rakor Penanganan Pemukiman Kumuh, Begini Hasilnya",https://beritajatim.com/sekdakab-mojokerto-pimpinan-rakor-penanganan-pemukiman-kumuh-begini-hasilnya
ann_9276fc3eeb19,1450,False,[],"[""DisasterEvent""]","[""lumajang""]",[],False,candidate_unverified,copy_d8bab2ed487a,2021-12-04,,kontan,"[""disruption_candidate""]",kontan,train,0,"Tinjau dampak erupsi Semeru, Jokowi perintahkan kepala BNPB berangkat ke Lumajang",https://nasional.kontan.co.id/news/tinjau-dampak-erupsi-semeru-jokowi-perintahkan-kepala-bnpb-berangkat-ke-lumajang
ann_928a1ce1fcac,3547,True,"[""broad_food"", ""fish""]","[""DisasterEvent"", ""SupplyShortage""]","[""lamongan"", ""trenggalek""]","[""CrisisPreparednessAction"", ""DistributionIntervention"", ""OtherResponseAction"", ""ProcurementAction"", ""ReserveRelease""]",False,candidate_unverified,copy_be7524e41bf6,2024-09-07,,kontan,"[""disruption_candidate""]",kontan,train,0,Perikanan Indonesia Distribusikan BBM Subsidi kepada Para Nelayan,https://industri.kontan.co.id/news/perikanan-indonesia-distribusikan-bbm-subsidi-kepada-para-nelayan
ann_928b0c65ad3f,2141,False,"[""rice""]","[""PestDiseaseEvent""]","[""gresik""]",[],False,candidate_unverified,copy_b18f02c9a805,2021-09-29,17:02,beritajatim,"[""disruption_candidate""]",beritajatim,train,1,Petani Desa Gredek Gresik Wadul Gus Yani Keluhkan Hama Tikus,https://beritajatim.com/petani-desa-gredek-gresik-wadul-gus-yani-keluhkan-hama-tikus
ann_928b49fe4731,1336,True,"[""broad_food"", ""fish""]","[""PestDiseaseEvent""]","[""ponorogo""]",[],False,candidate_unverified,copy_8a8f354fa715,2025-01-09,06:14,kompas,"[""disruption_candidate""]",kompas_regional,validation,1,Pemkab Ponorogo Beli 500 Vaksin untuk Atasi Wabah PMK pada Sapi Regional 9 Januari 2025,https://surabaya.kompas.com/read/2025/01/09/061450478/pemkab-ponorogo-beli-500-vaksin-untuk-atasi-wabah-pmk-pada-sapi
ann_92903089063e,2210,False,"[""broad_food"", ""chicken_eggs"", ""cooking_oil"", ""rice"", ""sugar""]","[""DisasterEvent""]","[""bojonegoro""]","[""DistributionIntervention"", ""MarketOperationAction""]",False,candidate_unverified,copy_57643da179b6,2023-11-04,20:13,beritajatim,"[""disruption_candidate""]",beritajatim,train,1,Gubernur Jatim Serahkan Bansos ke Warga Bojonegoro,https://beritajatim.com/gubernur-jatim-serahkan-bansos-ke-warga-bojonegoro
ann_92b880297d84,1990,False,"[""broad_food"", ""rice""]","[""SupplyShortage"", ""WeatherDisruption""]","[""sumenep""]",[],False,candidate_unverified,copy_93ada816aa3f,2023-03-02,18:09,kompas,"[""disruption_candidate""]",kompas_regional,train,1,"Cerita Warga Masalembu, Terima Bantuan Logistik Usai Wilayahnya Terisolasi: Bersyukur, 2 Pekan Hanya Makan Singkong Regional 2 Maret 2023",https://surabaya.kompas.com/read/2023/03/02/180953678/cerita-warga-masalembu-terima-bantuan-logistik-usai-wilayahnya-terisolasi
ann_92c1158545fe,1808,False,[],"[""DisasterEvent""]","[""gresik"", ""tuban""]",[],False,candidate_unverified,copy_5b3ad02a20f0,2024-03-25,14:00,kompas,"[""disruption_candidate""]",kompas_nasional,train,1,BNPB Catat 774 Rumah Rusak Berat Akibat Gempa di Tuban News 25 Maret 2024,https://nasional.kompas.com/read/2024/03/25/14002901/bnpb-catat-774-rumah-rusak-berat-akibat-gempa-di-tuban
ann_92c18f74923b,844,False,[],"[""DisasterEvent""]","[""blitar"", ""malang""]",[],False,candidate_unverified,copy_985570f5e5e2,2021-04-10,15:37,kompas,"[""disruption_candidate""]",kompas_regional,train,1,"Fakta Gempa M 6,7 di Malang, Terasa sampai ke Provinsi Lain, Atap RS Ambrol hingga Penjelasan BMKG Regional 10 April 2021",https://regional.kompas.com/read/2021/04/10/153709878/fakta-gempa-m-67-di-malang-terasa-sampai-ke-provinsi-lain-atap-rs-ambrol
ann_92edf377edbc,1983,False,[],"[""DisasterEvent""]","[""lamongan""]",[],False,candidate_unverified,copy_7e588350fdbb,2022-05-09,20:14,beritajatim,"[""disruption_candidate""]",beritajatim,train,1,Lamongan Diterjang Banjir saat Lebaran Ketupat,https://beritajatim.com/lamongan-diterjang-banjir-saat-lebaran-ketupat
ann_935747bbe3db,1741,False,[],"[""DisasterEvent""]","[""magetan""]",[],False,candidate_unverified,copy_4c6b5e756bec,2023-12-31,11:31,kompas,"[""disruption_candidate""]",kompas_regional,train,1,"Hujan Sebabkan Longsor di Magetan, Dapur dan Gudang Milik Warga Rusak Regional 31 Desember 2023",https://surabaya.kompas.com/read/2023/12/31/113112778/hujan-sebabkan-longsor-di-magetan-dapur-dan-gudang-milik-warga-rusak
ann_9364f9a08e52,1668,False,[],"[""DisasterEvent""]","[""lamongan""]",[],False,candidate_unverified,copy_5cfdcf99625e,2021-12-11,23:14,detik,"[""disruption_candidate""]",detik_news,train,1,"Digelontor Air dari Perbukitan, Jalan Raya Mantup Lamongan Sempat Banjir",https://news.detik.com/berita-jawa-timur/d-5850923/digelontor-air-dari-perbukitan-jalan-raya-mantup-lamongan-sempat-banjir
ann_9374b464c343,2528,False,"[""rice""]","[""DisasterEvent"", ""WeatherDisruption""]","[""malang""]","[""FoodAssistance"", ""ReserveRelease""]",False,candidate_unverified,copy_74703d75dac3,2023-12-15,,kontan,"[""disruption_candidate""]",kontan,train,0,Hore! Jumlah Keluarga Penerima Bantuan Pangan Bulog Bertambah 8%,https://nasional.kontan.co.id/news/hore-jumlah-keluarga-penerima-bantuan-pangan-bulog-bertambah-8
ann_937bddfd07f9,4077,False,"[""broad_food"", ""sugar""]","[""WeatherDisruption""]","[""gresik"", ""surabaya""]","[""OtherResponseAction""]",False,candidate_unverified,copy_8ef856fca36f,2022-10-26,22:24,beritajatim,"[""disruption_candidate""]",beritajatim,train,1,PTPN X Lampaui Target Giling Tebu Tahun Ini,https://beritajatim.com/ptpn-x-lampaui-target-giling-tebu-tahun-ini
ann_938d446d4bad,1211,False,[],"[""DisasterEvent""]","[""pacitan"", ""trenggalek""]",[],False,candidate_unverified,copy_44689c421880,2025-01-11,16:23,kompas,"[""disruption_candidate""]",kompas_regional,validation,1,"Pacitan Diguncang Gempa Magnitudo 4,9, Apa Dampaknya? Regional 11 Januari 2025",https://regional.kompas.com/read/2025/01/11/162308978/pacitan-diguncang-gempa-magnitudo-49-apa-dampaknya
ann_93a13f459503,2169,False,[],"[""DisasterEvent""]","[""batu"", ""blitar"", ""kediri"", ""malang"", ""mojokerto""]",[],False,candidate_unverified,copy_03940fd87ba7,2025-11-24,20:56,kompas,"[""disruption_candidate""]",kompas_regional,validation,1,"Ada Longsor, Jalur Akses Batu-Mojokerto Via Cangar Ditutup Regional 24 November 2025",https://surabaya.kompas.com/read/2025/11/24/205656378/ada-longsor-jalur-akses-batu-mojokerto-via-cangar-ditutup
ann_93eed2b15057,603,False,[],"[""DisasterEvent""]","[""pasuruan""]",[],False,candidate_unverified,copy_1c2a3965ffba,2021-10-06,23:31,detik,"[""disruption_candidate""]",detik_news,train,1,"Sekolah MAN Kota Pasuruan Kebakaran, Studio Musik dan Laboratorium Ludes",https://news.detik.com/berita-jawa-timur/d-5756184/sekolah-man-kota-pasuruan-kebakaran-studio-musik-dan-laboratorium-ludes
ann_93fd7a579a96,1350,False,[],"[""DisasterEvent"", ""WeatherDisruption""]","[""banyuwangi""]",[],False,candidate_unverified,copy_78e683520eb7,2022-11-29,16:33,beritajatim,"[""disruption_candidate""]",beritajatim,train,1,Dinas PU Pengairan Ungkap Penyebab Banjir di Banyuwangi Kota,https://beritajatim.com/dinas-pu-pengairan-ungkap-penyebab-banjir-di-banyuwangi-kota
ann_9428155f725d,2328,False,"[""broad_food""]","[""DisasterEvent""]","[""pasuruan""]","[""DistributionIntervention""]",False,candidate_unverified,copy_0b04c061437b,2026-03-26,15:56,beritajatim,"[""disruption_candidate""]",beritajatim,test,1,"Tinjau Banjir Rejoso Pasuruan, Khofifah Terobos Genangan dan Siapkan Strategi TMC",https://beritajatim.com/tinjau-banjir-rejoso-pasuruan-khofifah-terobos-genangan-dan-siapkan-strategi-tmc
ann_942e259b2c49,1690,False,"[""cooking_oil""]","[""SupplyShortage""]","[""bojonegoro""]","[""MarketOperationAction""]",False,candidate_unverified,copy_2c87e01a4022,2022-02-20,21:52,beritajatim,"[""disruption_candidate""]",beritajatim,train,1,Khofifah: Kelangkaan Minyak Goreng Hanya Ditingkat Konsumen,https://beritajatim.com/khofifah-kelangkaan-minyak-goreng-hanya-ditingkat-konsumen
ann_9435a5b0fd04,2519,False,[],"[""DisasterEvent""]","[""pacitan""]","[""CrisisPreparednessAction""]",False,candidate_unverified,copy_292380980cd0,2021-09-11,18:56,kompas,"[""disruption_candidate"", ""response_query""]",kompas_nasional,train,1,"Gelar Simulasi Bencana di Pacitan, Mensos Tekankan Pentingnya Kesiapsiagaan Masyarakat News 11 September 2021",https://nasional.kompas.com/read/2021/09/11/18565741/gelar-simulasi-bencana-di-pacitan-mensos-tekankan-pentingnya-kesiapsiagaan
ann_94665c7e2bdb,2243,False,[],"[""DisasterEvent"", ""WeatherDisruption""]","[""mojokerto"", ""sidoarjo""]","[""CrisisPreparednessAction""]",False,candidate_unverified,copy_a0211b31f622,2023-06-13,07:46,kompas,"[""disruption_candidate""]",kompas_regional,train,1,"Musim Kemarau, 7 Kecamatan di Mojokerto Rawan Kekeringan dan Kebakaran Hutan Regional 13 Juni 2023",https://surabaya.kompas.com/read/2023/06/13/074647978/musim-kemarau-7-kecamatan-di-mojokerto-rawan-kekeringan-dan-kebakaran-hutan
ann_949e11066a4b,2914,False,"[""broad_food"", ""rice""]","[""SupplyShortage"", ""WeatherDisruption""]","[""ngawi""]","[""OtherResponseAction""]",False,candidate_unverified,copy_e06efe67da5d,2023-11-02,11:54,beritajatim,"[""disruption_candidate""]",beritajatim,train,1,"Gerakan Nasional Ketahanan Pangan 2023, Produktivitas Padi Ngawi Jadi Andalan",https://beritajatim.com/gerakan-nasional-ketahanan-pangan-2023-produktivitas-padi-ngawi-jadi-andalan
ann_94a4fbc2f75c,1298,False,[],"[""DisasterEvent""]","[""pacitan""]","[""CrisisPreparednessAction""]",False,candidate_unverified,copy_7b714eb606f5,2025-05-09,12:54,beritajatim,"[""response_query""]",beritajatim,validation,1,"Gempa Magnitudo 3,8 Guncang Pacitan, Warga Kebonagung Rasakan Getaran",https://beritajatim.com/gempa-magnitudo-38-guncang-pacitan-warga-kebonagung-rasakan-getaran
ann_94ac03c06bc4,1949,False,"[""broad_food"", ""cooking_oil"", ""rice"", ""sugar""]","[""SupplyShortage""]","[""sumenep"", ""surabaya""]","[""DistributionIntervention""]",False,candidate_unverified,copy_ba6b121678e2,2023-03-01,17:34,beritajatim,"[""disruption_candidate""]",beritajatim,train,1,"Krisis Pangan Masalembu, Kapal TNI AL Datang Bawa 20 Ton Beras",https://beritajatim.com/krisis-pangan-masalembu-kapal-tni-al-datang-bawa-20-ton-beras
ann_94cbabba4b13,1359,False,[],"[""DisasterEvent""]","[""banyuwangi""]",[],False,candidate_unverified,copy_5ff795977591,2021-12-25,22:49,detik,"[""disruption_candidate""]",detik_news,train,1,"17 Rumah di Banyuwangi Rusak Diterjang Angin Kencang, Satu Dusun Terisolir",https://news.detik.com/berita-jawa-timur/d-5870629/17-rumah-di-banyuwangi-rusak-diterjang-angin-kencang-satu-dusun-terisolir
ann_94fa096876e1,4948,True,"[""broad_food"", ""chicken_eggs"", ""chicken_meat"", ""chili"", ""cooking_oil"", ""rice"", ""shallot"", ""sugar""]","[""DisasterEvent""]","[""kediri"", ""nganjuk""]","[""CrisisPreparednessAction"", ""DistributionIntervention"", ""FoodAssistance"", ""MarketOperationAction""]",False,candidate_unverified,copy_935420d232af,2024-11-19,19:56,beritajatim,"[""disruption_candidate""]",beritajatim,train,1,"High Level Meeting TPID 2024, Kediri Masuk 10 Kota Inflasi Terendah se-Indonesia",https://beritajatim.com/high-level-meeting-tpid-2024-kediri-masuk-10-kota-inflasi-terendah-se-indonesia
ann_94fbe0be8938,3421,False,"[""broad_food"", ""chicken_eggs"", ""chicken_meat"", ""chili"", ""cooking_oil"", ""garlic"", ""shallot""]","[""WeatherDisruption""]","[""blitar"", ""kediri"", ""tuban""]",[],False,candidate_unverified,copy_e1806a24bc07,2022-01-05,,kontan,"[""disruption_candidate""]",kontan,train,0,Kemendag: Harga Minyak Goreng Hingga Cabai Masih Naik Signifikan di Bulan Ini,https://nasional.kontan.co.id/news/kemendag-harga-minyak-goreng-hingga-cabai-masih-naik-signifikan-di-bulan-ini
ann_95004cbdbca6,1876,False,[],"[""DisasterEvent""]","[""trenggalek""]",[],False,candidate_unverified,copy_e4c5d33cfc28,2021-09-15,12:51,kompas,"[""disruption_candidate""]",kompas_regional,train,1,"Alat Berat Kesulitan Jangkau Lokasi Longsor di Trenggalek, Warga Gotong Royong dengan Alat Seadanya Regional 15 September 2021",https://regional.kompas.com/read/2021/09/15/125152678/alat-berat-kesulitan-jangkau-lokasi-longsor-di-trenggalek-warga-gotong
ann_9537afe8c499,2206,False,[],"[""DisasterEvent"", ""WeatherDisruption""]","[""bangkalan"", ""banyuwangi"", ""blitar"", ""bojonegoro"", ""bondowoso"", ""gresik"", ""jember"", ""jombang"", ""kediri"", ""lamongan"", ""lumajang"", ""madiun"", ""magetan"", ""malang"", ""mojokerto"", ""nganjuk"", ""ngawi"", ""pacitan"", ""pamekasan"", ""pasuruan"", ""ponorogo"", ""probolinggo"", ""sampang"", ""sidoarjo"", ""situbondo"", ""sumenep"", ""surabaya"", ""trenggalek"", ""tuban"", ""tulungagung""]",[],False,candidate_unverified,copy_df9a1c2ff88c,2026-01-22,10:09,kompas,"[""disruption_candidate""]",kompas_regional,test,1,BMKG Peringatkan Cuaca Ekstrem Saat Puncak Musim Hujan di Jatim Regional 22 Januari 2026,https://surabaya.kompas.com/read/2026/01/22/100953978/bmkg-peringatkan-cuaca-ekstrem-saat-puncak-musim-hujan-di-jatim
ann_955f0665d613,2375,True,"[""broad_food""]","[""DisasterEvent"", ""WeatherDisruption""]","[""surabaya""]","[""CrisisPreparednessAction""]",False,candidate_unverified,copy_aa97f50ef084,2026-04-03,15:15,kompas,"[""response_query""]",kompas_regional,test,1,Langkah Khofifah Jaga Produksi Pertanian Jelang Musim Kemarau Regional 3 April 2026,https://surabaya.kompas.com/read/2026/04/03/151544878/langkah-khofifah-jaga-produksi-pertanian-jelang-musim-kemarau
ann_95e28686a6ad,3258,False,"[""broad_food""]","[""DisasterEvent""]","[""mojokerto""]","[""CrisisPreparednessAction"", ""DistributionIntervention"", ""FoodAssistance""]",False,candidate_unverified,copy_9bfdade8369c,2024-04-30,21:04,beritajatim,"[""response_query""]",beritajatim,train,1,"8 Rumah Terdampak Tanah Longsor, Pemkab Mojokerto Siapkan Tempat Pengungsian",https://beritajatim.com/8-rumah-terdampak-tanah-longsor-pemkab-mojokerto-siapkan-tempat-pengungsian
ann_960bdc6eb592,1669,False,[],"[""DisasterEvent"", ""WeatherDisruption""]","[""pasuruan""]","[""DistributionIntervention""]",False,candidate_unverified,copy_b0634c6f74cf,2025-08-20,10:44,beritajatim,"[""disruption_candidate""]",beritajatim,validation,1,"Empat Desa di Pasuruan Kekeringan, BPBD Intensif Dropping Air Bersih untuk Warga",https://beritajatim.com/empat-desa-di-pasuruan-kekeringan-bpbd-intensif-dropping-air-bersih-untuk-warga
ann_967e5f01af4a,2022,True,[],"[""DisasterEvent""]","[""malang""]",[],False,candidate_unverified,copy_b50db33a12f6,2025-12-16,16:10,kompas,"[""disruption_candidate""]",kompas_regional,validation,1,BPBD Catat Peningkatan Sebaran Titik Banjir di Kota Malang pada Tahun Ini Regional 16 Desember 2025,https://surabaya.kompas.com/read/2025/12/16/161037278/bpbd-catat-peningkatan-sebaran-titik-banjir-di-kota-malang-pada-tahun-ini
ann_96afd9e77fa7,1711,False,[],"[""DisasterEvent""]","[""banyuwangi"", ""pamekasan"", ""sumenep"", ""surabaya""]",[],False,candidate_unverified,copy_29a78238d7bc,2025-10-01,06:25,kompas,"[""disruption_candidate""]",kompas_regional,validation,1,BMKG Ungkap Penyebab Gempa di Sumenep Regional 1 Oktober 2025,https://surabaya.kompas.com/read/2025/10/01/062501678/bmkg-ungkap-penyebab-gempa-di-sumenep
ann_96b68b3d0830,2226,False,"[""broad_food"", ""corn"", ""rice"", ""wheat""]","[""SupplyShortage""]","[""magetan""]",[],False,candidate_unverified,copy_ac1808d4db79,2022-08-26,08:20,beritajatim,"[""disruption_candidate""]",beritajatim,train,1,"Mahal, Pemkab Magetan Imbau OPD Kurangi Jajanan Berbahan Tepung Terigu untuk Rapat",https://beritajatim.com/mahal-pemkab-magetan-imbau-opd-kurangi-jajanan-berbahan-tepung-terigu-untuk-rapat
ann_96baf1da291b,1552,False,[],"[""DisasterEvent""]","[""tuban""]","[""DistributionIntervention"", ""FoodAssistance""]",False,candidate_unverified,copy_8c2da27137bb,2026-02-02,18:23,beritajatim,"[""response_query""]",beritajatim,test,1,"Angin Puting Beliung Terjang Widang Tuban, Polisi Bantu Perbaiki Rumah Warga",https://beritajatim.com/angin-puting-beliung-terjang-widang-tuban-polisi-bantu-perbaiki-rumah-warga
ann_970873239a91,638,False,[],"[""DisasterEvent""]","[""magetan"", ""malang"", ""ponorogo""]",[],False,candidate_unverified,copy_c342918c18c0,2021-10-28,23:02,detik,"[""disruption_candidate""]",detik_news,train,1,"Gempa Darat M 2,6 Guncang Magetan-Ponorogo",https://news.detik.com/berita-jawa-timur/d-5787349/gempa-darat-m-2-6-guncang-magetan-ponorogo
ann_974495c388a6,3098,False,"[""broad_food"", ""soybean""]","[""SupplyShortage""]",[],[],False,candidate_unverified,copy_43a2d2ab7a61,2021-01-04,17:44,beritajatim,"[""disruption_candidate""]",beritajatim,train,1,LaNyalla Minta Pemerintah Stabilkan Harga Kedelai Atasi Kelangkaan Tempe,https://beritajatim.com/lanyalla-minta-pemerintah-stabilkan-harga-kedelai-atasi-kelangkaan-tempe
ann_9770fbea697d,1928,False,"[""broad_food"", ""rice"", ""sugar""]","[""DisasterEvent""]","[""gresik"", ""lumajang""]",[],False,candidate_unverified,copy_7a797fe27ce7,2022-12-06,12:52,beritajatim,"[""disruption_candidate""]",beritajatim,train,1,Ribuan Paket Sembako Dikirim ke Korban Erupsi Gunung Semeru,https://beritajatim.com/ribuan-paket-sembako-dikirim-ke-korban-erupsi-gunung-semeru
ann_977c60289a98,2171,False,[],"[""DisasterEvent"", ""WeatherDisruption""]","[""blitar"", ""surabaya""]",[],False,candidate_unverified,copy_f04ae86f1cc4,2025-12-15,08:32,beritajatim,"[""disruption_candidate""]",beritajatim,validation,1,Anggota DPR RI Rizki Sadig Perkuat Literasi Mitigasi Bencana Berbasis Warga di Blitar,https://beritajatim.com/anggota-dpr-ri-rizki-sadig-perkuat-literasi-mitigasi-bencana-berbasis-warga-di-blitar
ann_978eaf2763fa,1630,False,"[""chili"", ""shallot""]","[""WeatherDisruption""]","[""pasuruan""]",[],False,candidate_unverified,copy_ffaedc2e6a36,2025-12-08,13:29,kompas,"[""disruption_candidate""]",kompas_regional,validation,1,"Cuaca Ekstrem, Harga Bawang Merah Melonjak di Pasuruan. Pedagang Tidak Berani Stok Banyak Regional 8 Desember 2025",https://surabaya.kompas.com/read/2025/12/08/132908078/cuaca-ekstrem-harga-bawang-merah-melonjak-di-pasuruan-pedagang-tidak-berani
ann_979824e551d6,1320,False,[],"[""DisasterEvent""]","[""lamongan""]",[],False,candidate_unverified,copy_b35e497b2609,2021-06-21,14:36,kompas,"[""disruption_candidate""]",kompas_regional,train,1,"Bermula Pemilik Buang Puntung Rokok, Gudang Kayu dan Truk di Lamongan Ludes Terbakar Regional 21 Juni 2021",https://regional.kompas.com/read/2021/06/21/143612178/bermula-pemilik-buang-puntung-rokok-gudang-kayu-dan-truk-di-lamongan-ludes
ann_979f41974975,3032,False,"[""broad_food"", ""rice""]","[""WeatherDisruption""]","[""malang""]","[""CrisisPreparednessAction"", ""MarketOperationAction"", ""OtherResponseAction"", ""ReserveRelease""]",False,candidate_unverified,copy_e56626fb3135,2023-10-17,04:28,beritajatim,"[""disruption_candidate""]",beritajatim,train,1,"Lewat Gerakan Pangan Murah, Jadi Intervensi Pemkot Malang Stabilkan Harga",https://beritajatim.com/lewat-gerakan-pangan-murah-jadi-intervensi-pemkot-malang-stabilkan-harga
ann_97abafeead89,1674,False,[],"[""DisasterEvent""]","[""trenggalek"", ""tulungagung""]",[],False,candidate_unverified,copy_71d3402b5d08,2021-09-14,22:21,kompas,"[""disruption_candidate""]",kompas_regional,train,1,"Hujan Deras Guyur Trenggalek, Jalan Penghubung Kecamatan Tertutup Longsor Regional 14 September 2021",https://surabaya.kompas.com/read/2021/09/14/222158378/hujan-deras-guyur-trenggalek-jalan-penghubung-kecamatan-tertutup-longsor
ann_97ae722ea3fc,2197,False,[],"[""DisasterEvent"", ""WeatherDisruption""]","[""bangkalan"", ""banyuwangi"", ""blitar"", ""bojonegoro"", ""bondowoso"", ""gresik"", ""jember"", ""jombang"", ""kediri"", ""lamongan"", ""lumajang"", ""madiun"", ""magetan"", ""malang"", ""mojokerto"", ""nganjuk"", ""ngawi"", ""pacitan"", ""pamekasan"", ""pasuruan"", ""ponorogo"", ""probolinggo"", ""sampang"", ""sidoarjo"", ""situbondo"", ""sumenep"", ""surabaya"", ""trenggalek"", ""tuban"", ""tulungagung""]",[],False,candidate_unverified,copy_302985ed9644,2022-10-05,18:13,beritajatim,"[""disruption_candidate""]",beritajatim,train,1,"Cuaca Ekstrem Diprediksi Landa Wilayah Jatim, Mana Saja?",https://beritajatim.com/cuaca-ekstrem-diprediksi-landa-wilayah-jatim-mana-saja
ann_97dc57e0e83e,1435,False,[],"[""DisasterEvent""]","[""blitar"", ""madiun"", ""malang"", ""surabaya""]",[],False,candidate_unverified,copy_ad832ec7bed9,2021-03-07,23:28,kompas,"[""disruption_candidate""]",kompas_regional,train,1,"Jalur Kereta Api di Blitar Tertimbun Longsor, Perjalanan 2 KA Tertahan Regional 7 Maret 2021",https://regional.kompas.com/read/2021/03/07/232804978/jalur-kereta-api-di-blitar-tertimbun-longsor-perjalanan-2-ka-tertahan
ann_97fdef433c9c,3908,False,[],"[""DisasterEvent"", ""WeatherDisruption""]","[""bangkalan"", ""banyuwangi"", ""blitar"", ""bojonegoro"", ""bondowoso"", ""gresik"", ""jember"", ""jombang"", ""kediri"", ""lamongan"", ""lumajang"", ""madiun"", ""magetan"", ""malang"", ""mojokerto"", ""nganjuk"", ""ngawi"", ""pacitan"", ""pamekasan"", ""pasuruan"", ""ponorogo"", ""probolinggo"", ""sampang"", ""sidoarjo"", ""situbondo"", ""sumenep"", ""surabaya"", ""trenggalek"", ""tuban"", ""tulungagung""]",[],False,candidate_unverified,copy_86a7bd7e8990,2023-01-29,08:52,beritajatim,"[""disruption_candidate""]",beritajatim,train,1,Khofifah Ingatkan Cuaca Ekstrem Bakal Landa Jatim Sepekan ke Depan,https://beritajatim.com/khofifah-ingatkan-cuaca-ekstrem-bakal-landa-jatim-sepekan-ke-depan
ann_9880966ba5ed,1792,False,[],"[""DisasterEvent""]","[""surabaya""]",[],False,candidate_unverified,copy_c38b67a3884a,2025-12-02,13:12,beritajatim,"[""disruption_candidate""]",beritajatim,validation,1,Dindik Jatim Siapkan Penggalangan Dana bagi Korban Banjir Sumatra,https://beritajatim.com/dindik-jatim-siapkan-penggalangan-dana-bagi-korban-banjir-sumatra
ann_98879342d355,4717,False,"[""broad_food""]","[""DisasterEvent""]","[""nganjuk""]","[""CrisisPreparednessAction""]",False,candidate_unverified,copy_4608128cf7fa,2022-05-12,,kontan,"[""disruption_candidate"", ""response_query""]",kontan,train,0,Brantas Abipraya Siap Sokong Ketersediaan Air Baku Tiga Daerah di Semarang,https://pressrelease.kontan.co.id/news/brantas-abipraya-siap-sokong-ketersediaan-air-baku-tiga-daerah-di-semarang
ann_988a9e70b6b8,2295,False,"[""broad_food"", ""sugar""]","[""SupplyShortage""]","[""malang""]","[""OtherResponseAction""]",False,candidate_unverified,copy_dbbe8f9b71ef,2024-11-20,19:11,kompas,"[""disruption_candidate""]",kompas_regional,train,1,Polres Malang Ultimatum Para Pelaku Penyalahgunaan Pupuk Bersubsidi Regional 20 November 2024,https://surabaya.kompas.com/read/2024/11/20/191157378/polres-malang-ultimatum-para-pelaku-penyalahgunaan-pupuk-bersubsidi
ann_989ba03f5db3,3369,False,"[""fish""]","[""SupplyShortage""]","[""madiun"", ""magetan"", ""ngawi"", ""pacitan"", ""ponorogo""]","[""CrisisPreparednessAction"", ""OtherResponseAction""]",False,candidate_unverified,copy_0c583dfcbbef,2023-07-27,16:36,beritajatim,"[""disruption_candidate""]",beritajatim,train,1,"Antisipasi Kelangkaan Elpiji 3 Kg, Segini Tambahan untuk Madiun Raya",https://beritajatim.com/antisipasi-kelangkaan-elpiji-3-kg-segini-tambahan-untuk-madiun-raya
ann_98ba3b8333b2,2648,False,"[""sugar""]","[""SupplyShortage""]","[""sumenep""]",[],False,candidate_unverified,copy_fa863cb4c7de,2023-10-10,,kontan,"[""disruption_candidate""]",kontan,train,0,Bos ID FOOD Beberkan Tantangan Penuhi Kebutuhan Garam Industri dan Gula Konsumsi,https://industri.kontan.co.id/news/bos-id-food-beberkan-tantangan-penuhi-kebutuhan-garam-industri-dan-gula-konsumsi
ann_98c8f48da62b,1870,False,[],"[""DisasterEvent""]","[""lumajang""]",[],False,candidate_unverified,copy_fe8a528c833b,2021-12-04,23:12,kompas,"[""disruption_candidate""]",kompas_nasional,train,1,"Minta Bantuan Evakuasi 8 Warga Terdampak Erupsi Semeru, Wabup Lumajang: Kasihan Keluarganya Menangis Semua... News 4 Desember 2021",https://nasional.kompas.com/read/2021/12/04/23120831/minta-bantuan-evakuasi-8-warga-terdampak-erupsi-semeru-wabup-lumajang
ann_98ea28dc732b,874,False,[],"[""DisasterEvent""]","[""jember"", ""lumajang"", ""pacitan"", ""trenggalek""]",[],False,candidate_unverified,copy_ad3a4ace0548,2021-12-14,,kontan,"[""disruption_candidate""]",kontan,train,0,"BMKG mencatat gempa terkini magnitudo 5,3 di Kuta, Pacitan, Lumajang",https://regional.kontan.co.id/news/bmkg-mencatat-gempa-terkini-magnitudo-53-di-kuta-pacitan-lumajang
ann_98ec07685563,2275,False,"[""rice""]","[""PestDiseaseEvent""]","[""lamongan""]","[""DistributionIntervention"", ""FoodAssistance""]",False,candidate_unverified,copy_c51bdf5f08f2,2021-08-07,15:13,beritajatim,"[""response_query""]",beritajatim,train,1,ESI Lamongan Salurkan Bansos Bagi Masyarakat Terdampak Pandemi,https://beritajatim.com/esi-lamongan-salurkan-bansos-bagi-masyarakat-terdampak-pandemi
ann_990cd94632c3,1574,False,[],"[""DisasterEvent""]","[""banyuwangi"", ""surabaya""]",[],False,candidate_unverified,copy_af8f5c19d785,2021-02-07,22:20,detik,"[""disruption_candidate""]",detik_news,train,1,BMKG Banyuwangi Sebut Sebaran Abu Gunung Raung Menyebar hingga ke NTB,https://news.detik.com/berita-jawa-timur/d-5365202/bmkg-banyuwangi-sebut-sebaran-abu-gunung-raung-menyebar-hingga-ke-ntb
ann_991dcec403ce,2584,True,"[""broad_food"", ""rice""]","[""DisasterEvent""]","[""lamongan""]","[""CrisisPreparednessAction"", ""ReserveRelease""]",False,candidate_unverified,copy_9da16efe6fe3,2026-01-14,14:28,beritajatim,"[""disruption_candidate""]",beritajatim,test,1,"Banjir Bengawan Jero Meluas, Pemkab Lamongan Tetapkan Status Tanggap Darurat",https://beritajatim.com/banjir-bengawan-jero-lamongan-tanggap-darurat
ann_993935ca7ed1,1397,False,"[""rice""]","[""SupplyShortage""]","[""malang"", ""pasuruan""]","[""MarketOperationAction""]",False,candidate_unverified,copy_262971dfb200,2024-02-20,16:19,kompas,"[""disruption_candidate""]",kompas_regional,train,1,Bulog Malang Pastikan Stok Beras Aman hingga Lebaran 2024 Regional 20 Februari 2024,https://surabaya.kompas.com/read/2024/02/20/161949478/bulog-malang-pastikan-stok-beras-aman-hingga-lebaran-2024
ann_993bb8a98b64,1340,False,[],"[""DisasterEvent""]","[""batu"", ""malang""]",[],False,candidate_unverified,copy_d7d9debccaab,2021-11-05,15:29,beritajatim,"[""disruption_candidate""]",beritajatim,train,1,Korban Meninggal Dunia Akibat Banjir Bandang Kota Batu 7 Orang,https://beritajatim.com/korban-meninggal-dunia-akibat-banjir-bandang-kota-batu-7-orang
ann_994576036857,3509,False,"[""corn"", ""rice""]","[""ProductionDisruption""]","[""malang""]","[""CrisisPreparednessAction"", ""OtherResponseAction""]",False,candidate_unverified,copy_b6a2a1d7ad9e,2022-01-28,,kontan,"[""disruption_candidate"", ""response_query""]",kontan,train,0,Program Makmur Pupuk Kaltim Dorong Kenaikan Produktivitas Petani Kentang Hingga 125%,https://industri.kontan.co.id/news/program-makmur-pupuk-kaltim-dorong-kenaikan-produktivitas-petani-kentang-hingga-125
ann_995b13c673cb,1759,False,"[""broad_food""]","[""DisasterEvent""]","[""madiun"", ""surabaya""]",[],False,candidate_unverified,copy_db38635085b7,2025-12-09,08:45,beritajatim,"[""disruption_candidate""]",beritajatim,validation,1,Solidaritas Madiun: Donasi untuk Korban Bencana di Sumatra dan Aceh Terus Mengalir ke BPBD,https://beritajatim.com/solidaritas-madiun-donasi-untuk-korban-bencana-di-sumatra-dan-aceh-terus-mengalir-ke-bpbd
ann_998a33adc0aa,2016,False,[],"[""DisasterEvent""]","[""pacitan""]","[""DistributionIntervention"", ""FoodAssistance""]",False,candidate_unverified,copy_08a6f8b0a9b0,2026-02-06,21:56,beritajatim,"[""response_query""]",beritajatim,test,1,Wagub Jatim Emil Dardak Tinjau Rumah Warga Terdampak Gempa di Pacitan,https://beritajatim.com/wagub-jatim-emil-dardak-tinjau-rumah-warga-terdampak-gempa-di-pacitan
ann_99b99b42c1a2,445,False,[],"[""DisasterEvent""]","[""pacitan""]",[],False,candidate_unverified,copy_39ae76c6940a,2022-12-11,23:36,detik,"[""disruption_candidate""]",detik_news,train,1,"Gempa M 4,3 Terjadi di Pacitan Jatim",https://news.detik.com/berita/d-6456092/gempa-m-4-3-terjadi-di-pacitan-jatim
ann_99bde1973aa2,2224,False,[],"[""DisasterEvent""]","[""batu"", ""malang"", ""surabaya""]",[],False,candidate_unverified,copy_cce0fe306a91,2025-05-09,13:55,beritajatim,"[""disruption_candidate""]",beritajatim,validation,1,DPRD Jatim Dorong Alat Deteksi Dini Bencana di Malang Raya Diperkuat,https://beritajatim.com/dprd-jatim-dorong-penguatan-ews-malang-raya
ann_99f2af735ee0,3326,False,"[""chicken_eggs"", ""chicken_meat"", ""corn""]","[""SupplyShortage""]","[""blitar""]",[],False,candidate_unverified,copy_85a2b53a81b9,2021-09-20,23:08,kompas,"[""disruption_candidate""]",kompas_money,train,1,Saat Peternak Ayam Tagih Janji Jokowi soal Swasembada Jagung Money 20 September 2021,https://money.kompas.com/read/2021/09/20/230803026/saat-peternak-ayam-tagih-janji-jokowi-soal-swasembada-jagung
ann_9a0314200ac0,2917,False,"[""rice""]","[""WeatherDisruption""]","[""banyuwangi""]","[""DistributionIntervention"", ""FoodAssistance"", ""ReserveRelease""]",False,candidate_unverified,copy_6f37e0256796,2023-12-29,,kontan,"[""disruption_candidate"", ""response_query""]",kontan,train,0,Pemerintah Masih Akan Salurkan Bantuan Beras Hingga Maret 2024 Lewat Pos Indonesia,https://nasional.kontan.co.id/news/pemerintah-masih-akan-salurkan-bantuan-cadangan-beras-di-januari-hingga-maret-2024
ann_9a16b5a7d005,2274,False,[],"[""DisasterEvent""]","[""magetan"", ""surabaya""]",[],False,candidate_unverified,copy_088753e943b7,2026-05-03,07:09,kompas,"[""disruption_candidate""]",kompas_regional,test,1,Cerita Mariyono Galang Kepedulian Menghadapi Banjir Tahunan di Magetan Regional 3 Mei 2026,https://surabaya.kompas.com/read/2026/05/03/070931278/cerita-mariyono-galang-kepedulian-menghadapi-banjir-tahunan-di-magetan
ann_9a1fd740e89c,3185,True,[],"[""PestDiseaseEvent""]","[""kediri"", ""surabaya""]",[],False,candidate_unverified,copy_0d1a4742521d,2023-10-08,19:03,kompas,"[""disruption_candidate""]",kompas_regional,train,1,"Agar Panen Lebih Berkualitas, Petani Mangga Podang Ikuti Pendampingan dari Pemkab Kediri News 8 Oktober 2023",https://regional.kompas.com/read/2023/10/08/19032581/agar-panen-lebih-berkualitas-petani-mangga-podang-ikuti-pendampingan-dari
ann_9a220b60beb7,2301,False,[],"[""DisasterEvent"", ""WeatherDisruption""]","[""sidoarjo""]",[],False,candidate_unverified,copy_36678193b21a,2026-01-01,,kontan,"[""disruption_candidate""]",kontan,test,0,BMKG: Cuaca Ekstrem Diprediksi Melanda Jatim pada 1-10 Januari 2026,https://regional.kontan.co.id/news/bmkg-cuaca-ekstrem-diprediksi-melanda-jatim-pada-1-10-januari-2026
ann_9a34f7e7d68a,2231,False,"[""rice""]","[""SupplyShortage""]","[""gresik""]","[""DistributionIntervention"", ""OtherResponseAction""]",False,candidate_unverified,copy_ec57a83e1834,2024-09-09,18:26,beritajatim,"[""disruption_candidate""]",beritajatim,train,1,Petrokimia Gresik Dukung Timor Leste Tingkatkan Produktivitas Pangan,https://beritajatim.com/petrokimia-gresik-dukung-timor-leste-tingkatkan-produktivitas-pangan
ann_9a48d67e8885,1866,False,"[""cooking_oil""]","[""SupplyShortage""]","[""malang"", ""surabaya""]",[],False,candidate_unverified,copy_2c47d22131c2,2022-03-16,14:42,beritajatim,"[""disruption_candidate""]",beritajatim,train,1,"Datangi Distributor, Forkopimda Kabupaten Malang Pastikan Stok Minyak Goreng Aman",https://beritajatim.com/datangi-distributor-forkopimda-kabupaten-malang-pastikan-stok-minyak-goreng-aman
ann_9aaaa1714e89,3621,False,"[""broad_food"", ""chili"", ""cooking_oil"", ""corn"", ""garlic"", ""rice"", ""shallot"", ""sugar""]","[""ProductionDisruption""]","[""banyuwangi""]","[""CrisisPreparednessAction""]",False,candidate_unverified,copy_58e82cc2bc31,2021-10-17,,kontan,"[""disruption_candidate"", ""response_query""]",kontan,train,0,Program Makmur Pupuk Kaltim dorong produktivitas pertanian hingga 145%,https://industri.kontan.co.id/news/program-makmur-pupuk-kaltim-dorong-produktivitas-pertanian-hingga-145
ann_9ae304ffd1c2,1256,False,"[""sugar""]","[""DisasterEvent""]","[""situbondo""]",[],False,candidate_unverified,copy_d658fded340e,2023-05-17,09:25,kompas,"[""disruption_candidate""]",kompas_regional,train,1,"Hari Ketiga Pencarian, Lansia yang Hilang di Lahan Tebu Situbondo Belum Ditemukan Regional 17 Mei 2023",https://surabaya.kompas.com/read/2023/05/17/092501278/hari-ketiga-pencarian-lansia-yang-hilang-di-lahan-tebu-situbondo-belum
ann_9aeca157953b,3807,True,"[""broad_food""]","[""WeatherDisruption""]","[""sidoarjo""]","[""CrisisPreparednessAction""]",False,candidate_unverified,copy_333ce0e26263,2026-05-13,20:53,bisnis,"[""response_query""]",bisnis,test,1,"BI Keluarkan Jurus Baru Tekan Inflasi Pangan 2026, Resmi Luncurkan GPIPS",https://finansial.bisnis.com/read/20260513/11/1973669/bi-keluarkan-jurus-baru-tekan-inflasi-pangan-2026-resmi-luncurkan-gpips
ann_9b1588ce9397,1728,False,"[""cooking_oil""]","[""SupplyShortage""]","[""surabaya""]","[""OtherResponseAction""]",False,candidate_unverified,copy_7302e4ce12a5,2022-03-18,,kontan,"[""disruption_candidate"", ""response_query""]",kontan,train,0,Respons Airlangga Hartarto Terkait Tudingan Adanya Mafia Minyak Goreng,https://nasional.kontan.co.id/news/respons-airlangga-hartarto-terkait-tudingan-adanya-mafia-minyak-goreng
ann_9b32f5ef85dc,1965,False,[],"[""DisasterEvent""]","[""madiun"", ""surabaya""]",[],False,candidate_unverified,copy_471d88716598,2025-01-25,17:55,kompas,"[""disruption_candidate""]",kompas_regional,validation,1,"Dampak Banjir Semarang, 15 Perjalanan Kereta Dialihkan Lewat Madiun Regional 25 Januari 2025",https://surabaya.kompas.com/read/2025/01/25/175552878/dampak-banjir-semarang-15-perjalanan-kereta-dialihkan-lewat-madiun
ann_9b5fec2388a3,2424,False,[],"[""DisasterEvent""]","[""gresik""]",[],False,candidate_unverified,copy_38aa1f42face,2025-02-20,03:46,kompas,"[""disruption_candidate""]",kompas_money,validation,1,Bos Freeport Beberkan Dampak bila Masih Dilarang Ekspor Konsentrat Money 20 Februari 2025,https://money.kompas.com/read/2025/02/20/034600026/bos-freeport-beberkan-dampak-bila-masih-dilarang-ekspor-konsentrat
ann_9b835c155e8f,2011,False,"[""rice""]","[""DisasterEvent"", ""WeatherDisruption""]","[""lamongan"", ""ngawi""]",[],False,candidate_unverified,copy_98d120eb7058,2024-08-27,,kontan,"[""disruption_candidate""]",kontan,train,0,BMKG: Sebagian Sentra Produksi Padi Menghadapi Kekeringan Ekstrem,https://nasional.kontan.co.id/news/bmkg-sebagian-sentra-produksi-padi-menghadapi-kekeringan-ekstrem
ann_9b854f92cd63,1406,False,[],"[""WeatherDisruption""]","[""situbondo""]",[],False,candidate_unverified,copy_a6de167c7a3b,2026-01-21,05:31,kompas,"[""disruption_candidate""]",kompas_regional,test,1,"Puting Beliung Terjang 2 Desa di Besuki Situbondo, 63 Bangunan Rusak Regional 21 Januari 2026",https://surabaya.kompas.com/read/2026/01/21/053156678/puting-beliung-terjang-2-desa-di-besuki-situbondo-63-bangunan-rusak
ann_9b8d38129a27,1599,False,[],"[""DisasterEvent""]","[""gresik"", ""lamongan"", ""lumajang"", ""malang"", ""tuban""]",[],False,candidate_unverified,copy_7a899c70188d,2021-01-21,18:54,kompas,"[""disruption_candidate""]",kompas_regional,train,1,48 Pengungsi Gempa Majene Dipulangkan ke Asalnya di Jawa Timur News 21 Januari 2021,https://regional.kompas.com/read/2021/01/21/18540921/48-pengungsi-gempa-majene-dipulangkan-ke-asalnya-di-jawa-timur
ann_9ba14a22fdb8,1777,False,[],"[""DisasterEvent"", ""WeatherDisruption""]","[""pasuruan""]",[],False,candidate_unverified,copy_12ff48b1ed1e,2026-01-21,05:53,kompas,"[""disruption_candidate""]",kompas_regional,test,1,"Hujan Deras dan Angin Kencang di Pasuruan, 2 Rumah Warga Tertimpa Pohon Tumbang Regional 21 Januari 2026",https://surabaya.kompas.com/read/2026/01/21/055342178/hujan-deras-dan-angin-kencang-di-pasuruan-2-rumah-warga-tertimpa-pohon
ann_9ba7ff62d941,1691,False,[],"[""DisasterEvent""]","[""blitar""]","[""CrisisPreparednessAction""]",False,candidate_unverified,copy_d39535165e12,2026-04-24,18:06,kompas,"[""response_query""]",kompas_regional,test,1,"Gudang Sabut Kelapa di Blitar Hangus Terbakar, Kerugian Capai Rp 100 Juta Regional 24 April 2026",https://surabaya.kompas.com/read/2026/04/24/180637878/gudang-sabut-kelapa-di-blitar-hangus-terbakar-kerugian-capai-rp-100-juta
ann_9bb108541423,2243,True,[],"[""DisasterEvent""]","[""ponorogo""]",[],False,candidate_unverified,copy_bb1d25e8ec6a,2026-02-26,21:43,beritajatim,"[""disruption_candidate""]",beritajatim,test,1,Longsor Ngrayun Ponorogo Jebol Tembok Rumah Warga,https://beritajatim.com/longsor-ngrayun-ponorogo-jebol-tembok-rumah-warga
ann_9bf4936bd890,2720,False,"[""broad_food"", ""corn""]","[""SupplyShortage""]",[],"[""ProcurementAction""]",False,candidate_unverified,copy_5160cf2f0a2a,2025-01-22,08:19,kompas,"[""disruption_candidate"", ""response_query""]",kompas_regional,validation,1,"Dukung Swasembada Pangan, Polri Targetkan Penanaman Satu Juta Hektar Jagung Regional 22 Januari 2025",https://bandung.kompas.com/read/2025/01/22/081941978/dukung-swasembada-pangan-polri-targetkan-penanaman-satu-juta-hektar-jagung
ann_9c191f0f73cd,2407,True,[],"[""DisasterEvent""]","[""situbondo""]",[],False,candidate_unverified,copy_809ff09f6624,2025-11-25,14:20,kompas,"[""disruption_candidate""]",kompas_regional,validation,1,BPBD Situbondo Dirikan Tenda Darurat di Lokasi Bencana Tanah Longsor Regional 25 November 2025,https://surabaya.kompas.com/read/2025/11/25/142010278/bpbd-situbondo-dirikan-tenda-darurat-di-lokasi-bencana-tanah-longsor
ann_9c892b565896,1690,False,"[""beef""]","[""DisasterEvent""]","[""probolinggo""]",[],False,candidate_unverified,copy_c7e48d0fd32c,2023-12-05,08:44,kompas,"[""disruption_candidate""]",kompas_regional,train,1,"Kios Terbakar, Pedagang Pasar Leces: Baru Saja Kulak Puluhan Kg Daging Sapi Regional 5 Desember 2023",https://surabaya.kompas.com/read/2023/12/05/084449678/kios-terbakar-pedagang-pasar-leces-baru-saja-kulak-puluhan-kg-daging-sapi
ann_9cbda4d57640,2599,False,[],"[""DisasterEvent""]","[""lumajang""]","[""DistributionIntervention"", ""FoodAssistance""]",False,candidate_unverified,copy_800e4784595c,2021-12-27,18:15,kompas,"[""response_query""]",kompas_money,train,1,QNET Salurkan Bantuan Makanan untuk Korban Erupsi Gunung Semeru Lumajang Money 27 Desember 2021,https://money.kompas.com/read/2021/12/27/181518626/qnet-salurkan-bantuan-makanan-untuk-korban-erupsi-gunung-semeru-lumajang
ann_9ce77940213a,2218,False,"[""rice""]","[""PestDiseaseEvent""]","[""kediri""]",[],False,candidate_unverified,copy_257e9cc589e6,2021-03-15,20:24,beritajatim,"[""disruption_candidate""]",beritajatim,train,1,Kabupaten Kediri Segera Ekspor Beras Organik ke Swiss,https://beritajatim.com/kabupaten-kediri-segera-ekspor-beras-organik-ke-swiss
ann_9cfb56889ebf,1944,True,[],"[""DisasterEvent"", ""WeatherDisruption""]","[""surabaya""]","[""CrisisPreparednessAction""]",False,candidate_unverified,copy_ec471132f3e9,2026-04-01,05:31,kompas,"[""response_query""]",kompas_regional,test,1,El Nino Godzilla Bayangi Jatim: 815 Desa Terancam Krisis Air Bersih Regional 1 April 2026,https://surabaya.kompas.com/read/2026/04/01/053104678/el-nino-godzilla-bayangi-jatim-815-desa-terancam-krisis-air-bersih
ann_9d12e3f568eb,3687,False,"[""sugar""]","[""WeatherDisruption""]",[],"[""ImportExportAction""]",False,candidate_unverified,copy_1668555c4192,2024-04-22,13:43,kompas,"[""disruption_candidate"", ""response_query""]",kompas_money,train,1,Pelajaran Kegagalan Peningkatan Produksi Gula dari Kabupaten Dompu Money 22 April 2024,https://money.kompas.com/read/2024/04/22/134348026/pelajaran-kegagalan-peningkatan-produksi-gula-dari-kabupaten-dompu
ann_9d67ad7c7fd2,1791,False,"[""broad_food"", ""chicken_eggs"", ""chicken_meat"", ""chili"", ""shallot""]","[""SupplyShortage""]","[""pasuruan""]","[""DistributionIntervention""]",False,candidate_unverified,copy_c0503ca80279,2021-12-14,12:58,beritajatim,"[""disruption_candidate""]",beritajatim,train,1,Harga Cabai Rawit di Kota Pasuruan Capai 92 Ribu/Kg,https://beritajatim.com/harga-cabai-rawit-di-kota-pasuruan-capai-92-ribu-kg
ann_9d96cb937956,9238,False,[],"[""WeatherDisruption""]","[""jember""]","[""CrisisPreparednessAction"", ""DistributionIntervention"", ""OtherResponseAction""]",False,candidate_unverified,copy_54295c70f6a7,2023-12-21,,kontan,"[""disruption_candidate""]",kontan,train,0,"Berkah Kopi Indonesia di Tahun 2023:Produksi Naik, Harga Meningkat & Jadi Juara Dunia",https://pressrelease.kontan.co.id/news/berkah-kopi-indonesia-di-tahun-2023produksi-naik-harga-meningkat-jadi-juara-dunia
ann_9d98d241ee5c,4168,False,"[""rice""]","[""WeatherDisruption""]",[],"[""DistributionIntervention"", ""FoodAssistance"", ""ImportExportAction"", ""MarketOperationAction""]",False,candidate_unverified,copy_8af72a20d7d2,2023-09-04,,kontan,"[""disruption_candidate"", ""response_query""]",kontan,train,0,"Harga Beras Naik, Perpadi Minta Bantuan Pangan Beras Segera Digelontorkan",https://nasional.kontan.co.id/news/harga-beras-naik-perpadi-minta-bantuan-pangan-beras-segera-digelontorkan
ann_9df3a50a1312,2346,False,[],"[""DisasterEvent""]","[""nganjuk"", ""surabaya""]","[""DistributionIntervention"", ""FoodAssistance""]",False,candidate_unverified,copy_602d417a7583,2021-02-17,16:17,beritajatim,"[""disruption_candidate""]",beritajatim,train,1,"Longsor Nganjuk, Kemensos Berikan Santunan Rp 180 Juta untuk 12 Ahli Waris",https://beritajatim.com/longsor-nganjuk-kemensos-berikan-santunan-rp-180-juta-untuk-12-ahli-waris
ann_9e02376e6a44,2090,False,[],"[""DisasterEvent""]","[""malang"", ""mojokerto"", ""sidoarjo"", ""surabaya""]",[],False,candidate_unverified,copy_ba4b21d55b3a,2025-04-04,13:22,beritajatim,"[""disruption_candidate""]",beritajatim,validation,1,3 Korban Longsor Jalur Mojokerto – Batu Berhasil Dievakuasi,https://beritajatim.com/3-korban-longsor-jalur-mojokerto-batu-berhasil-dievakuasi
ann_9e03f58fc23d,2387,False,"[""sugar""]","[""DisasterEvent""]","[""blitar""]",[],False,candidate_unverified,copy_b6e73dc08f58,2022-10-27,18:07,kompas,"[""disruption_candidate""]",kompas_regional,train,1,Kronologi Truk Tebu Dihantam Banjir di Blitar yang Berakibat 4 Orang Tewas Regional 27 Oktober 2022,https://surabaya.kompas.com/read/2022/10/27/180754578/kronologi-truk-tebu-dihantam-banjir-di-blitar-yang-berakibat-4-orang-tewas
ann_9e0c5f89f25e,2266,False,[],"[""DisasterEvent""]","[""banyuwangi""]","[""CrisisPreparednessAction"", ""DistributionIntervention"", ""FoodAssistance""]",False,candidate_unverified,copy_d62b016b1e2d,2025-12-16,16:47,beritajatim,"[""disruption_candidate""]",beritajatim,validation,1,"Banjir Surut, BPBD Banyuwangi Evakuasi Warga Terjebak dan Sebar 1.500 Nasi Bungkus",https://beritajatim.com/banjir-surut-bpbd-banyuwangi-evakuasi-warga-terjebak-sebar-nasi-bungkus
ann_9e0fe2d9b8f6,2947,False,[],"[""DisasterEvent""]","[""malang""]","[""CrisisPreparednessAction""]",False,candidate_unverified,copy_3a753ebc3342,2022-07-07,22:26,beritajatim,"[""disruption_candidate""]",beritajatim,train,1,"Mitigasi Banjir, Pemkot Malang Normalisasi Saluran Air",https://beritajatim.com/mitigasi-banjir-pemkot-malang-normalisasi-saluran-air
ann_9e5611870e40,1204,False,[],"[""DisasterEvent""]","[""malang"", ""surabaya""]",[],False,candidate_unverified,copy_1a7236d8ecbe,2024-08-27,,kontan,"[""disruption_candidate""]",kontan,train,0,1.574 Hektar Lahan di Hutan Lindung Coban Rondo Terbakar,https://regional.kontan.co.id/news/1574-hektar-lahan-di-hutan-lindung-coban-rondo-terbakar
ann_9e73815ea298,2409,False,[],"[""DisasterEvent""]","[""jombang""]",[],False,candidate_unverified,copy_986616ef4d93,2021-01-13,22:05,detik,"[""disruption_candidate""]",detik_news,train,1,Bupati Jombang Diprotes dan Ditantang Warga untuk Tinggal di Lokasi Banjir,https://news.detik.com/berita-jawa-timur/d-5333061/bupati-jombang-diprotes-dan-ditantang-warga-untuk-tinggal-di-lokasi-banjir
ann_9e7d65845165,2102,False,"[""broad_food"", ""chili""]","[""DisasterEvent""]","[""banyuwangi"", ""surabaya""]",[],False,candidate_unverified,copy_873ac13cc61e,2025-12-08,17:08,kompas,"[""disruption_candidate""]",kompas_money,validation,1,KAI Logistik Gratiskan Pengiriman Bantuan untuk Korban Bencana Sumatra Money 8 Desember 2025,https://money.kompas.com/read/2025/12/08/170808726/kai-logistik-gratiskan-pengiriman-bantuan-untuk-korban-bencana-sumatra
ann_9eb67d2664f9,1521,False,[],"[""DisasterEvent""]",[],[],False,candidate_unverified,copy_89c4113bc5b6,2021-02-21,,kontan,"[""disruption_candidate""]",kontan,train,0,PLN menyalakan kembali 1.369 gardu distribusi terdampak banjir di Jawa Barat,https://regional.kontan.co.id/news/pln-menyalakan-kembali-1369-gardu-distribusi-terdampak-banjir-di-jawa-barat
ann_9f54280e8b2e,2499,True,"[""broad_food"", ""rice""]","[""DisasterEvent"", ""WeatherDisruption""]","[""nganjuk"", ""ngawi""]","[""CrisisPreparednessAction"", ""OtherResponseAction""]",False,candidate_unverified,copy_76f558abc4fc,2026-05-12,14:44,kompas,"[""disruption_candidate"", ""response_query""]",kompas_regional,test,1,"BPBD Nganjuk Petakan 12 Desa Rawan Kekeringan Saat Musim Kemarau 2026, Ini Daftarnya Regional 12 Mei 2026",https://surabaya.kompas.com/read/2026/05/12/144432178/bpbd-nganjuk-petakan-12-desa-rawan-kekeringan-saat-musim-kemarau-2026-ini
ann_9f6fb6713ce4,3395,False,"[""broad_food"", ""rice""]","[""PestDiseaseEvent""]","[""banyuwangi""]","[""ProductionAssistance""]",False,candidate_unverified,copy_b3df33159423,2025-09-25,14:00,beritajatim,"[""response_query""]",beritajatim,validation,1,Program Ketahanan Pangan Prabowo Dongkrak Produksi Pertanian Banyuwangi,https://beritajatim.com/program-ketahanan-pangan-prabowo-dongkrak-produksi-pertanian-banyuwangi
ann_9f84c04e4e60,1708,True,[],"[""DisasterEvent""]","[""mojokerto""]","[""CrisisPreparednessAction""]",False,candidate_unverified,copy_ea77e425b8b5,2026-01-11,00:32,beritajatim,"[""response_query""]",beritajatim,test,1,Banjir Genangan Anak Sungai Lamong Rendam 13 Rumah di Dawarblandong Mojokerto,https://beritajatim.com/banjir-genangan-anak-sungai-lamong-rendam-13-rumah-di-dawarblandong-mojokerto
ann_9f8e5f6b4d8a,1349,False,"[""rice""]","[""DisasterEvent""]","[""kediri""]",[],False,candidate_unverified,copy_4aa7d8ef845e,2021-10-02,16:10,beritajatim,"[""disruption_candidate""]",beritajatim,train,1,"Korsleting Listrik, Gudang Beras di Kediri Ludes Terbakar",https://beritajatim.com/korsleting-listrik-gudang-beras-di-kediri-ludes-terbakar
ann_9ff98f75e799,1574,False,[],"[""DisasterEvent""]","[""bangkalan""]",[],False,candidate_unverified,copy_023ce646c303,2025-03-15,15:42,beritajatim,"[""disruption_candidate""]",beritajatim,validation,1,"Tragedi Kebakaran di Bangkalan, Seorang Nenek Hangus di Atas Kasur",https://beritajatim.com/tragedi-kebakaran-di-bangkalan-seorang-nenek-hangus-di-atas-kasur
ann_9ffd715b6abf,2223,False,"[""broad_food""]","[""DisasterEvent"", ""WeatherDisruption""]","[""jember""]",[],False,candidate_unverified,copy_d09569efec7f,2025-12-09,20:07,kompas,"[""disruption_candidate""]",kompas_regional,validation,1,"Banjir Terjang 2 Desa di Jember, 135 Rumah Terdampak Regional 9 Desember 2025",https://surabaya.kompas.com/read/2025/12/09/200746578/banjir-terjang-2-desa-di-jember-135-rumah-terdampak
ann_a0269e4c5fcf,1056,False,[],"[""DisasterEvent""]","[""pacitan"", ""surabaya"", ""trenggalek""]",[],False,candidate_unverified,copy_e238ce78738c,2021-10-13,18:21,kompas,"[""disruption_candidate""]",kompas_regional,train,1,"Gempa M 4,8 Guncang Pacitan, BPBD Jatim Belum Terima Laporan Kerusakan Regional 13 Oktober 2021",https://regional.kompas.com/read/2021/10/13/182141478/gempa-m-48-guncang-pacitan-bpbd-jatim-belum-terima-laporan-kerusakan
ann_a0356cc833ef,1465,True,"[""broad_food"", ""chicken_eggs"", ""chicken_meat"", ""chili"", ""garlic"", ""rice"", ""shallot""]","[""SupplyShortage""]","[""sumenep""]",[],False,candidate_unverified,copy_c68ccdb53165,2023-11-06,16:06,beritajatim,"[""disruption_candidate""]",beritajatim,train,1,Harga Cabai Merah Besar di Sumenep Mulai Merangkak Naik,https://beritajatim.com/harga-cabai-merah-besar-di-sumenep-mulai-merangkak-naik
ann_a061bf213c4d,1474,False,[],"[""DisasterEvent""]","[""lumajang""]","[""CrisisPreparednessAction"", ""DistributionIntervention"", ""FoodAssistance""]",False,candidate_unverified,copy_98a97bde9cb7,2025-11-22,11:46,beritajatim,"[""disruption_candidate""]",beritajatim,validation,1,Pemkab Lumajang Pastikan Tidak Membuka Donasi Publik untuk Korban Erupsi Semeru,https://beritajatim.com/pemkab-lumajang-larang-donasi-publik-korban-erupsi-semeru
ann_a0aa34ce9ce6,2300,False,"[""broad_food"", ""rice""]","[""PestDiseaseEvent"", ""WeatherDisruption""]","[""tuban""]","[""MarketOperationAction"", ""ProductionAssistance""]",False,candidate_unverified,copy_922e92bfeb33,2025-01-09,15:23,beritajatim,"[""response_query""]",beritajatim,validation,1,Gerakan Tanam Percepatan LTT di Desa Pugoh Wujudkan Ketahanan Pangan,https://beritajatim.com/gerakan-tanam-percepatan-ltt-di-desa-pugoh-wujudkan-ketahanan-pangan
ann_a0da118f3926,1210,False,[],"[""DisasterEvent""]","[""mojokerto""]",[],False,candidate_unverified,copy_bb73edcfc36d,2023-11-02,23:27,detik,"[""disruption_candidate""]",detik_news,train,1,"Gunung Penanggungan Mojokerto Kebakaran, Jalur Pendakian Ditutup",https://news.detik.com/berita/d-7016566/gunung-penanggungan-mojokerto-kebakaran-jalur-pendakian-ditutup
ann_a1453c7ecb8f,2248,False,[],"[""DisasterEvent""]",[],[],False,candidate_unverified,copy_98cb20abda7b,2021-06-05,23:25,detik,"[""disruption_candidate""]",detik_news,train,1,"BMKG: Gempa-Tsunami Pantai Selatan Jatim Potensi, Bukan Prediksi",https://news.detik.com/berita/d-5595009/bmkg-gempa-tsunami-pantai-selatan-jatim-potensi-bukan-prediksi
ann_a154d7d7d108,2160,False,"[""fish""]","[""DisasterEvent"", ""WeatherDisruption""]","[""lamongan""]",[],False,candidate_unverified,copy_b843f52813a2,2022-07-06,15:01,kompas,"[""disruption_candidate""]",kompas_regional,train,1,"Hujan Deras Disertai Angin Kencang di Lamongan, Sejumlah Perahu Nelayan Rusak Regional 6 Juli 2022",https://surabaya.kompas.com/read/2022/07/06/150118178/hujan-deras-disertai-angin-kencang-di-lamongan-sejumlah-perahu-nelayan
ann_a1748727175f,589,False,[],"[""DisasterEvent""]","[""gresik"", ""lamongan"", ""mojokerto"", ""pasuruan"", ""sidoarjo"", ""surabaya""]",[],False,candidate_unverified,copy_27500be5d124,2023-06-19,21:13,kompas,"[""disruption_candidate""]",kompas_regional,train,1,"Gempa M 4,6 Guncang Mojokerto, Tak Berisiko Tsunami Regional 19 Juni 2023",https://surabaya.kompas.com/read/2023/06/19/211317178/gempa-m-46-guncang-mojokerto-tak-berisiko-tsunami
ann_a17eca98e332,5756,False,"[""rice""]","[""WeatherDisruption""]","[""jember""]","[""OtherResponseAction"", ""ProductionAssistance""]",False,candidate_unverified,copy_e48cb15a7177,2024-03-03,16:31,beritajatim,"[""disruption_candidate""]",beritajatim,train,1,Mahalnya Harga Beras dan Cita-Cita Slank,https://beritajatim.com/mahalnya-harga-beras-dan-cita-cita-slank
ann_a17f35bb0c12,1692,False,"[""broad_food""]","[""DisasterEvent""]","[""jember""]","[""DistributionIntervention""]",False,candidate_unverified,copy_d14fa68425f1,2022-01-10,15:30,beritajatim,"[""response_query""]",beritajatim,train,1,"Banjir di Jember: 3 Orang Meninggal, Ratusan Rumah Terendam",https://beritajatim.com/banjir-di-jember-3-orang-meninggal-ratusan-rumah-terendam
ann_a1862433a891,3156,False,"[""sugar""]","[""SupplyShortage""]","[""kediri"", ""madiun"", ""malang"", ""nganjuk"", ""surabaya""]","[""ImportExportAction""]",False,candidate_unverified,copy_030635e2bd4f,2021-04-23,,kontan,"[""disruption_candidate""]",kontan,train,0,"Stok gula diklaim aman, IKM makanan bisa tingkatkan produksi",https://industri.kontan.co.id/news/stok-gula-diklaim-aman-ikm-makanan-bisa-tingkatkan-produksi
ann_a19d05e40e3f,2271,False,"[""beef"", ""broad_food"", ""chicken_eggs"", ""chicken_meat"", ""chili"", ""cooking_oil"", ""garlic"", ""rice"", ""shallot"", ""soybean""]","[""SupplyShortage""]","[""malang""]","[""CrisisPreparednessAction"", ""OtherResponseAction""]",False,candidate_unverified,copy_be01a1559b33,2026-02-08,15:36,kompas,"[""disruption_candidate"", ""response_query""]",kompas_regional,test,1,"Jelang Puasa, Satgas Pangan Malang: Harga Cabai Masih Tinggi, Komoditas Lain Stabil Regional 8 Februari 2026",https://surabaya.kompas.com/read/2026/02/08/153633878/jelang-puasa-satgas-pangan-malang-harga-cabai-masih-tinggi-komoditas-lain
ann_a1cf3fda0365,2841,False,"[""broad_food"", ""fish"", ""rice""]","[""DisasterEvent""]","[""banyuwangi""]","[""CrisisPreparednessAction""]",False,candidate_unverified,copy_daab7bd4d486,2021-03-27,08:19,beritajatim,"[""disruption_candidate""]",beritajatim,train,1,"Susur Sungai, Solusi Paceklik Ikan Air Tawar di Banyuwangi",https://beritajatim.com/susur-sungai-solusi-paceklik-ikan-air-tawar-di-banyuwangi
ann_a1d409507d98,1738,False,[],"[""DisasterEvent"", ""WeatherDisruption""]","[""situbondo""]",[],False,candidate_unverified,copy_47d86f37b452,2026-01-22,14:54,kompas,"[""disruption_candidate""]",kompas_regional,test,1,"Banjir Bandang di Situbondo Rendam 6.155 Rumah, Warga Waspada Banjir Susulan Regional 22 Januari 2026",https://surabaya.kompas.com/read/2026/01/22/145444978/banjir-bandang-di-situbondo-rendam-6155-rumah-warga-waspada-banjir-susulan
ann_a1d86431ff91,2792,False,[],"[""DisasterEvent""]","[""gresik""]",[],False,candidate_unverified,copy_aa2570cb3243,2025-11-15,,kontan,"[""disruption_candidate""]",kontan,validation,0,Antam Sambut Operasi Freeport: Pasokan Emas Nasional Stabil,https://industri.kontan.co.id/news/antam-sambut-operasi-freeport-pasokan-emas-nasional-stabil
ann_a1e5f6a33e9b,2546,True,"[""broad_food""]","[""WeatherDisruption""]","[""lamongan"", ""malang""]","[""CrisisPreparednessAction""]",False,candidate_unverified,copy_59352e99e5e6,2024-06-04,11:13,kompas,"[""disruption_candidate"", ""response_query""]",kompas_regional,train,1,"Amankan Pasokan Air Saat Kemarau, BMKG Realisasikan Program TMC di Lamongan Regional 4 Juni 2024",https://regional.kompas.com/read/2024/06/04/111337678/amankan-pasokan-air-saat-kemarau-bmkg-realisasikan-program-tmc-di-lamongan
ann_a215a95c3b3f,2411,False,"[""broad_food""]","[""SupplyShortage""]","[""sumenep""]","[""DistributionIntervention""]",False,candidate_unverified,copy_15178f2b7743,2025-02-20,13:52,kompas,"[""disruption_candidate""]",kompas_regional,validation,1,Stok Elpiji di 10 Pangkalan di Pulau Kangean Sumenep Kosong Regional 20 Februari 2025,https://surabaya.kompas.com/read/2025/02/20/135203378/stok-elpiji-di-10-pangkalan-di-pulau-kangean-sumenep-kosong
ann_a23011d8a914,2062,False,[],"[""DisasterEvent""]","[""batu"", ""surabaya""]",[],False,candidate_unverified,copy_19e6541c7a4b,2021-11-05,21:20,kompas,"[""disruption_candidate""]",kompas_regional,train,1,"Forkopimda Jatim Bentuk Satgas Penanganan Banjir Bandang Kota Batu, Apa Saja Tugasnya? Regional 5 November 2021",https://regional.kompas.com/read/2021/11/05/212052078/forkopimda-jatim-bentuk-satgas-penanganan-banjir-bandang-kota-batu-apa-saja
ann_a2604e763a5d,2666,True,"[""broad_food"", ""chili"", ""corn"", ""rice"", ""soybean""]","[""ProductionDisruption"", ""WeatherDisruption""]","[""blitar""]","[""CrisisPreparednessAction""]",False,candidate_unverified,copy_c96fde0f3797,2023-10-06,21:05,beritajatim,"[""disruption_candidate""]",beritajatim,train,1,"Kemarau Panjang, DKPP Kabupaten Blitar Klaim Tak Ada Gagal Panen",https://beritajatim.com/kemarau-panjang-dkpp-kabupaten-blitar-klaim-tak-ada-gagal-panen
ann_a27e24707b5c,2575,False,[],"[""DisasterEvent"", ""SupplyShortage""]","[""magetan""]","[""DistributionIntervention"", ""FoodAssistance"", ""OtherResponseAction""]",False,candidate_unverified,copy_4fb3f25a6aa0,2024-03-21,05:00,kompas,"[""disruption_candidate""]",kompas_money,train,1,"[POPULER MONEY] Kata Risma soal ""Banjir"" Bansos Pemilu | Pupuk Langka, Ini Respons Menteri ESDM Money 21 Maret 2024",https://money.kompas.com/read/2024/03/21/050000626/-populer-money-kata-risma-soal-banjir-bansos-pemilu-pupuk-langka-ini-respons
ann_a28dfabda7cd,2176,False,"[""beef"", ""broad_food"", ""chicken_eggs"", ""chicken_meat"", ""chili"", ""rice""]","[""SupplyShortage""]","[""sumenep""]",[],False,candidate_unverified,copy_e0aedff45db8,2023-01-25,18:38,beritajatim,"[""disruption_candidate""]",beritajatim,train,1,"Di Sumenep, Harga Telur Ayam Ras Berangsur Turun",https://beritajatim.com/di-sumenep-harga-telur-ayam-ras-berangsur-turun
ann_a291bd16a17d,2097,False,[],"[""DisasterEvent""]","[""blitar""]",[],False,candidate_unverified,copy_13a63ea8bfe8,2022-09-13,16:00,kompas,"[""disruption_candidate""]",kompas_regional,train,1,"Dugaan Pungutan Dana Bantuan Gempa di Blitar, Polisi Periksa 300 Warga Regional 13 September 2022",https://surabaya.kompas.com/read/2022/09/13/160024378/dugaan-pungutan-dana-bantuan-gempa-di-blitar-polisi-periksa-300-warga
ann_a2dcad994f9d,2242,False,[],"[""DisasterEvent""]","[""jombang""]",[],False,candidate_unverified,copy_7a538ae14b56,2025-05-09,19:39,beritajatim,"[""disruption_candidate""]",beritajatim,validation,1,Kebakaran Pasar Mojoduwur Jombang Diduga Akibat Korsleting Listrik,https://beritajatim.com/kebakaran-pasar-mojoduwur-jombang-diduga-akibat-korsleting-listrik
ann_a2dd0d407f63,2365,False,[],"[""DisasterEvent""]","[""magetan""]","[""DistributionIntervention"", ""FoodAssistance""]",False,candidate_unverified,copy_89858b504234,2026-03-07,19:04,beritajatim,"[""response_query""]",beritajatim,test,1,"Talud 14 Meter Longsor di Magetan, Timpa Rumah Warga dan Lukai Satu Orang",https://beritajatim.com/talud-14-meter-longsor-di-magetan-timpa-rumah-warga-dan-lukai-satu-orang
ann_a318a2f03d00,3805,True,"[""broad_food"", ""rice""]","[""DisasterEvent"", ""SupplyShortage""]","[""surabaya""]","[""CrisisPreparednessAction""]",False,candidate_unverified,copy_4a4060b79e64,2021-03-25,16:36,beritajatim,"[""disruption_candidate""]",beritajatim,train,1,"Legislator DPR: Jangan Asal Tuduh Rente, Bulog Sendiri yang Impor Beras",https://beritajatim.com/legislator-dpr-jangan-asal-tuduh-rente-bulog-sendiri-yang-impor-beras
ann_a31dfd9e5980,3102,False,[],"[""DistributionDisruption"", ""WeatherDisruption""]","[""surabaya""]",[],False,candidate_unverified,copy_d69130417a29,2026-02-06,,kontan,"[""disruption_candidate""]",kontan,test,0,"Antrean di Pelabuhan Tekan Kinerja Logistik, Pengusaha Desak Evaluasi Menyeluruh",https://industri.kontan.co.id/news/antrean-di-pelabuhan-tekan-kinerja-logistik-pengusaha-desak-evaluasi-menyeluruh
ann_a34908ce24f7,1486,True,[],"[""DisasterEvent""]","[""pacitan""]",[],False,candidate_unverified,copy_b6310827e8e8,2021-09-08,22:43,detik,"[""disruption_candidate""]",detik_news,train,1,"Razia Rutan Pacitan Cegah Kebakaran, Ini Hasilnya",https://news.detik.com/berita-jawa-timur/d-5715732/razia-rutan-pacitan-cegah-kebakaran-ini-hasilnya
ann_a34e526078d4,2590,True,[],"[""DisasterEvent""]","[""lamongan""]","[""CrisisPreparednessAction""]",False,candidate_unverified,copy_2ddf6c9428bb,2021-10-04,23:14,beritajatim,"[""response_query""]",beritajatim,train,1,"Hadapi Musim Hujan, BPBD Lamongan Petakan Titik Rawan Bencana",https://beritajatim.com/hadapi-musim-hujan-bpbd-lamongan-petakan-titik-rawan-bencana
ann_a35021f5e896,1431,True,"[""broad_food"", ""fish"", ""rice""]","[""PestDiseaseEvent"", ""ProductionDisruption""]","[""ponorogo""]",[],False,candidate_unverified,copy_36aad023a5e8,2025-07-21,21:23,kompas,"[""disruption_candidate""]",kompas_regional,validation,1,"875 Hektar Padi di Ponorogo Diserang Hama Wereng, Pemkab Semprot Pestisida Massal Regional 21 Juli 2025",https://surabaya.kompas.com/read/2025/07/21/212328578/875-hektar-padi-di-ponorogo-diserang-hama-wereng-pemkab-semprot-pestisida
ann_a35c2ac5d0e6,2575,False,"[""rice""]","[""WeatherDisruption""]","[""jember""]","[""CrisisPreparednessAction"", ""ImportExportAction""]",False,candidate_unverified,copy_2cb2ff30157d,2023-12-26,,kontan,"[""disruption_candidate"", ""response_query""]",kontan,train,0,"Agar Tak Mudarat, Pengamat Ingatkan Impor Beras 2024 Harus Dihitung Cermat",https://nasional.kontan.co.id/news/agar-tak-mudarat-pengamat-ingatkan-impor-beras-2024-harus-dihitung-cermat
ann_a36d2f5beda8,1100,False,[],"[""DisasterEvent""]","[""blitar"", ""lumajang"", ""malang"", ""pasuruan""]",[],False,candidate_unverified,copy_4725fd97be11,2021-05-21,23:06,detik,"[""disruption_candidate""]",detik_news,train,1,"Gempa Blitar M 5,9 Rusak Sejumlah Rumah dan Fasilitas Umum di Jatim",https://news.detik.com/berita-jawa-timur/d-5578249/gempa-blitar-m-5-9-rusak-sejumlah-rumah-dan-fasilitas-umum-di-jatim
ann_a37b0bcde2aa,2323,False,"[""beef""]","[""PestDiseaseEvent""]","[""surabaya""]",[],False,candidate_unverified,copy_2a5d1330ca60,2022-05-19,17:39,beritajatim,"[""disruption_candidate""]",beritajatim,train,1,PDHI Jatim Imbau Masyarakat Tak Khawatir Konsumsi Daging Sapi dari RPH,https://beritajatim.com/pdhi-jatim-imbau-masyarakat-tak-khawatir-konsumsi-daging-sapi-dari-rph
ann_a3dbcad66764,2160,True,[],"[""DisasterEvent"", ""DistributionDisruption""]","[""tuban""]","[""CrisisPreparednessAction"", ""InspectionEnforcement"", ""ProcurementAction""]",False,candidate_unverified,copy_c06bbb3eb50a,2024-11-26,22:28,beritajatim,"[""response_query""]",beritajatim,train,1,"Musim Hujan, Bawaslu Tuban Petakan Kerawanan Tempat Penyimpanan Logistik di Kecamatan hingga TPS",https://beritajatim.com/musim-hujan-bawaslu-tuban-petakan-kerawanan-tempat-penyimpanan-logistik-di-kecamatan-hingga-tps
ann_a3e334ab80f2,927,False,[],"[""DisasterEvent""]","[""ponorogo"", ""trenggalek""]",[],False,candidate_unverified,copy_46e6d420f19b,2022-01-01,21:19,detik,"[""disruption_candidate""]",detik_news,train,1,Jembatan Darurat Penghubung Trenggalek-Ponorogo Putus Diterjang Banjir,https://news.detik.com/berita-jawa-timur/d-5880281/jembatan-darurat-penghubung-trenggalek-ponorogo-putus-diterjang-banjir
ann_a3f0f2f0fc84,3724,False,"[""corn"", ""rice""]","[""ProductionDisruption""]","[""surabaya""]",[],False,candidate_unverified,copy_066ef7fc12e6,2021-09-30,19:52,detik,"[""disruption_candidate""]",detik_finance,train,1,Airlangga Lepas Pengiriman 23.000 Ton Jagung Antar Pulau di Gorontalo,https://finance.detik.com/berita-ekonomi-bisnis/d-5747524/airlangga-lepas-pengiriman-23-000-ton-jagung-antar-pulau-di-gorontalo
ann_a3f2c38f307d,7176,True,"[""broad_food""]","[""DisasterEvent"", ""WeatherDisruption""]","[""jombang"", ""malang"", ""mojokerto"", ""ponorogo"", ""surabaya""]","[""CrisisPreparednessAction"", ""DistributionIntervention"", ""FoodAssistance"", ""OtherResponseAction""]",False,candidate_unverified,copy_56564a740b86,2024-12-18,07:35,beritajatim,"[""disruption_candidate""]",beritajatim,train,1,"Antisipasi Bencana Hidrometeorologi, Pj Gubernur Jatim Rakor Bersama Menko PMK dan Kepala BNPB",https://beritajatim.com/antisipasi-bencana-hidrometeorologi-pj-gubernur-jatim-rakor-bersama-menko-pmk-dan-kepala-bnpb
ann_a40097e6126c,2073,False,"[""corn"", ""rice""]","[""PestDiseaseEvent""]","[""lumajang""]",[],False,candidate_unverified,copy_4c41bdda95c7,2024-07-31,10:44,kompas,"[""disruption_candidate""]",kompas_regional,train,1,Serangan Hama Tikus Bikin Petani di Lumajang Hanya Bisa Jual Daun Jagung Regional 31 Juli 2024,https://surabaya.kompas.com/read/2024/07/31/104438578/serangan-hama-tikus-bikin-petani-di-lumajang-hanya-bisa-jual-daun-jagung
ann_a42a5ac011da,1989,False,"[""fish""]","[""DisasterEvent""]","[""pacitan"", ""surabaya""]",[],False,candidate_unverified,copy_06092879d372,2021-09-11,21:49,detik,"[""disruption_candidate""]",detik_news,train,1,Ini Kata Mensos Saat Hadiri Simulasi Gempa dan Tsunami di Pacitan,https://news.detik.com/berita-jawa-timur/d-5719863/ini-kata-mensos-saat-hadiri-simulasi-gempa-dan-tsunami-di-pacitan
ann_a46e82a67316,2486,False,"[""chili""]","[""DisasterEvent"", ""WeatherDisruption""]","[""jember""]",[],False,candidate_unverified,copy_551a8f15c25a,2026-02-03,06:49,kompas,"[""disruption_candidate""]",kompas_regional,test,1,Korban Terseret Arus Banjir Bandang di Jember Terus Dicari Regional 3 Februari 2026,https://surabaya.kompas.com/read/2026/02/03/064921178/korban-terseret-arus-banjir-bandang-di-jember-terus-dicari
ann_a48269761f0e,2012,False,"[""buffalo_meat""]","[""PestDiseaseEvent""]","[""surabaya""]","[""DistributionIntervention"", ""InspectionEnforcement""]",False,candidate_unverified,copy_e941572f3599,2022-05-12,16:15,kompas,"[""disruption_candidate""]",kompas_regional,train,1,"Sapi Asal Jatim Masuk Lewat Pelabuhan, Pemprov Kalsel Belum Temukan Kasus PMK Regional 12 Mei 2022",https://regional.kompas.com/read/2022/05/12/161534578/sapi-asal-jatim-masuk-lewat-pelabuhan-pemprov-kalsel-belum-temukan-kasus
ann_a49b7d24ca2c,1153,False,[],"[""DisasterEvent""]","[""banyuwangi"", ""situbondo""]",[],False,candidate_unverified,copy_55898fb69361,2025-09-25,19:26,kompas,"[""disruption_candidate""]",kompas_regional,validation,1,"Dampak Gempa Banyuwangi, 40 Rumah di Situbondo Juga Rusak Regional 25 September 2025",https://surabaya.kompas.com/read/2025/09/25/192614678/dampak-gempa-banyuwangi-40-rumah-di-situbondo-juga-rusak
ann_a4b183c4fc20,1841,False,[],"[""DisasterEvent""]","[""lumajang""]",[],False,candidate_unverified,copy_b6c2bc2fe9dd,2022-12-04,16:57,beritajatim,"[""disruption_candidate""]",beritajatim,train,1,"Erupsi Gunung Semeru, 1.979 Warga Lumajang Mengungsi",https://beritajatim.com/erupsi-gunung-semeru-1-979-warga-lumajang-mengungsi
ann_a4b1b2962399,1804,False,"[""broad_food"", ""fish"", ""rice""]","[""ProductionDisruption""]","[""ponorogo""]",[],False,candidate_unverified,copy_70c634d6b8cd,2021-03-06,13:23,beritajatim,"[""disruption_candidate""]",beritajatim,train,1,"Pencairan Klaim Lama, Petani di Ponorogo Enggan Asuransikan Padi",https://beritajatim.com/pencairan-klaim-lama-petani-di-ponorogo-enggan-asuransikan-padi
ann_a4fe58d82671,2122,False,"[""rice""]","[""SupplyShortage""]","[""blitar""]","[""MarketOperationAction""]",False,candidate_unverified,copy_9d4b408b3a50,2023-08-29,17:11,kompas,"[""disruption_candidate""]",kompas_regional,train,1,"Harga Beras di Blitar Rp 14.000 Per Kg, Pemda Gelar Operasi Pasar Regional 29 Agustus 2023",https://surabaya.kompas.com/read/2023/08/29/171116678/harga-beras-di-blitar-rp-14000-per-kg-pemda-gelar-operasi-pasar
ann_a51356dfce0d,2366,False,"[""broad_food"", ""chili""]","[""WeatherDisruption""]","[""madiun""]",[],False,candidate_unverified,copy_2b2507ff5512,2025-02-25,11:20,kompas,"[""disruption_candidate""]",kompas_regional,validation,1,"Jelang Ramadhan, Harga Cabai Rawit di Madiun Melonjak Jadi Rp 82.000 Per Kg Regional 25 Februari 2025",https://surabaya.kompas.com/read/2025/02/25/112020078/jelang-ramadhan-harga-cabai-rawit-di-madiun-melonjak-jadi-rp-82000-per-kg
ann_a5168b5176d0,1581,False,[],"[""DisasterEvent""]","[""malang""]","[""DistributionIntervention""]",False,candidate_unverified,copy_786e1d96e12f,2025-09-24,18:03,beritajatim,"[""response_query""]",beritajatim,validation,1,BPBD Bantu Kuras 60 Sumur Warga Dampak Banjir di Malang Selatan,https://beritajatim.com/bpbd-bantu-kuras-60-sumur-warga-dampak-banjir-di-malang-selatan
ann_a51bfaaf7c0f,1721,False,"[""rice""]","[""ProductionDisruption""]",[],"[""DistributionIntervention"", ""ReserveRelease""]",False,candidate_unverified,copy_ec7e24c5050a,2022-11-23,20:30,kompas,"[""response_query""]",kompas_money,train,1,Bos Bulog Tagih Janji Kementan Salurkan 500.000 Ton untuk CBP Money 23 November 2022,https://money.kompas.com/read/2022/11/23/203000326/bos-bulog-tagih-janji-kementan-salurkan-500.000-ton-untuk-cbp
ann_a5250e854916,3110,False,[],"[""DisasterEvent""]","[""banyuwangi""]","[""CrisisPreparednessAction""]",False,candidate_unverified,copy_6925569503b3,2022-06-26,19:28,beritajatim,"[""disruption_candidate""]",beritajatim,train,1,"Siaga Bencana Banyuwangi, Tagana Masuk Sekolah",https://beritajatim.com/siaga-bencana-banyuwangi-tagana-masuk-sekolah
ann_a55df200171a,3040,False,[],"[""DisasterEvent""]","[""gresik""]",[],False,candidate_unverified,copy_65e27c943a87,2024-02-12,06:13,kompas,"[""disruption_candidate""]",kompas_regional,train,1,Lima Desa di Gresik Masih Terendam Banjir Regional 12 Februari 2024,https://surabaya.kompas.com/read/2024/02/12/061354978/lima-desa-di-gresik-masih-terendam-banjir
ann_a592b5ec0a13,2045,False,"[""broad_food"", ""rice""]","[""WeatherDisruption""]","[""blitar""]",[],False,candidate_unverified,copy_085c703655e3,2023-08-29,15:41,beritajatim,"[""disruption_candidate""]",beritajatim,train,1,"Harga Beras di Kota Blitar Meroket, Tembus Rp70 Ribu 5 Kg",https://beritajatim.com/harga-beras-di-kota-blitar-meroket-tembus-rp70-ribu-per-5-kg
ann_a599b8afa5bc,2150,False,"[""broad_food""]","[""DisasterEvent""]","[""kediri""]",[],False,candidate_unverified,copy_94ea3bbf426e,2023-04-30,13:11,beritajatim,"[""disruption_candidate""]",beritajatim,train,1,Wali Kota Kediri Tinjau Kebakaran Kantor DKPP Kota Kediri,https://beritajatim.com/wali-kota-kediri-tinjau-kebakaran-kantor-dkpp-kota-kediri
ann_a5c8a489d624,1459,False,"[""broad_food"", ""rice"", ""sugar""]","[""WeatherDisruption""]","[""malang"", ""surabaya""]","[""CrisisPreparednessAction"", ""DistributionIntervention"", ""MarketOperationAction"", ""ReserveRelease""]",False,candidate_unverified,copy_a2b87f208347,2023-08-13,19:00,detik,"[""disruption_candidate"", ""response_query""]",detik_finance,train,1,"Antisipasi Dampak El Nino, Erick Thohir Sebut Presiden Minta Bikin Pasar Murah",https://finance.detik.com/berita-ekonomi-bisnis/d-6874272/antisipasi-dampak-el-nino-erick-thohir-sebut-presiden-minta-bikin-pasar-murah
ann_a612371be33e,12889,False,"[""broad_food"", ""rice""]","[""SupplyShortage""]",[],"[""CrisisPreparednessAction"", ""DistributionIntervention"", ""OtherResponseAction"", ""ProductionAssistance""]",False,candidate_unverified,copy_423aa7d82be6,2021-01-21,21:17,detik,"[""disruption_candidate""]",detik_finance,train,1,"Pasokan Pupuk Disorot, Ada Kendala di Mana?",https://finance.detik.com/berita-ekonomi-bisnis/d-5343697/pasokan-pupuk-disorot-ada-kendala-di-mana
ann_a62795161118,1819,True,"[""buffalo_meat""]","[""PestDiseaseEvent""]","[""lumajang""]",[],False,candidate_unverified,copy_d4c6d42dddc9,2022-05-22,15:58,kompas,"[""disruption_candidate""]",kompas_regional,train,1,28 Kerbau di Lumajang Mulai Terjangkit PMK Regional 22 Mei 2022,https://surabaya.kompas.com/read/2022/05/22/155838478/28-kerbau-di-lumajang-mulai-terjangkit-pmk
ann_a639cd7b673f,2788,False,"[""rice""]","[""DisasterEvent"", ""ProductionDisruption"", ""WeatherDisruption""]",[],"[""CrisisPreparednessAction"", ""ReserveRelease""]",False,candidate_unverified,copy_791a6b7512d5,2023-08-08,20:40,kompas,"[""disruption_candidate""]",kompas_money,train,1,Pengusaha Beras Sebut Banyak Pemilik Penggilingan Padi Tutup karena Merugi Money 8 Agustus 2023,https://money.kompas.com/read/2023/08/08/204000026/pengusaha-beras-sebut-banyak-pemilik-penggilingan-padi-tutup-karena-merugi
ann_a63ed292f7aa,1337,False,"[""broad_food""]","[""DisasterEvent""]","[""gresik""]",[],False,candidate_unverified,copy_76ff14ab8ebf,2025-10-05,19:06,beritajatim,"[""disruption_candidate""]",beritajatim,validation,1,Gudang Indomarco dan Silikon di Gresik Terbakar,https://beritajatim.com/gudang-indomarco-dan-silikon-di-gresik-terbakar
ann_a642e71b002e,2208,False,"[""broad_food""]","[""DisasterEvent""]","[""surabaya""]","[""DistributionIntervention"", ""FoodAssistance""]",False,candidate_unverified,copy_4e074d991681,2025-12-04,22:22,kompas,"[""disruption_candidate""]",kompas_regional,validation,1,"Usai Kirim Bantuan Rp 194,9 Juta, Pemkot Surabaya Masih Buka Posko Donasi Bencana Sumatera Regional 4 Desember 2025",https://surabaya.kompas.com/read/2025/12/04/222230978/usai-kirim-bantuan-rp-1949-juta-pemkot-surabaya-masih-buka-posko-donasi
ann_a656d04f7b7c,1672,False,"[""broad_food"", ""chili""]","[""WeatherDisruption""]","[""jombang"", ""nganjuk""]","[""DistributionIntervention"", ""FoodAssistance"", ""InspectionEnforcement"", ""MarketOperationAction""]",False,candidate_unverified,copy_c7d013155115,2024-01-12,21:20,beritajatim,"[""disruption_candidate""]",beritajatim,train,1,Pasar Murah Sembako Jatim Beragam Ringankan Warga Jombang,https://beritajatim.com/pasar-murah-sembako-jatim-beragam-ringankan-warga-jombang
ann_a6ffd742b337,4809,False,"[""fish""]","[""DisasterEvent""]","[""bangkalan""]","[""CrisisPreparednessAction""]",False,candidate_unverified,copy_6481bae62a04,2023-11-10,,kontan,"[""disruption_candidate""]",kontan,train,0,Inovasi PHE WMO Siapkan Petani Garam di Segala Cuaca Lewat Salt Centre Terintegrasi,https://regional.kontan.co.id/news/inovasi-phe-wmo-siapkan-petani-garam-di-segala-cuaca-lewat-salt-centre-terintegrasi
ann_a716d86b4a79,7526,False,"[""broad_food"", ""rice""]","[""PestDiseaseEvent""]","[""ngawi""]","[""CrisisPreparednessAction""]",False,candidate_unverified,copy_243173434e99,2024-11-02,16:12,beritajatim,"[""response_query""]",beritajatim,train,1,Ketahanan Pangan di Kabupaten Ngawi: Strategi dan Implementasi Pemkab dalam Menjaga Kesejahteraan Petani,https://beritajatim.com/ketahanan-pangan-di-kabupaten-ngawi-strategi-dan-implementasi-pemkab-dalam-menjaga-kesejahteraan-petani
ann_a74290f166b8,2394,True,"[""broad_food"", ""chicken_eggs"", ""chili"", ""corn"", ""garlic"", ""rice""]","[""WeatherDisruption""]","[""blitar"", ""nganjuk"", ""surabaya""]","[""CrisisPreparednessAction"", ""OtherResponseAction""]",False,candidate_unverified,copy_4eb6f93cabef,2023-07-31,12:46,beritajatim,"[""disruption_candidate""]",beritajatim,train,1,"Pemkot Surabaya Tanam 9 Bahan Pengganti Padi, Ini Tujuannya",https://beritajatim.com/pemkot-surabaya-tanam-9-bahan-pengganti-padi-ini-tujuannya
ann_a7540a19e7f8,2383,False,"[""broad_food""]","[""DisasterEvent""]","[""sidoarjo""]","[""DistributionIntervention""]",False,candidate_unverified,copy_9742568c9753,2025-06-21,09:40,beritajatim,"[""disruption_candidate""]",beritajatim,validation,1,Dapur Umum Mandiri Warga Ngaban Bantu Ratusan Korban Banjir Sidoarjo,https://beritajatim.com/dapur-umum-mandiri-warga-ngaban-bantu-ratusan-korban-banjir-sidoarjo
ann_a75675b9af12,2943,False,"[""rice""]","[""PestDiseaseEvent""]","[""gresik""]",[],False,candidate_unverified,copy_61c831b7eb7b,2021-03-23,,kontan,"[""disruption_candidate""]",kontan,train,0,Petrolimia Gresik geliatkan kembali ekspor melati,https://industri.kontan.co.id/news/petrolimia-gresik-geliatkan-kembali-ekspor-melati
ann_a779517fa5f6,3932,False,"[""soybean""]","[""DisasterEvent""]","[""jombang""]",[],False,candidate_unverified,copy_ffe07e499a28,2024-12-14,13:23,beritajatim,"[""disruption_candidate""]",beritajatim,train,1,"Tinjau Banjir Jombang, Mensos Gus Ipul Serahkan Bantuan Senilai Rp300 Juta Lebih",https://beritajatim.com/tinjau-banjir-jombang-mensos-gus-ipul-serahkan-bantuan-senilai-rp300-juta-lebih
ann_a797a47c290f,2224,False,[],"[""DisasterEvent""]","[""malang"", ""pacitan""]",[],False,candidate_unverified,copy_ae26ee6b523b,2026-02-06,08:40,kompas,"[""disruption_candidate""]",kompas_regional,test,1,"Gempa M 6,4 di Pacitan, Getarannya Terasa hingga Bangunkan Warga Malang Regional 6 Februari 2026",https://surabaya.kompas.com/read/2026/02/06/084012978/gempa-m-64-di-pacitan-getarannya-terasa-hingga-bangunkan-warga-malang
ann_a7a167040573,2071,False,[],"[""DisasterEvent"", ""WeatherDisruption""]","[""pamekasan""]","[""CrisisPreparednessAction""]",False,candidate_unverified,copy_680c500e7614,2025-12-27,07:31,kompas,"[""response_query""]",kompas_regional,validation,1,"Tanah Longsor 30 Meter, Sejumlah Rumah Warga Pamekasan Terancam Roboh Regional 27 Desember 2025",https://surabaya.kompas.com/read/2025/12/27/073102678/tanah-longsor-30-meter-sejumlah-rumah-warga-pamekasan-terancam-roboh
ann_a7def4169a78,2103,False,[],"[""DisasterEvent""]","[""gresik""]",[],False,candidate_unverified,copy_cc45d812c63a,2025-11-27,,kontan,"[""disruption_candidate""]",kontan,validation,0,Bahlil Sebut Ekspor Freeport Tak Pernah Tertahan Meski Ekonomi Papua Tengah Turun,https://industri.kontan.co.id/news/bahlil-sebut-ekspor-freeport-tak-pernah-tertahan-meski-ekonomi-papua-tengah-turun
ann_a7feaa6e7dd1,1711,False,[],"[""DisasterEvent""]","[""bojonegoro""]",[],False,candidate_unverified,copy_4d9c43c3e62a,2026-01-06,19:03,kompas,"[""disruption_candidate""]",kompas_regional,test,1,Gudang BBM dan Kantor Proyek Irigasi di Bojonegoro Ludes Terbakar Regional 6 Januari 2026,https://surabaya.kompas.com/read/2026/01/06/190336178/gudang-bbm-dan-kantor-proyek-irigasi-di-bojonegoro-ludes-terbakar
ann_a81d4e798832,2338,False,"[""broad_food"", ""rice""]","[""PestDiseaseEvent""]","[""lamongan""]",[],False,candidate_unverified,copy_ad067788ef77,2025-11-21,15:46,beritajatim,"[""disruption_candidate""]",beritajatim,validation,1,"Tikus Serang Persemaian Padi di Lamongan, Petani Lakukan Patroli Malam dan Pengendalian Serempak",https://beritajatim.com/serangan-tikus-lamongan-persemaian-padi-patroli-malam
ann_a8510027343a,2199,False,"[""broad_food""]","[""DisasterEvent""]","[""banyuwangi"", ""lumajang""]",[],False,candidate_unverified,copy_129bdd5a0536,2021-12-05,17:10,kompas,"[""disruption_candidate""]",kompas_regional,train,1,"Kirim Relawan dan Bantuan ke Korban Erupsi Semeru, Bupati Banyuwangi: Ini Duka Kita Semua Regional 5 Desember 2021",https://regional.kompas.com/read/2021/12/05/171036178/kirim-relawan-dan-bantuan-ke-korban-erupsi-semeru-bupati-banyuwangi-ini
ann_a863cebbc186,1988,True,[],"[""DisasterEvent""]","[""malang"", ""mojokerto"", ""pasuruan""]",[],False,candidate_unverified,copy_491672c76266,2023-05-27,15:32,kompas,"[""disruption_candidate""]",kompas_regional,train,1,20 Hektar Lahan Ilalang dan Cemara di Gunung Arjuno-Welirang Hangus Terbakar Regional 27 Mei 2023,https://surabaya.kompas.com/read/2023/05/27/153237178/20-hektar-lahan-ilalang-dan-cemara-di-gunung-arjuno-welirang-hangus
ann_a8a9bc9c1f4a,1555,False,[],"[""DisasterEvent""]","[""gresik""]",[],False,candidate_unverified,copy_b5d0bee19328,2025-11-26,22:38,detik,"[""disruption_candidate""]",detik_finance,validation,1,Bahlil Tepis Ekspor Konsentrat Tertahan: Tidak Ada yang Ditahan-tahan!,https://finance.detik.com/energi/d-8230531/bahlil-tepis-ekspor-konsentrat-tertahan-tidak-ada-yang-ditahan-tahan
ann_a8b544ec9fb3,3212,False,"[""broad_food"", ""rice""]","[""PestDiseaseEvent""]","[""banyuwangi"", ""jember""]",[],False,candidate_unverified,copy_f4a368b25f20,2024-07-02,09:02,beritajatim,"[""disruption_candidate""]",beritajatim,train,1,Pelatihan Aplikasi Paclobutrazol pada Tanaman Padi oleh Universitas Jember: Solusi Efektif Atasi Kerebahan Tanaman,https://beritajatim.com/pelatihan-aplikasi-paclobutrazol-pada-tanaman-padi-oleh-universitas-jember-solusi-efektif-atasi-kerebahan-tanaman
ann_a8cdb70cbd46,3282,False,"[""chili""]","[""DisasterEvent""]","[""lumajang""]","[""CrisisPreparednessAction"", ""DistributionIntervention""]",False,candidate_unverified,copy_5bdebd1d010c,2026-01-19,10:01,beritajatim,"[""response_query""]",beritajatim,test,1,Hoaks! Unggahan Helikopter Jatuh Saat Kunjungan Bencana di Gunung Semeru Lumajang,https://beritajatim.com/hoaks-helikopter-jatuh-bencana-gunung-semeru
ann_a8dc2fa635f1,2375,False,"[""broad_food"", ""rice""]","[""ProductionDisruption""]",[],"[""OtherResponseAction""]",False,candidate_unverified,copy_237082dc2f5e,2024-11-07,,kontan,"[""disruption_candidate"", ""response_query""]",kontan,train,0,"Dukung Program Ketahanan Pangan Prabowo, Jasindo Perkuat Asuransi Usaha Tani Padi",https://keuangan.kontan.co.id/news/dukung-program-ketahanan-pangan-prabowo-jasindo-perkuat-asuransi-usaha-tani-padi
ann_a9080ef28a5c,1957,False,"[""broad_food"", ""rice""]","[""DisasterEvent""]","[""lumajang"", ""surabaya""]",[],False,candidate_unverified,copy_c860b738506f,2021-12-05,18:57,kompas,"[""disruption_candidate""]",kompas_regional,train,1,"Pantau Penanganan Erupsi Gunung Semeru, Khofifah Bakal Berkantor di Lumajang Regional 5 Desember 2021",https://regional.kompas.com/read/2021/12/05/185749778/pantau-penanganan-erupsi-gunung-semeru-khofifah-bakal-berkantor-di-lumajang
ann_a940c86844a9,2235,False,[],"[""DisasterEvent""]","[""gresik""]","[""CrisisPreparednessAction""]",False,candidate_unverified,copy_5d030f433511,2024-10-15,08:19,kompas,"[""disruption_candidate""]",kompas_money,train,1,"Kebakaran Smelter Gresik Dipadamkan, Freeport Segera Cari Penyebabnya Money 15 Oktober 2024",https://money.kompas.com/read/2024/10/15/081926026/kebakaran-smelter-gresik-dipadamkan-freeport-segera-cari-penyebabnya
ann_a9476042f07c,1848,False,"[""broad_food""]","[""DisasterEvent""]","[""banyuwangi"", ""jember""]","[""DistributionIntervention"", ""FoodAssistance""]",False,candidate_unverified,copy_ac8d2c67d83c,2025-09-26,15:02,kompas,"[""response_query""]",kompas_regional,validation,1,BPBD Jember Beri Bantuan untuk Nenek 91 Tahun yang Tertimpa Reruntuhan Saat Gempa Regional 26 September 2025,https://surabaya.kompas.com/read/2025/09/26/150258578/bpbd-jember-beri-bantuan-untuk-nenek-91-tahun-yang-tertimpa-reruntuhan-saat
ann_a996d736479d,1851,False,[],"[""DisasterEvent"", ""WeatherDisruption""]","[""banyuwangi"", ""batu"", ""bojonegoro"", ""bondowoso"", ""jember"", ""jombang"", ""kediri"", ""lamongan"", ""lumajang"", ""madiun"", ""magetan"", ""malang"", ""mojokerto"", ""nganjuk"", ""ngawi"", ""pacitan"", ""pasuruan"", ""ponorogo"", ""probolinggo"", ""situbondo"", ""surabaya"", ""trenggalek"", ""tuban""]",[],False,candidate_unverified,copy_57eeaea05da0,2025-09-15,12:05,beritajatim,"[""disruption_candidate""]",beritajatim,validation,1,"Potensi Cuaca Ekstrem, Pemprov Jatim-BNPB Lakukan Operasi Modifikasi Cuaca",https://beritajatim.com/potensi-cuaca-ekstrem-pemprov-jatim-bnpb-lakukan-operasi-modifikasi-cuaca
ann_a9b15ea830bb,2069,False,[],"[""DisasterEvent""]","[""kediri""]",[],False,candidate_unverified,copy_c5e3a4e4bc57,2022-06-24,11:26,kompas,"[""disruption_candidate""]",kompas_regional,train,1,"Longsor di Kediri, Akses Jalan Terancam Putus, 4 Warga Mengungsi Regional 24 Juni 2022",https://surabaya.kompas.com/read/2022/06/24/112618578/longsor-di-kediri-akses-jalan-terancam-putus-4-warga-mengungsi
ann_a9cb5cff7400,4009,False,[],"[""DisasterEvent""]","[""bangkalan"", ""banyuwangi"", ""batu"", ""blitar"", ""gresik"", ""jember"", ""jombang"", ""kediri"", ""lumajang"", ""madiun"", ""malang"", ""nganjuk"", ""ngawi"", ""pacitan"", ""pamekasan"", ""pasuruan"", ""ponorogo"", ""probolinggo"", ""sampang"", ""sidoarjo"", ""sumenep"", ""surabaya"", ""trenggalek"", ""tuban"", ""tulungagung""]",[],False,candidate_unverified,copy_42cfc265459c,2021-04-10,17:08,beritajatim,"[""disruption_candidate""]",beritajatim,train,1,Ini Update Data Dampak Kerusakan Gempa Malang di Seluruh Jatim,https://beritajatim.com/ini-update-data-dampak-kerusakan-gempa-malang-di-seluruh-jatim
ann_a9d162540de3,1662,True,[],"[""DisasterEvent"", ""WeatherDisruption""]","[""pasuruan""]","[""CrisisPreparednessAction"", ""DistributionIntervention"", ""FoodAssistance""]",False,candidate_unverified,copy_8b989a5b45dc,2025-08-08,15:12,beritajatim,"[""disruption_candidate""]",beritajatim,validation,1,BPBD Pasuruan Mulai Salurkan Air Bersih ke Desa Terdampak Kekeringan,https://beritajatim.com/bpbd-pasuruan-mulai-salurkan-air-bersih-ke-desa-terdampak-kekeringan
ann_a9d9dcbfccf5,1846,False,"[""rice""]","[""PestDiseaseEvent""]","[""banyuwangi""]","[""ReserveRelease""]",False,candidate_unverified,copy_52bb30f99f41,2025-06-13,07:01,kompas,"[""disruption_candidate"", ""response_query""]",kompas_regional,validation,1,Banyuwangi Surplus Produksi Beras Capai 159.320 Ton Regional 13 Juni 2025,https://surabaya.kompas.com/read/2025/06/13/070112678/banyuwangi-surplus-produksi-beras-capai-159320-ton
ann_a9ff1370831a,3404,False,[],"[""DisasterEvent"", ""WeatherDisruption""]","[""surabaya""]",[],False,candidate_unverified,copy_7aa84612ae25,2025-10-13,14:26,beritajatim,"[""disruption_candidate""]",beritajatim,validation,1,Fraksi Gerindra Dorong Penguatan Mitigasi dan Kelembagaan Penanggulangan Bencana di Jawa Timur,https://beritajatim.com/fraksi-gerindra-dorong-penguatan-mitigasi-dan-kelembagaan-penanggulangan-bencana-di-jawa-timur
ann_aa0362093a91,2849,False,[],"[""DisasterEvent"", ""WeatherDisruption""]","[""batu"", ""lumajang"", ""malang"", ""mojokerto"", ""ponorogo"", ""probolinggo"", ""surabaya"", ""trenggalek""]",[],False,candidate_unverified,copy_06eed51bdd59,2026-03-13,13:02,kompas,"[""disruption_candidate""]",kompas_regional,test,1,"Polda Jatim Petakan Kawasan Wisata Rawan Bencana, Probolinggo-Malang Raya Jadi Atensi Regional 13 Maret 2026",https://surabaya.kompas.com/read/2026/03/13/130244278/polda-jatim-petakan-kawasan-wisata-rawan-bencana-probolinggo-malang-raya
ann_aa2f95dcb200,2558,False,"[""broad_food"", ""chili"", ""rice"", ""shallot""]","[""DistributionDisruption"", ""SupplyShortage"", ""WeatherDisruption""]","[""banyuwangi"", ""bojonegoro"", ""sumenep"", ""surabaya"", ""tulungagung""]",[],False,candidate_unverified,copy_9e39b8825f04,2025-07-20,16:02,beritajatim,"[""disruption_candidate""]",beritajatim,validation,1,"Inflasi Jatim Juni 2025 Tembus 0,43 Persen: Beras, Cabai, dan Demo Sopir Jadi Pemicu",https://beritajatim.com/inflasi-jatim-juni-2025-tembus-043-persen-beras-cabai-dan-demo-sopir-jadi-pemicu
ann_aa35e8aed266,1545,False,"[""fish""]","[""DisasterEvent""]","[""sampang""]",[],False,candidate_unverified,copy_419cd9f6d238,2025-12-30,15:38,beritajatim,"[""disruption_candidate""]",beritajatim,validation,1,"Nelayan Sampang Meninggal Dunia Saat Melaut di Perairan Camplong, Diduga Alami Sesak Napas",https://beritajatim.com/nelayan-sampang-meninggal-di-laut-camplong
ann_aa395ffff687,1854,False,[],"[""DisasterEvent"", ""WeatherDisruption""]","[""batu"", ""malang""]",[],False,candidate_unverified,copy_3fd949738ec5,2021-11-05,,kontan,"[""disruption_candidate""]",kontan,train,0,"Banjir bandang menerjang Kabupaten Malang, dua warga meninggal dunia",https://regional.kontan.co.id/news/banjir-bandang-menerjang-kabupaten-malang-dua-warga-meninggal-dunia
ann_aa47c31fa18d,1967,False,[],"[""WeatherDisruption""]",[],"[""OtherResponseAction""]",False,candidate_unverified,copy_33c9727f8aa8,2024-04-01,21:14,kompas,"[""response_query""]",kompas_money,train,1,Kementan Bidik Sungai-sungai Besar di Pulau Jawa untuk Pompanisasi dan Pipanisasi Money 1 April 2024,https://money.kompas.com/read/2024/04/01/211400726/kementan-bidik-sungai-sungai-besar-di-pulau-jawa-untuk-pompanisasi-dan
ann_aa509b736e17,1010,False,"[""broad_food""]","[""DisasterEvent""]","[""lumajang""]",[],False,candidate_unverified,copy_3a40d3692e3a,2021-02-28,21:29,beritajatim,"[""disruption_candidate""]",beritajatim,train,1,Bupati Lumajang Cek Korban Banjir Luapan Sungai Bondoyudo,https://beritajatim.com/bupati-lumajang-cek-korban-banjir-luapan-sungai-bondoyudo
ann_aa9e3f203d6c,2195,False,"[""fish""]","[""DisasterEvent""]","[""gresik"", ""surabaya"", ""tuban""]","[""DistributionIntervention""]",False,candidate_unverified,copy_2026ecc86e94,2024-03-22,21:14,kompas,"[""disruption_candidate""]",kompas_nasional,train,1,"Gempa Tuban, Pertamina Pastikan Pasokan Energi Berjalan Normal News 22 Maret 2024",https://nasional.kompas.com/read/2024/03/22/21143361/gempa-tuban-pertamina-pastikan-pasokan-energi-berjalan-normal
ann_ab07ef2b6263,2033,False,[],"[""DisasterEvent""]","[""trenggalek""]","[""CrisisPreparednessAction""]",False,candidate_unverified,copy_8872dc8f7396,2022-11-04,14:04,kompas,"[""response_query""]",kompas_regional,train,1,"Banjir dan Longsor Landa Trenggalek, 8 Desa di 2 Kecamatan Terdampak Regional 4 November 2022",https://surabaya.kompas.com/read/2022/11/04/140452278/banjir-dan-longsor-landa-trenggalek-8-desa-di-2-kecamatan-terdampak
ann_ab08ee9d0ad9,1426,False,"[""rice""]","[""ProductionDisruption"", ""WeatherDisruption""]","[""pasuruan""]",[],False,candidate_unverified,copy_a2c53efd434f,2022-11-03,12:02,beritajatim,"[""disruption_candidate""]",beritajatim,train,1,"Sawah Dibangun Irigasi, Petani Nguling Pasuruan Tak Cemas Lagi Saat Musim Kemarau",https://beritajatim.com/sawah-dibangun-irigasi-petani-nguling-pasuruan-tak-cemas-lagi-saat-musim-kemarau
ann_ab14eebdfde7,1681,False,[],"[""DisasterEvent""]","[""jember""]","[""DistributionIntervention""]",False,candidate_unverified,copy_e3cbd049b4db,2026-02-13,13:10,beritajatim,"[""disruption_candidate"", ""response_query""]",beritajatim,test,1,Banjir Terjang 17 Desa dan Kelurahan di Jember,https://beritajatim.com/banjir-terjang-17-desa-dan-kelurahan-di-jember
ann_ab29027692fd,2558,False,[],"[""DisasterEvent""]","[""kediri"", ""pacitan""]",[],False,candidate_unverified,copy_f04a1eb25b99,2026-02-06,11:34,kompas,"[""disruption_candidate""]",kompas_regional,test,1,"Gempa Guncang Pacitan, Pengidap Stroke: Guncangan Kuat, Tapi Saya Gak Bisa Lari Regional 6 Februari 2026",https://surabaya.kompas.com/read/2026/02/06/113423378/gempa-guncang-pacitan-pengidap-stroke-guncangan-kuat-tapi-saya-gak-bisa
ann_ab6c6a70cc58,1295,False,[],"[""DisasterEvent""]","[""gresik""]",[],False,candidate_unverified,copy_22657a86ded6,2021-12-09,23:17,detik,"[""disruption_candidate""]",detik_news,train,1,Makam Sunan Maulana Malik Ibrahim di Gresik Terendam Banjir,https://news.detik.com/berita-jawa-timur/d-5848481/makam-sunan-maulana-malik-ibrahim-di-gresik-terendam-banjir
ann_abaa00fa36c9,2190,False,[],"[""DisasterEvent"", ""WeatherDisruption""]","[""jember""]",[],False,candidate_unverified,copy_636e66b819f1,2022-12-29,01:46,beritajatim,"[""disruption_candidate""]",beritajatim,train,1,Bupati Hendy Minta Jember Dimasukkan Program Nasional Penanganan Bencana Banjir,https://beritajatim.com/bupati-hendy-minta-jember-dimasukkan-program-nasional-penanganan-bencana-banjir
ann_abcfc51f5968,1549,False,[],"[""DisasterEvent""]","[""sampang""]",[],False,candidate_unverified,copy_7bf75b6a06e2,2025-12-16,00:21,beritajatim,"[""disruption_candidate""]",beritajatim,validation,1,Sepanjang 2025 Terjadi 99 Tragedi Kebakaran di Sampang,https://beritajatim.com/sepanjang-2025-terjadi-99-tragedi-kebakaran-di-sampang
ann_abf0e0b6aeac,1872,False,"[""rice""]","[""SupplyShortage""]","[""malang""]","[""CrisisPreparednessAction"", ""ImportExportAction"", ""InspectionEnforcement"", ""OtherResponseAction""]",False,candidate_unverified,copy_bcebd4e0bd40,2021-05-05,16:46,beritajatim,"[""disruption_candidate""]",beritajatim,train,1,"Hapus Impor Beras, Puan Maharani Imbau IPB Kembangkan Padi Varietas Tinggi",https://beritajatim.com/hapus-impor-beras-puan-maharani-imbau-ipb-kembangkan-padi-varietas-tinggi
ann_ac083ccadf0c,2110,False,[],"[""DisasterEvent"", ""WeatherDisruption""]","[""jember""]",[],False,candidate_unverified,copy_322f472462fc,2026-02-02,18:29,kompas,"[""disruption_candidate""]",kompas_regional,test,1,"Cuaca Ekstrem Potensi Terjadi di Jember pada 1-10 Februari 2026, BPBD Imbau Waspada Bencana Regional 2 Februari 2026",https://surabaya.kompas.com/read/2026/02/02/182929378/cuaca-ekstrem-potensi-terjadi-di-jember-pada-1-10-februari-2026-bpbd-imbau
ann_ac1866fe9721,2443,False,[],"[""DisasterEvent""]","[""gresik"", ""lamongan"", ""mojokerto""]",[],False,candidate_unverified,copy_d25b31c54455,2023-12-08,14:07,kompas,"[""disruption_candidate""]",kompas_regional,train,1,6 Desa di Gresik Terendam Banjir Luapan Kali Lamong Regional 8 Desember 2023,https://surabaya.kompas.com/read/2023/12/08/140735178/6-desa-di-gresik-terendam-banjir-luapan-kali-lamong
ann_ac3b5b469777,2339,False,"[""soybean""]","[""SupplyShortage""]","[""surabaya""]","[""CrisisPreparednessAction""]",False,candidate_unverified,copy_5aa6346435d0,2022-03-02,21:52,kompas,"[""disruption_candidate"", ""response_query""]",kompas_nasional,train,1,Puan Minta Pemerintah Selesaikan Masalah Harga Kedelai Sebelum Ramadan News 2 Maret 2022,https://nasional.kompas.com/read/2022/03/02/21522681/puan-minta-pemerintah-selesaikan-masalah-harga-kedelai-sebelum-ramadan
ann_ac75a28aed6e,2253,False,[],"[""DisasterEvent""]","[""lumajang"", ""malang"", ""probolinggo""]",[],False,candidate_unverified,copy_732d60560c4c,2025-07-29,13:02,kompas,"[""disruption_candidate""]",kompas_regional,validation,1,"Jalur Piket Nol Longsor, Arus Lalu Lintas Lumajang-Malang Dialihkan via Probolinggo Regional 29 Juli 2025",https://surabaya.kompas.com/read/2025/07/29/130236278/jalur-piket-nol-longsor-arus-lalu-lintas-lumajang-malang-dialihkan-via
ann_ac998ae5702d,3152,False,[],"[""DisasterEvent""]","[""pacitan""]",[],False,candidate_unverified,copy_ab9ee001c3ca,2026-01-27,09:12,beritajatim,"[""disruption_candidate""]",beritajatim,test,1,"Gempa M 5,5 Pacitan Diduga Aktivitas Sesar Grindulu, Warga Tulakan Panik Selamatkan Anak",https://beritajatim.com/gempa-m-55-pacitan-diduga-aktivitas-sesar-grindulu-warga-tulakan-panik-selamatkan-anak
ann_acbc54c81b33,1724,False,[],"[""DisasterEvent""]","[""gresik"", ""lamongan"", ""mojokerto""]",[],False,candidate_unverified,copy_245faa59303f,2025-06-09,19:04,kompas,"[""disruption_candidate""]",kompas_regional,validation,1,"Sungai Kali Lamong Meluap, Ratusan Rumah Terendam Banjir di Gresik Regional 9 Juni 2025",https://surabaya.kompas.com/read/2025/06/09/190405178/sungai-kali-lamong-meluap-ratusan-rumah-terendam-banjir-di-gresik
ann_acf116f89d31,1559,False,[],"[""DisasterEvent""]","[""kediri""]",[],False,candidate_unverified,copy_c4b679752807,2022-10-21,20:55,kompas,"[""disruption_candidate""]",kompas_regional,train,1,Belasan Rumah di Kediri Rusak akibat Puting Beliung Regional 21 Oktober 2022,https://surabaya.kompas.com/read/2022/10/21/205509478/belasan-rumah-di-kediri-rusak-akibat-puting-beliung
ann_ad4e5fd98dce,2062,False,"[""broad_food"", ""corn"", ""rice"", ""soybean""]","[""ProductionDisruption"", ""WeatherDisruption""]","[""blitar""]",[],False,candidate_unverified,copy_34c9c704ad22,2023-10-17,10:00,beritajatim,"[""disruption_candidate""]",beritajatim,train,1,"El Nino, Kota Blitar Andalkan Stok Pangan dari Daerah Lain",https://beritajatim.com/el-nino-kota-blitar-andalkan-stok-pangan-dari-daerah-lain
ann_ada00fb24df3,1472,False,"[""chili""]","[""DisasterEvent""]","[""sidoarjo"", ""surabaya""]",[],False,candidate_unverified,copy_edfd85c33d4c,2021-02-17,23:54,kompas,"[""disruption_candidate""]",kompas_regional,train,1,"Banjir Landa 4 Kecamatan di Sidoarjo, BPBD Sebut Akibat Luapan Sungai News 17 Februari 2021",https://regional.kompas.com/read/2021/02/17/23542581/banjir-landa-4-kecamatan-di-sidoarjo-bpbd-sebut-akibat-luapan-sungai
ann_adadfa057870,1636,False,[],"[""DisasterEvent""]","[""jember""]",[],False,candidate_unverified,copy_1880560b2802,2025-12-17,19:11,beritajatim,"[""disruption_candidate""]",beritajatim,validation,1,PMI Jember Normalkan 11 Sumur Warga yang Terdampak Banjir,https://beritajatim.com/pmi-jember-normalkan-11-sumur-warga-yang-terdampak-banjir
ann_add38f5691df,1568,False,[],"[""DisasterEvent""]","[""situbondo""]",[],False,candidate_unverified,copy_4b4b86d2f5d6,2026-01-22,08:21,kompas,"[""disruption_candidate""]",kompas_regional,test,1,"Banjir Sebabkan Jalan Pantura Situbondo Macet, Wabup Minta Maaf Regional 22 Januari 2026",https://surabaya.kompas.com/read/2026/01/22/082124178/banjir-sebabkan-jalan-pantura-situbondo-macet-wabup-minta-maaf
ann_ae16bcb312d1,906,False,[],"[""DisasterEvent""]","[""bangkalan"", ""bojonegoro"", ""jombang"", ""kediri"", ""madiun"", ""malang"", ""nganjuk"", ""ngawi"", ""pacitan"", ""pamekasan"", ""ponorogo"", ""sampang"", ""sidoarjo"", ""sumenep"", ""surabaya"", ""trenggalek"", ""tuban""]",[],False,candidate_unverified,copy_451ec59ccf37,2021-04-10,19:47,beritajatim,"[""disruption_candidate""]",beritajatim,train,1,"Gempa Malang, Tidak Ada Dampak di Bojonegoro",https://beritajatim.com/gempa-malang-tidak-ada-dampak-di-bojonegoro
ann_ae6403d3b3c8,5553,False,"[""broad_food"", ""chili"", ""rice""]","[""DisasterEvent"", ""ProductionDisruption"", ""SupplyShortage"", ""WeatherDisruption""]",[],"[""CrisisPreparednessAction"", ""ReserveRelease""]",False,candidate_unverified,copy_72a8e8b73c1f,2023-08-21,,kontan,"[""disruption_candidate""]",kontan,train,0,Menakar Dampak El Nino Pada Ketahanan Pangan Indonesia,https://fokus.kontan.co.id/news/menakar-dampak-el-nino-pada-ketahanan-pangan-indonesia
ann_ae6e9f892116,2399,False,[],"[""DisasterEvent""]","[""jombang"", ""mojokerto""]",[],False,candidate_unverified,copy_accc60adf4c0,2024-12-09,16:09,kompas,"[""disruption_candidate""]",kompas_regional,train,1,"Curah Hujan Tinggi, Desa di Jombang Dilanda Banjir sejak Sabtu Regional 9 Desember 2024",https://surabaya.kompas.com/read/2024/12/09/160931278/curah-hujan-tinggi-desa-di-jombang-dilanda-banjir-sejak-sabtu
ann_ae8a8cb6e7a7,3288,False,[],"[""DisasterEvent""]","[""surabaya""]","[""DistributionIntervention"", ""FoodAssistance""]",False,candidate_unverified,copy_3c35481285d0,2025-12-17,12:23,beritajatim,"[""disruption_candidate""]",beritajatim,validation,1,"Gelombang Keenam Bantuan Bencana Sumatra-Aceh, Jatim Kirim 127 Ton Logistik",https://beritajatim.com/gelombang-keenam-bantuan-bencana-sumatra-aceh-jatim-kirim-127-ton-logistik
ann_aed55a8d4987,2543,False,"[""fish""]","[""DisasterEvent""]","[""gresik""]",[],False,candidate_unverified,copy_f5ad0821e99a,2025-05-08,19:32,beritajatim,"[""disruption_candidate""]",beritajatim,validation,1,"Wacana Penghapusan Utang Petani dan Nelayan Gresik, Wakil Bupati: Demi Kesejahteraan Rakyat Kecil",https://beritajatim.com/wacana-penghapusan-utang-petani-dan-nelayan-gresik-wakil-bupati-demi-kesejahteraan-rakyat-kecil
ann_aeda5c5f06c3,1555,True,[],"[""DisasterEvent""]","[""surabaya""]","[""CrisisPreparednessAction"", ""ProcurementAction""]",False,candidate_unverified,copy_c8924eb52da3,2026-05-09,07:20,beritajatim,"[""response_query""]",beritajatim,test,1,Pemkot Surabaya Siapkan Delapan Rumah Pompa untuk Antisipasi Banjir Musim Hujan 2026,https://beritajatim.com/pemkot-surabaya-siapkan-delapan-rumah-pompa-untuk-antisipasi-banjir-musim-hujan-2026
ann_aee0478fc34a,1703,False,"[""broad_food""]","[""DisasterEvent""]","[""kediri"", ""trenggalek""]","[""DistributionIntervention"", ""FoodAssistance""]",False,candidate_unverified,copy_09fa50ec61a8,2021-11-22,13:15,beritajatim,"[""response_query""]",beritajatim,train,1,"Longsor Trenggalek, ACT dan MRI Kediri Kirim Bantuan",https://beritajatim.com/longsor-trenggalek-act-dan-mri-kediri-kirim-bantuan
ann_aef53129d5cd,2163,False,"[""broad_food"", ""rice""]","[""WeatherDisruption""]","[""lamongan""]",[],False,candidate_unverified,copy_2d158bc098b5,2024-08-21,07:00,kompas,"[""disruption_candidate""]",kompas_regional,train,1,"Sungai Dapur Dikeruk, Petani Lamongan Panen Raya di Tengah Kemarau Regional 21 Agustus 2024",https://surabaya.kompas.com/read/2024/08/21/070043478/sungai-dapur-dikeruk-petani-lamongan-panen-raya-di-tengah-kemarau
ann_af0d5ced8169,6846,False,"[""rice""]","[""PestDiseaseEvent"", ""ProductionDisruption"", ""WeatherDisruption""]","[""tuban""]","[""CrisisPreparednessAction"", ""OtherResponseAction"", ""ProductionAssistance""]",False,candidate_unverified,copy_cc571d9986b3,2023-10-27,07:21,beritajatim,"[""disruption_candidate""]",beritajatim,train,1,Saat Prabu Kresna Menuai Padi Nir Kimia di Tuban,https://beritajatim.com/saat-prabu-kresna-menuai-padi-nir-kimia-di-tuban
ann_af0e105bc02a,1804,False,[],"[""SupplyShortage""]","[""surabaya""]",[],False,candidate_unverified,copy_75189927e0cd,2021-07-18,11:19,kompas,"[""disruption_candidate""]",kompas_nasional,train,1,"Kelangkaan Oksigen, Menko PMK Minta Produsen Tingkatkan Produksi News 18 Juli 2021",https://nasional.kompas.com/read/2021/07/18/11192811/kelangkaan-oksigen-menko-pmk-minta-produsen-tingkatkan-produksi
ann_af3b3b43e419,1628,True,[],"[""DisasterEvent"", ""WeatherDisruption""]",[],[],False,candidate_unverified,copy_d91b79b3bcc6,2023-02-23,,kontan,"[""disruption_candidate""]",kontan,train,0,"BMKG Ajak Masyarakat Panen Air Hujan, Apa Maksudnya?",https://nasional.kontan.co.id/news/bmkg-ajak-masyarakat-panen-air-hujan-apa-maksudnya
ann_af47bcf2d187,3209,False,"[""broad_food"", ""chili"", ""cooking_oil"", ""garlic"", ""rice"", ""shallot"", ""sugar""]","[""ProductionDisruption"", ""WeatherDisruption""]","[""kediri""]","[""DistributionIntervention"", ""InspectionEnforcement"", ""MarketOperationAction"", ""OtherResponseAction""]",False,candidate_unverified,copy_9e6c56fe4a4c,2023-12-06,22:20,beritajatim,"[""disruption_candidate""]",beritajatim,train,1,Satgas Pangan Kota Kediri Sidak Pasar Jelang Nataru,https://beritajatim.com/satgas-pangan-kota-kediri-sidak-pasar-jelang-nataru
ann_af88907c90c4,1352,False,[],"[""DisasterEvent"", ""WeatherDisruption""]","[""bangkalan""]",[],False,candidate_unverified,copy_77e262f439fc,2025-05-31,18:40,beritajatim,"[""disruption_candidate""]",beritajatim,validation,1,"Angin Puting Beliung Terjang Bangkalan, Puluhan Rumah Rusak Parah dan Pohon Tumbang",https://beritajatim.com/angin-puting-beliung-terjang-bangkalan-puluhan-rumah-rusak-parah-dan-pohon-tumbang
ann_afa7de0bad19,2859,True,[],"[""DisasterEvent""]","[""kediri""]",[],False,candidate_unverified,copy_45ad8f9e3a52,2022-06-25,12:18,beritajatim,"[""disruption_candidate""]",beritajatim,train,1,Bupati Kediri Ingatkan Warga Lereng Wilis Waspadai Longsor Susulan,https://beritajatim.com/bupati-kediri-ingatkan-warga-lereng-wilis-waspadai-longsor-susulan
ann_afab99b044a5,3615,False,[],"[""DisasterEvent""]","[""blitar"", ""lumajang"", ""malang""]",[],False,candidate_unverified,copy_e069576cd19f,2022-12-30,15:28,beritajatim,"[""disruption_candidate""]",beritajatim,train,1,Polres Blitar Sita Uang Pungli Stimulan Gempa Rp200 Juta dari Oknum Perangkat Desa,https://beritajatim.com/polres-blitar-sita-uang-pungli-stimulan-gempa-rp200-juta-dari-oknum-perangkat-desa
ann_afb459a1898d,2430,False,"[""broad_food"", ""rice""]","[""SupplyShortage""]","[""gresik""]","[""DistributionIntervention""]",False,candidate_unverified,copy_58852a26cb6b,2024-09-10,,kontan,"[""disruption_candidate"", ""response_query""]",kontan,train,0,Petrokimia Gresik Berkontribusi Dorong Produktivitas Pertanian Timor Leste,https://industri.kontan.co.id/news/petrokimia-gresik-berkontribusi-dorong-produktivitas-pertanian-timor-leste
ann_afb4e180a29a,1827,False,[],"[""DisasterEvent""]","[""jember""]",[],False,candidate_unverified,copy_91305849144a,2023-10-09,14:21,kompas,"[""disruption_candidate""]",kompas_regional,train,1,Kebakaran Lereng Gunung Argopuro Jember Sudah Tidak Terdeteksi Regional 9 Oktober 2023,https://surabaya.kompas.com/read/2023/10/09/142118078/kebakaran-lereng-gunung-argopuro-jember-sudah-tidak-terdeteksi
ann_afc249b87803,1635,False,"[""rice""]","[""PestDiseaseEvent""]","[""ngawi""]",[],False,candidate_unverified,copy_1421834bc754,2022-10-25,07:17,kompas,"[""disruption_candidate""]",kompas_regional,train,1,"155 Hektar Tanaman Padi di Ngawi Diserang Virus Kerdil, Ini Imbauan Dinas Pertanian Regional 25 Oktober 2022",https://surabaya.kompas.com/read/2022/10/25/071718178/155-hektar-tanaman-padi-di-ngawi-diserang-virus-kerdil-ini-imbauan-dinas
ann_b0230a53bd75,1553,False,[],"[""DisasterEvent""]","[""blitar"", ""jombang"", ""kediri"", ""malang"", ""mojokerto"", ""ngawi"", ""surabaya"", ""trenggalek""]",[],False,candidate_unverified,copy_67b39e4157bd,2021-04-10,17:58,kompas,"[""disruption_candidate""]",kompas_regional,train,1,"Akibat Gempa M 6,7 Listrik di Malang Selatan Sempat Mati Regional 10 April 2021",https://regional.kompas.com/read/2021/04/10/175831078/akibat-gempa-m-67-listrik-di-malang-selatan-sempat-mati
ann_b026332d97f0,2938,True,[],"[""DisasterEvent"", ""WeatherDisruption""]",[],[],False,candidate_unverified,copy_fd05b4ec4176,2021-04-03,,kontan,"[""disruption_candidate""]",kontan,train,0,"BMKG deteksi adanya dua bibit siklon tropis, begini dampaknya bagi Indonesia",https://nasional.kontan.co.id/news/bmkg-deteksi-adanya-dua-bibit-siklon-tropis-begini-dampaknya-bagi-indonesia
ann_b0710574d9c7,1248,False,[],"[""DisasterEvent"", ""WeatherDisruption""]","[""malang""]",[],False,candidate_unverified,copy_870c1c6f79c0,2021-01-19,,kontan,"[""disruption_candidate""]",kontan,train,0,Hujan dengan intensitas tinggi akibatkan 260 rumah di Kota Malang terendam banjir,https://regional.kontan.co.id/news/hujan-dengan-intensitas-tinggi-akibatkan-260-rumah-di-kota-malang-terendam-banjir
ann_b07cc4a06283,2181,False,[],"[""DisasterEvent""]","[""banyuwangi"", ""gresik"", ""jember""]","[""CrisisPreparednessAction""]",False,candidate_unverified,copy_b0ec3328a3f9,2022-11-14,19:17,kompas,"[""disruption_candidate""]",kompas_money,train,1,Satgas Tanggap Bencana Nasional BUMN Wilayah Jatim Beri Bantuan Korban Banjir di Banyuwangi Money 14 November 2022,https://money.kompas.com/read/2022/11/14/191737026/satgas-tanggap-bencana-nasional-bumn-wilayah-jatim-beri-bantuan-korban-banjir
ann_b096f92e95a4,2005,False,"[""broad_food""]","[""DisasterEvent""]","[""jember""]","[""DistributionIntervention""]",False,candidate_unverified,copy_081a824755ae,2026-02-16,22:32,beritajatim,"[""response_query""]",beritajatim,test,1,Baguna PDIP Jember Distribusikan Sembako untuk Korban Banjir,https://beritajatim.com/baguna-pdip-jember-distribusikan-sembako-untuk-korban-banjir
ann_b0c5d4a087c1,3278,False,[],"[""DisasterEvent""]","[""kediri""]","[""CrisisPreparednessAction""]",False,candidate_unverified,copy_63aaa2117a5b,2022-12-15,19:01,beritajatim,"[""response_query""]",beritajatim,train,1,"Bentuk Kesiapsiagaan, Pemkot Kediri Gelar Simulasi Lapangan Hadapi Bencana Gunung Meletus",https://beritajatim.com/bentuk-kesiapsiagaan-pemkot-kediri-gelar-simulasi-lapangan-hadapi-bencana-gunung-meletus
ann_b0e988e89c64,3034,False,[],"[""DisasterEvent""]","[""magetan""]","[""CrisisPreparednessAction""]",False,candidate_unverified,copy_5860c9f74500,2025-05-23,22:16,beritajatim,"[""response_query""]",beritajatim,validation,1,"Longsor Landa Tiga Wilayah di Magetan, Akses Jalan dan Fasilitas Air Minum Terdampak",https://beritajatim.com/longsor-landa-tiga-wilayah-di-magetan-akses-jalan-dan-fasilitas-air-minum-terdampak
ann_b109fae72577,2999,False,[],"[""DisasterEvent""]","[""magetan""]","[""ProductionAssistance""]",False,candidate_unverified,copy_4e0afcae0527,2025-11-11,11:54,kompas,"[""disruption_candidate"", ""response_query""]",kompas_regional,validation,1,"Hujan Deras sejak Senin Sore, Longsor Menimpa 2 Warga Magetan yang Dorong Motor Regional 11 November 2025",https://surabaya.kompas.com/read/2025/11/11/115400678/hujan-deras-sejak-senin-sore-longsor-menimpa-2-warga-magetan-yang-dorong
ann_b11195138a05,1243,False,"[""fish""]","[""DisasterEvent""]","[""lamongan""]",[],False,candidate_unverified,copy_7b6fa47b18c9,2022-07-13,09:45,kompas,"[""disruption_candidate""]",kompas_regional,train,1,"Tanah Longsor di Lamongan, 2 Rumah Hanyut, 1 Rusak Parah Regional 13 Juli 2022",https://surabaya.kompas.com/read/2022/07/13/094530678/tanah-longsor-di-lamongan-2-rumah-hanyut-1-rusak-parah
ann_b111acadee8c,2099,False,"[""broad_food"", ""chili"", ""corn"", ""garlic"", ""rice"", ""shallot"", ""soybean"", ""sugar""]","[""SupplyShortage""]","[""pacitan""]","[""DistributionIntervention"", ""InspectionEnforcement"", ""OtherResponseAction""]",False,candidate_unverified,copy_cc6aa005cbd9,2025-06-25,11:19,beritajatim,"[""response_query""]",beritajatim,validation,1,"Serapan Pupuk Subsidi di Pacitan Masih Rendah, DKPP Fokus Perketat Pengawasan",https://beritajatim.com/serapan-pupuk-subsidi-di-pacitan-masih-rendah-dkpp-fokus-perketat-pengawasan
ann_b122cada95a8,2794,False,[],"[""DisasterEvent""]","[""malang""]",[],False,candidate_unverified,copy_02b078875148,2026-04-30,09:15,kompas,"[""disruption_candidate""]",kompas_regional,test,1,"Skandal Api di Gudang Rokok Malang, Penggelapan Berkedok Kebakaran Regional 30 April 2026",https://surabaya.kompas.com/read/2026/04/30/091527278/skandal-api-di-gudang-rokok-malang-penggelapan-berkedok-kebakaran
ann_b129ef42c662,2177,False,[],"[""DisasterEvent"", ""WeatherDisruption""]","[""pasuruan""]",[],False,candidate_unverified,copy_9edae80002c0,2026-02-25,14:35,beritajatim,"[""disruption_candidate""]",beritajatim,test,1,7 Motor Wisatawan Tertimbun Longsor Penanjakan Wonokitri Pasuruan,https://beritajatim.com/7-motor-wisatawan-tertimbun-longsor-penanjakan-wonokitri-pasuruan
ann_b17bfd14223b,2284,False,"[""broad_food"", ""chili"", ""garlic"", ""shallot""]","[""ProductionDisruption"", ""SupplyShortage""]","[""pasuruan""]","[""MarketOperationAction""]",False,candidate_unverified,copy_72bf335e6c98,2026-02-18,18:22,beritajatim,"[""disruption_candidate"", ""response_query""]",beritajatim,test,1,Harga Cabai Rawit di Pasuruan Tembus Rp120 Ribu per Kg Jelang Ramadan 2026,https://beritajatim.com/harga-cabai-rawit-di-pasuruan-tembus-rp120-ribu-per-kg-jelang-ramadan-2026
ann_b1a5a20ab77f,2591,False,[],"[""DisasterEvent""]","[""bojonegoro"", ""gresik"", ""lamongan"", ""pamekasan"", ""sidoarjo"", ""surabaya"", ""tuban""]",[],False,candidate_unverified,copy_9eba1df488a7,2024-03-24,,kontan,"[""disruption_candidate""]",kontan,train,0,"17.644 Jiwa Terdampak Gempa di Lepas Pantai Kabupaten Gresik, Jawa Timur",https://regional.kontan.co.id/news/17644-jiwa-terdampak-gempa-di-lepas-pantai-kabupaten-gresik-jawa-timur
ann_b1ddacd8c299,3136,False,"[""chili""]","[""DisasterEvent"", ""WeatherDisruption""]","[""surabaya""]","[""CrisisPreparednessAction""]",False,candidate_unverified,copy_3594ff8522cd,2026-02-11,16:46,kompas,"[""disruption_candidate""]",kompas_regional,test,1,Pelindo Masih Lakukan Evakuasi Pascabencana Angin Puting Beliung di Terminal Kalimas Surabaya Regional 11 Februari 2026,https://surabaya.kompas.com/read/2026/02/11/164634278/pelindo-masih-lakukan-evakuasi-pascabencana-angin-puting-beliung-di
ann_b1e2941c9d25,1715,False,[],"[""DisasterEvent""]","[""bangkalan""]",[],False,candidate_unverified,copy_7d0a2f79ad22,2025-04-13,09:48,beritajatim,"[""disruption_candidate""]",beritajatim,validation,1,"Empat Warga Bangkalan Jadi Korban Longsor, Dua Masih Dirawat",https://beritajatim.com/empat-warga-bangkalan-jadi-korban-longsor-dua-masih-dirawat
ann_b1f3d41e1d69,3014,False,"[""broad_food"", ""chicken_eggs"", ""chili"", ""cooking_oil"", ""garlic"", ""rice"", ""shallot"", ""sugar""]","[""SupplyShortage"", ""WeatherDisruption""]","[""kediri""]","[""DistributionIntervention"", ""MarketOperationAction""]",False,candidate_unverified,copy_4499b834cbf6,2026-03-06,18:31,beritajatim,"[""disruption_candidate""]",beritajatim,test,1,"Pemkot Kediri dan Kejari Gelar Operasi Pasar Murni, Sembako Murah untuk Cegah ‘Panic Buying’ Saat Ramadan",https://beritajatim.com/pemkot-kediri-dan-kejari-gelar-operasi-pasar-murni-sembako-murah-untuk-cegah-panic-buying-saat-ramadan
ann_b21bcb17b703,2503,False,"[""fish""]","[""DisasterEvent"", ""WeatherDisruption""]","[""lamongan""]",[],False,candidate_unverified,copy_97991482c563,2021-11-27,11:10,kompas,"[""disruption_candidate""]",kompas_regional,train,1,"Tanggul di Lamongan Kembali Ambrol, Puluhan Rumah dan Ratusan Hektar Tambak Terendam Regional 27 November 2021",https://regional.kompas.com/read/2021/11/27/111016578/tanggul-di-lamongan-kembali-ambrol-puluhan-rumah-dan-ratusan-hektar-tambak
ann_b22ad4ac79b7,2595,False,"[""broad_food"", ""chili"", ""rice""]","[""SupplyShortage"", ""WeatherDisruption""]","[""jember""]","[""CrisisPreparednessAction""]",False,candidate_unverified,copy_a2869c3d4c81,2023-08-16,16:03,beritajatim,"[""disruption_candidate""]",beritajatim,train,1,"Harga Cabai dan Beras Mulai Naik, Pemkab Jember Waspadai Inflasi Akibat El Nino",https://beritajatim.com/harga-cabai-dan-beras-mulai-naik-pemkab-jember-waspadai-inflasi-akibat-el-nino
ann_b22bb6cd05f4,2487,False,[],"[""DisasterEvent"", ""WeatherDisruption""]","[""lumajang""]",[],False,candidate_unverified,copy_0b3232c7cd97,2024-12-25,,kontan,"[""disruption_candidate""]",kontan,train,0,"Imbas Erupsi Gunung Semeru, 2 Kecamatan di Lumajang Diguyur Hujan Abu",https://regional.kontan.co.id/news/imbas-erupsi-gunung-semeru-2-kecamatan-di-lumajang-diguyur-hujan-abu
ann_b22dd1f951d8,8493,True,[],"[""DisasterEvent""]","[""sidoarjo""]",[],False,candidate_unverified,copy_53d7e5e6c53d,2025-11-14,17:05,beritajatim,"[""disruption_candidate""]",beritajatim,validation,1,"Upaya Sidoarjo Atasi Banjir, Pompa Siaga 24 Jam dan Normalisasi Sungai",https://beritajatim.com/upaya-sidoarjo-atasi-banjir-pompa-siaga-24-jam-dan-normalisasi-sungai
ann_b267d1da7936,1809,False,[],"[""DisasterEvent""]","[""lumajang"", ""malang""]",[],False,candidate_unverified,copy_c2165465498b,2021-12-06,07:24,beritajatim,"[""disruption_candidate""]",beritajatim,train,1,"Polda Jatim Kerahkan Sabhara, Brimob, DVI, Hingga Anjing K9 Bantu Penanganan Erupsi Semeru",https://beritajatim.com/polda-jatim-kerahkan-sabhara-brimob-dvi-hingga-anjing-k9-bantu-penanganan-erupsi-semeru
ann_b2af0fd391d0,1750,False,"[""broad_food"", ""chicken_eggs"", ""chili"", ""rice"", ""wheat""]","[""ProductionDisruption""]","[""malang""]","[""DistributionIntervention"", ""InspectionEnforcement"", ""MarketOperationAction""]",False,candidate_unverified,copy_61a0334b3827,2024-03-04,16:24,beritajatim,"[""disruption_candidate""]",beritajatim,train,1,Satgas Pangan Klaim Harga Beras di Kabupaten Malang Turun,https://beritajatim.com/satgas-pangan-klaim-harga-beras-di-kabupaten-malang-turun
ann_b2bb0af4de69,2833,False,[],"[""DisasterEvent""]","[""surabaya""]","[""DistributionIntervention""]",False,candidate_unverified,copy_a5aa69e6b5ff,2026-02-28,06:19,kompas,"[""response_query""]",kompas_money,test,1,Menteri UMKM Sebut Banjir Impor China akibat Permainan Kargo dan Oknum Bea Cukai Money 28 Februari 2026,https://money.kompas.com/read/2026/02/28/061900826/menteri-umkm-sebut-banjir-impor-china-akibat-permainan-kargo-dan-oknum-bea
ann_b2eb1a97ed59,4195,False,"[""broad_food"", ""rice""]","[""SupplyShortage""]","[""ngawi""]","[""DistributionIntervention"", ""OtherResponseAction""]",False,candidate_unverified,copy_f2354fc98249,2023-03-17,11:46,kompas,"[""disruption_candidate""]",kompas_money,train,1,Krusialnya Persediaan dan Cadangan Pupuk Nasional Money 17 Maret 2023,https://money.kompas.com/read/2023/03/17/114613126/krusialnya-persediaan-dan-cadangan-pupuk-nasional
ann_b2ef7a2b3210,2807,True,"[""fish""]","[""PestDiseaseEvent""]",[],"[""CrisisPreparednessAction""]",False,candidate_unverified,copy_356671ada07f,2022-06-08,10:51,kompas,"[""response_query""]",kompas_regional,train,1,"Antisipasi Stok Sapi Kurang karena PMK, Balikpapan Datangkan 5.600 Ekor Kambing Regional 8 Juni 2022",https://regional.kompas.com/read/2022/06/08/105109578/antisipasi-stok-sapi-kurang-karena-pmk-balikpapan-datangkan-5600-ekor
ann_b31ecb1ce1c2,1934,False,[],"[""DisasterEvent"", ""WeatherDisruption""]","[""bojonegoro""]",[],False,candidate_unverified,copy_18a8144a20a6,2021-11-02,16:40,beritajatim,"[""disruption_candidate""]",beritajatim,train,1,BPBD Bojonegoro Imbau Awal La Nina: Longsor dan Puting Beliung,https://beritajatim.com/bpbd-bojonegoro-imbau-awal-la-nina-longsor-dan-puting-beliung
ann_b33edc2a88ea,9193,False,"[""broad_food"", ""rice""]","[""DisasterEvent"", ""WeatherDisruption""]","[""banyuwangi"", ""bojonegoro"", ""jember"", ""lamongan"", ""ngawi"", ""surabaya""]","[""CrisisPreparednessAction""]",False,candidate_unverified,copy_b16e8a2d5223,2026-04-09,12:53,beritajatim,"[""disruption_candidate""]",beritajatim,test,1,"Rakor Penanganan Potensi Kemarau Panjang 2026, Ini Kata Gubernur Jatim Khofifah",https://beritajatim.com/rakor-penanganan-potensi-kemarau-panjang-2026-ini-kata-gubernur-jatim-khofifah
ann_b35fac56bc47,2416,False,[],"[""DisasterEvent""]","[""gresik""]",[],False,candidate_unverified,copy_7331247a8ed0,2025-02-14,17:56,kompas,"[""disruption_candidate""]",kompas_money,validation,1,"Nasib Ekspor Konsentrat Freeport Masih Menggantung, ESDM Tunggu Koordinasi Money 14 Februari 2025",https://money.kompas.com/read/2025/02/14/175640926/nasib-ekspor-konsentrat-freeport-masih-menggantung-esdm-tunggu-koordinasi
ann_b36200fa68b1,2064,False,[],"[""DisasterEvent"", ""PestDiseaseEvent""]","[""jember"", ""jombang"", ""pamekasan"", ""surabaya""]","[""InspectionEnforcement"", ""ProcurementAction""]",False,candidate_unverified,copy_64a680e30953,2025-01-30,21:14,kompas,"[""disruption_candidate""]",kompas_regional,validation,1,"Darurat PMK, Pemprov Jatim Siapkan Rp 25 Miliar untuk Pengadaan 320.000 Vaksin Regional 30 Januari 2025",https://surabaya.kompas.com/read/2025/01/30/211418478/darurat-pmk-pemprov-jatim-siapkan-rp-25-miliar-untuk-pengadaan-320000
ann_b3a55c5d097f,3040,False,[],"[""DisasterEvent""]","[""pamekasan""]",[],False,candidate_unverified,copy_af1e9ab9f0db,2026-01-19,11:05,beritajatim,"[""disruption_candidate""]",beritajatim,test,1,16 Unit Rumah di Pamekasan Rusak Akibat Longsor,https://beritajatim.com/16-unit-rumah-di-pamekasan-rusak-akibat-longsor
ann_b3a795737d5a,1889,False,"[""broad_food"", ""rice""]","[""WeatherDisruption""]","[""bojonegoro"", ""lamongan"", ""ngawi"", ""tuban""]","[""ReserveRelease""]",False,candidate_unverified,copy_a68812b742a4,2024-03-05,06:40,kompas,"[""disruption_candidate""]",kompas_money,train,1,Produsen Sebut Stok Beras di Penggilingan Masih 50 Persen Money 5 Maret 2024,https://money.kompas.com/read/2024/03/05/064000026/produsen-sebut-stok-beras-di-penggilingan-masih-50-persen
ann_b3ad5cef7a73,1967,False,"[""broad_food"", ""chili"", ""rice"", ""shallot""]","[""ProductionDisruption""]","[""sumenep""]","[""MarketOperationAction""]",False,candidate_unverified,copy_725088627521,2023-11-21,22:07,beritajatim,"[""response_query""]",beritajatim,train,1,"Kendalikan Inflasi, Pemkab Sumenep Koordinasi Bulog Gelar Gerakan Pangan Murah",https://beritajatim.com/kendalikan-inflasi-pemkab-sumenep-koordinasi-bulog-gelar-gerakan-pangan-murah
ann_b3d0a25c2a5e,2303,False,[],"[""DisasterEvent""]","[""mojokerto"", ""sidoarjo""]",[],False,candidate_unverified,copy_dc666e7f92be,2025-04-04,07:44,beritajatim,"[""disruption_candidate""]",beritajatim,validation,1,Evakuasi dan Pencarian Korban Longsor di Jalur Mojokerto – Batu Dilanjutkan Pagi Ini,https://beritajatim.com/evakuasi-dan-pencarian-korban-longsor-di-jalur-mojokerto-batu-dilanjutkan-pagi-ini
ann_b40be7f043e5,5172,True,"[""broad_food"", ""rice""]","[""DisasterEvent"", ""WeatherDisruption""]","[""banyuwangi"", ""madiun"", ""ngawi"", ""surabaya"", ""tuban""]","[""CrisisPreparednessAction"", ""OtherResponseAction""]",False,candidate_unverified,copy_e8add32da003,2026-03-28,10:01,beritajatim,"[""disruption_candidate""]",beritajatim,test,1,"Rakor Grahadi Bahas Kekeringan Jatim 2026, Khofifah Targetkan Produksi Padi Tetap Stabil",https://beritajatim.com/rakor-grahadi-bahas-kekeringan-jatim-2026-khofifah-targetkan-produksi-padi-tetap-stabil
ann_b421c39ac9b1,2885,False,"[""beef"", ""broad_food"", ""chili"", ""cooking_oil"", ""rice"", ""shallot""]","[""SupplyShortage""]","[""jombang""]","[""InspectionEnforcement"", ""MarketOperationAction""]",False,candidate_unverified,copy_571e59675842,2025-03-04,10:07,beritajatim,"[""response_query""]",beritajatim,validation,1,"Ramadhan, Lonjakan Harga Cabai di Jombang Capai Rp105.000/Kg",https://beritajatim.com/ramadhan-lonjakan-harga-cabai-di-jombang-capai-rp105-000-kg
ann_b4f62026d7dd,3074,False,"[""broad_food"", ""chicken_eggs"", ""chili"", ""cooking_oil"", ""corn"", ""fish"", ""rice"", ""soybean"", ""sugar"", ""wheat""]","[""DisasterEvent""]","[""banyuwangi"", ""gresik"", ""jember"", ""jombang"", ""lumajang"", ""madiun"", ""malang"", ""probolinggo"", ""surabaya""]",[],False,candidate_unverified,copy_b0e883b072c4,2024-12-24,14:31,beritajatim,"[""disruption_candidate""]",beritajatim,train,1,Ini Jadwal Pembatasan Angkutan Barang di Tol dan Non Tol Jatim Selama Libur Nataru,https://beritajatim.com/ini-jadwal-pembatasan-angkutan-barang-di-tol-dan-non-tol-jatim-selama-libur-nataru
ann_b4f76c6676dd,3913,False,[],"[""DisasterEvent""]","[""pacitan""]","[""CrisisPreparednessAction""]",False,candidate_unverified,copy_2f147a4d2854,2023-02-20,23:12,kompas,"[""response_query""]",kompas_regional,train,1,"Terancam Banjir Lumpur Kiriman dari Pacitan, 210 Warga di Wonogiri Masih Bertahan di Pengungsian Regional 20 Februari 2023",https://regional.kompas.com/read/2023/02/20/231230678/terancam-banjir-lumpur-kiriman-dari-pacitan-210-warga-di-wonogiri-masih
ann_b537768d6031,478,False,[],"[""DisasterEvent""]","[""tuban""]",[],False,candidate_unverified,copy_07b194eacb6e,2024-03-29,22:33,detik,"[""disruption_candidate""]",detik_news,train,1,"Gempa M 3,4 Terjadi di Tuban Jatim",https://news.detik.com/berita/d-7268663/gempa-m-3-4-terjadi-di-tuban-jatim
ann_b591432a7db5,2618,False,[],"[""DisasterEvent"", ""WeatherDisruption""]","[""banyuwangi"", ""blitar"", ""bojonegoro"", ""bondowoso"", ""jember"", ""jombang"", ""kediri"", ""lamongan"", ""lumajang"", ""madiun"", ""magetan"", ""malang"", ""mojokerto"", ""nganjuk"", ""ngawi"", ""pacitan"", ""pasuruan"", ""ponorogo"", ""probolinggo"", ""sidoarjo"", ""situbondo"", ""sumenep"", ""surabaya"", ""trenggalek"", ""tuban"", ""tulungagung""]",[],False,candidate_unverified,copy_fc226bad17e7,2021-12-22,11:18,kompas,"[""disruption_candidate""]",kompas_regional,train,1,"Potensi Hujan Lebat dan Angin Kencang di Jatim, BMKG Imbau Warga Waspadai Banjir Regional 22 Desember 2021",https://regional.kompas.com/read/2021/12/22/111823578/potensi-hujan-lebat-dan-angin-kencang-di-jatim-bmkg-imbau-warga-waspadai
ann_b5fcbbe766c8,4645,False,"[""broad_food""]","[""PestDiseaseEvent""]","[""gresik"", ""jember""]",[],False,candidate_unverified,copy_2e201d21c839,2022-09-26,21:40,kompas,"[""disruption_candidate""]",kompas_money,train,1,Petrokimia Gresik Klaim Sukses Buat Pendapatan Petani Edamame di Jember Meningkat Jutaan Rupiah Money 26 September 2022,https://money.kompas.com/read/2022/09/26/214000826/petrokimia-gresik-klaim-sukses-buat-pendapatan-petani-edamame-di-jember
ann_b618b76e7fbf,2997,False,"[""broad_food""]","[""PestDiseaseEvent""]","[""bojonegoro"", ""jombang"", ""surabaya""]","[""InspectionEnforcement""]",False,candidate_unverified,copy_3174a8a1bc32,2026-05-26,12:47,beritajatim,"[""response_query""]",beritajatim,test,1,"Gubernur Khofifah Tinjau Peternakan Sapi Kurban di Baureno, Pastikan Stok Hewan Kurban Aman",https://beritajatim.com/gubernur-khofifah-tinjau-peternakan-sapi-kurban-di-baureno-pastikan-stok-hewan-kurban-aman
ann_b62f771433fe,1619,False,"[""chicken_eggs"", ""chicken_meat"", ""chili"", ""rice"", ""shallot"", ""sugar""]","[""WeatherDisruption""]","[""sumenep""]",[],False,candidate_unverified,copy_e2354bd9261b,2023-12-01,16:15,kompas,"[""disruption_candidate""]",kompas_money,train,1,"Cabai Jadi Pendorong Inflasi, BPS: Faktor El Nino dan Distribusi Money 1 Desember 2023",https://money.kompas.com/read/2023/12/01/161500126/cabai-jadi-pendorong-inflasi-bps-faktor-el-nino-dan-distribusi
ann_b62f985509ce,2074,False,"[""broad_food"", ""rice""]","[""WeatherDisruption""]","[""malang""]","[""FoodAssistance"", ""ReserveRelease""]",False,candidate_unverified,copy_e789405cd54f,2023-12-14,17:20,kompas,"[""disruption_candidate""]",kompas_nasional,train,1,Jokowi Janji Lanjutkan Bantuan Beras Sampai Juni 2024 Jika APBN Cukup News 14 Desember 2023,https://nasional.kompas.com/read/2023/12/14/17200381/jokowi-janji-lanjutkan-bantuan-beras-sampai-juni-2024-jika-apbn-cukup
ann_b65584f519da,1649,False,"[""rice""]","[""WeatherDisruption""]","[""banyuwangi""]","[""CrisisPreparednessAction""]",False,candidate_unverified,copy_4b2beddc17be,2023-10-06,21:57,beritajatim,"[""disruption_candidate""]",beritajatim,train,1,"Dampak El Nino, Banyuwangi Pantau Irigasi Antisipasi Produksi Pangan",https://beritajatim.com/dampak-el-nino-banyuwangi-pantau-irigasi-antisipasi-produksi-pangan
ann_b65e0d5d0060,3818,True,"[""sugar""]","[""SupplyShortage""]",[],"[""InspectionEnforcement"", ""ProcurementAction""]",False,candidate_unverified,copy_d6aafc75eb8e,2021-05-13,20:04,detik,"[""disruption_candidate"", ""response_query""]",detik_finance,train,1,"Aturan Baru Dituding Bikin Gula Rafinasi Langka, Menperin Buka Suara",https://finance.detik.com/industri/d-5568946/aturan-baru-dituding-bikin-gula-rafinasi-langka-menperin-buka-suara
ann_b68b840e66ed,2131,False,[],"[""DisasterEvent"", ""WeatherDisruption""]","[""mojokerto"", ""pasuruan""]",[],False,candidate_unverified,copy_f94c6877d58b,2025-12-23,12:10,kompas,"[""disruption_candidate""]",kompas_regional,validation,1,"Cuaca Ekstrem Landa Pasuruan, Angin Kencang Rusak 7 Rumah dan 3 Rumah Tertimpa Tanah Longsor Regional 23 Desember 2025",https://surabaya.kompas.com/read/2025/12/23/121056878/cuaca-ekstrem-landa-pasuruan-angin-kencang-rusak-7-rumah-dan-3-rumah
ann_b68e25934a55,3923,False,[],"[""SupplyShortage""]","[""surabaya""]","[""CrisisPreparednessAction""]",False,candidate_unverified,copy_b167d2465794,2023-09-11,23:14,beritajatim,"[""response_query""]",beritajatim,train,1,"Hadapi Isu Krisis Pangan, Gerakan Maju Tani Akan Cetak 10 Juta Petani Digital",https://beritajatim.com/hadapi-isu-krisis-pangan-gerakan-maju-tani-akan-cetak-10-juta-petani-digital
ann_b6a981af16e9,2297,False,[],"[""DisasterEvent""]","[""batu""]",[],False,candidate_unverified,copy_761538aee911,2021-11-04,22:55,detik,"[""disruption_candidate""]",detik_news,train,1,Update Kerusakan Dampak Banjir Bandang di Kota Batu,https://news.detik.com/berita-jawa-timur/d-5797652/update-kerusakan-dampak-banjir-bandang-di-kota-batu
ann_b6bd9786d1c0,5752,False,"[""broad_food"", ""soybean""]","[""DisasterEvent""]","[""banyuwangi"", ""blitar"", ""lumajang"", ""malang"", ""pacitan""]",[],False,candidate_unverified,copy_d9c459e8eb38,2021-05-22,23:36,beritajatim,"[""disruption_candidate""]",beritajatim,train,1,"Khofifah Tinjau Daerah Terdampak Gempa 5,9 SR di Blitar",https://beritajatim.com/khofifah-tinjau-daerah-terdampak-gempa-59-sr-di-blitar
ann_b6be8e542f7b,1545,False,"[""cooking_oil""]","[""SupplyShortage""]","[""gresik"", ""surabaya""]","[""DistributionIntervention"", ""OtherResponseAction""]",False,candidate_unverified,copy_7d0a4214ae6e,2022-02-08,10:01,kompas,"[""disruption_candidate""]",kompas_regional,train,1,"Khofifah Ungkap Penyebab Kelangkaan Minyak Goreng di Jatim, Sebut Pengiriman Distributor Terlambat Regional 8 Februari 2022",https://surabaya.kompas.com/read/2022/02/08/100113578/khofifah-ungkap-penyebab-kelangkaan-minyak-goreng-di-jatim-sebut-pengiriman
ann_b6cfcaddb300,1509,False,[],"[""DisasterEvent""]","[""bondowoso""]",[],False,candidate_unverified,copy_5bbcfb523151,2025-01-09,21:46,kompas,"[""disruption_candidate""]",kompas_regional,validation,1,"Hujan Deras, Banjir Bandang Terjang Warga di Lereng Gunung Argopuro Bondowoso Regional 9 Januari 2025",https://surabaya.kompas.com/read/2025/01/09/214656978/hujan-deras-banjir-bandang-terjang-warga-di-lereng-gunung-argopuro
ann_b70e7a4e9b7e,2796,False,[],"[""DisasterEvent""]","[""surabaya""]",[],False,candidate_unverified,copy_95839605b19f,2021-10-27,21:46,detik,"[""disruption_candidate""]",detik_finance,train,1,"Kisah UMKM Surabaya Bangkit dari Kebakaran, Kebanjiran & Pandemi",https://finance.detik.com/berita-ekonomi-bisnis/d-5785633/kisah-umkm-surabaya-bangkit-dari-kebakaran-kebanjiran-pandemi
ann_b71e5efb3fd8,2076,False,"[""rice""]","[""DisasterEvent""]","[""jombang"", ""pamekasan""]",[],False,candidate_unverified,copy_b52decc6dd30,2022-03-02,19:33,kompas,"[""disruption_candidate""]",kompas_regional,train,1,2 Desa di Pamekasan Masih Terendam Banjir Regional 2 Maret 2022,https://surabaya.kompas.com/read/2022/03/02/193356178/2-desa-di-pamekasan-masih-terendam-banjir
ann_b7234881be2f,1959,True,"[""broad_food"", ""rice""]","[""DisasterEvent"", ""ProductionDisruption"", ""SupplyShortage"", ""WeatherDisruption""]","[""ngawi""]","[""CrisisPreparednessAction"", ""OtherResponseAction""]",False,candidate_unverified,copy_a1272f117ce5,2023-07-26,,kontan,"[""disruption_candidate""]",kontan,train,0,"Antisipasi El-Nino, Pemerintah Siapkan Ngawi Sebagai Daerah Penyangga Padi",https://nasional.kontan.co.id/news/antisipasi-el-nino-pemerintah-siapkan-ngawi-sebagai-daerah-penyangga-padi
ann_b7238ddb14f2,2555,False,[],"[""DisasterEvent"", ""WeatherDisruption""]","[""batu"", ""blitar"", ""gresik"", ""malang"", ""mojokerto"", ""sidoarjo""]",[],False,candidate_unverified,copy_27231333cb32,2021-11-09,17:53,kompas,"[""disruption_candidate""]",kompas_regional,train,1,"2 Jam Sebelum Banjir Bandang Terjang Kota Batu, BMKG Telah Beri Peringatan Dini Regional 9 November 2021",https://regional.kompas.com/read/2021/11/09/175353778/2-jam-sebelum-banjir-bandang-terjang-kota-batu-bmkg-telah-beri-peringatan
ann_b75003cb090c,1912,False,"[""fish""]","[""SupplyShortage""]","[""gresik""]","[""InspectionEnforcement"", ""OtherResponseAction""]",False,candidate_unverified,copy_421e195e8927,2023-08-12,22:27,beritajatim,"[""disruption_candidate""]",beritajatim,train,1,LPG 3 Kilogram di Kabupaten Gresik Tak Ada Kelangkaan,https://beritajatim.com/lpg-3-kilogram-di-kabupaten-gresik-tak-ada-kelangkaan
ann_b75d419746d3,3680,True,[],"[""WeatherDisruption""]","[""madiun""]","[""CrisisPreparednessAction""]",False,candidate_unverified,copy_7917db6ed896,2024-06-15,10:52,kompas,"[""response_query""]",kompas_regional,train,1,"Kota Semarang Masuk Nominasi TPID Award 2024, Mbak Ita Sampaikan Terima Kasih atas Kinerja OPD Regional 15 Juni 2024",https://regional.kompas.com/read/2024/06/15/105251378/kota-semarang-masuk-nominasi-tpid-award-2024-mbak-ita-sampaikan-terima
ann_b7d5240aa925,1851,False,[],"[""DisasterEvent""]","[""blitar""]",[],False,candidate_unverified,copy_1c122744683a,2022-10-17,14:59,kompas,"[""disruption_candidate""]",kompas_regional,train,1,"Kesaksian Korban Banjir Blitar Selatan, Tinggalkan Rumah Saat Air dengan Cepat Meninggi Regional 17 Oktober 2022",https://surabaya.kompas.com/read/2022/10/17/145935078/kesaksian-korban-banjir-blitar-selatan-tinggalkan-rumah-saat-air-dengan
ann_b7d8db9549b1,2748,False,[],"[""DisasterEvent""]","[""surabaya""]",[],False,candidate_unverified,copy_7098f68b4b31,2026-04-17,11:02,kompas,"[""disruption_candidate""]",kompas_regional,test,1,"Pabrik Selotip 2 Hektare di Surabaya Ludes Terbakar, Karyawan Lari Tunggang Langgang Regional 17 April 2026",https://surabaya.kompas.com/read/2026/04/17/110222578/pabrik-selotip-2-hektare-di-surabaya-ludes-terbakar-karyawan-lari-tunggang
ann_b80de567b2af,1842,False,[],"[""DisasterEvent""]","[""mojokerto"", ""pasuruan"", ""sidoarjo"", ""surabaya""]",[],False,candidate_unverified,copy_4141eb5552c8,2023-06-20,16:27,beritajatim,"[""disruption_candidate""]",beritajatim,train,1,"Ramai Gempa Bumi di Mojokerto Jatim, Berikut Doa yang Bisa Dibaca",https://beritajatim.com/ramai-gempa-bumi-cianjur-berikut-doa-yang-bisa-dibaca
ann_b883ae7d23a4,3316,False,[],"[""DisasterEvent"", ""WeatherDisruption""]","[""magetan""]",[],False,candidate_unverified,copy_269e6ab81552,2025-11-11,06:38,beritajatim,"[""disruption_candidate""]",beritajatim,validation,1,Magetan Diguyur Hujan Lebat dan Longsor: 1 Korban Meninggal,https://beritajatim.com/magetan-diguyur-hujan-lebat-dan-longsor-1-korban-meninggal
ann_b884f582fd85,2392,False,[],"[""DisasterEvent""]","[""tuban""]",[],False,candidate_unverified,copy_7dd4cce1515a,2024-03-12,17:41,kompas,"[""disruption_candidate""]",kompas_regional,train,1,"Terendam Banjir Luapan Sungai Bengawan Solo, Aliran Listrik 6 Desa di Tuban Diputus Sementara Regional 12 Maret 2024",https://surabaya.kompas.com/read/2024/03/12/174124478/terendam-banjir-luapan-sungai-bengawan-solo-aliran-listrik-6-desa-di-tuban
ann_b8aef9d6592c,1612,False,[],"[""DisasterEvent""]","[""malang"", ""probolinggo""]",[],False,candidate_unverified,copy_dd7b04e04708,2021-04-10,21:55,detik,"[""disruption_candidate""]",detik_news,train,1,Gempa Malang Rusak 5 Rumah dan 1 Musala di 2 Kecamatan Probolinggo,https://news.detik.com/berita-jawa-timur/d-5527850/gempa-malang-rusak-5-rumah-dan-1-musala-di-2-kecamatan-probolinggo
ann_b8b662229fad,1824,False,[],"[""DisasterEvent"", ""WeatherDisruption""]","[""batu"", ""mojokerto"", ""sidoarjo""]","[""DistributionIntervention"", ""FoodAssistance""]",False,candidate_unverified,copy_7d9e7bc7a940,2025-04-04,20:39,detik,"[""disruption_candidate"", ""response_query""]",detik_news,validation,1,"Longsor di Mojokerto, Kemensos Bantu Evakuasi dan Dirikan Dapur Umum",https://news.detik.com/berita/d-7854900/longsor-di-mojokerto-kemensos-bantu-evakuasi-dan-dirikan-dapur-umum
ann_b8df250a917c,1781,False,"[""broad_food"", ""chili"", ""garlic"", ""shallot""]","[""WeatherDisruption""]","[""pasuruan""]",[],False,candidate_unverified,copy_980e199799ec,2025-01-07,10:47,beritajatim,"[""disruption_candidate""]",beritajatim,validation,1,"Awal Tahun, Harga Cabai di Pasuruan Meroket hingga Rp100 Ribu per Kilogram",https://beritajatim.com/awal-tahun-harga-cabai-di-pasuruan-meroket-hingga-rp100-ribu-per-kilogram
ann_b8ef710c3bab,2471,True,"[""broad_food""]","[""WeatherDisruption""]","[""lamongan"", ""malang""]","[""CrisisPreparednessAction""]",False,candidate_unverified,copy_80f23615207b,2024-06-04,16:55,beritajatim,"[""response_query""]",beritajatim,train,1,Lamongan Modifikasi Cuaca Amankan Pasokan Air saat Kemarau,https://beritajatim.com/lamongan-modifikasi-cuaca-amankan-pasokan-air-saat-kemarau
ann_b908c4420e81,2612,False,"[""broad_food"", ""fish""]","[""ProductionDisruption""]","[""pasuruan""]",[],False,candidate_unverified,copy_1cf35556b5f6,2026-01-13,12:57,kompas,"[""disruption_candidate""]",kompas_regional,test,1,"Anomali Cuaca, Produksi Garam di Kota Pasuruan Terjun Bebas 2 Tahun Terakhir Regional 13 Januari 2026",https://surabaya.kompas.com/read/2026/01/13/125733578/anomali-cuaca-produksi-garam-di-kota-pasuruan-terjun-bebas-2-tahun-terakhir
ann_b929cc70956c,2096,False,[],"[""DisasterEvent""]","[""gresik""]","[""DistributionIntervention""]",False,candidate_unverified,copy_e79e4b084270,2025-10-31,,kontan,"[""response_query""]",kontan,validation,0,"Setelah Kahar, Terbitlah Izin Ekspor Konsentrat",https://insight.kontan.co.id/news/setelah-kahar-terbitlah-izin-ekspor-konsentrat
ann_b953c07d005b,2106,True,[],"[""DisasterEvent""]","[""pasuruan"", ""probolinggo"", ""surabaya""]","[""CrisisPreparednessAction""]",False,candidate_unverified,copy_62557f915f04,2026-04-02,16:50,kompas,"[""response_query""]",kompas_regional,test,1,"Atasi Banjir Tahunan, Jembatan Buk Wedi Diganti, Jalur Pantura Pasuruan Ditutup Total Regional 2 April 2026",https://surabaya.kompas.com/read/2026/04/02/165018778/atasi-banjir-tahunan-jembatan-buk-wedi-diganti-jalur-pantura-pasuruan
ann_b99260d05fe7,1335,False,"[""chili""]","[""ProductionDisruption"", ""SupplyShortage"", ""WeatherDisruption""]","[""kediri"", ""lamongan""]",[],False,candidate_unverified,copy_acfcd2f005d7,2024-07-22,10:01,kompas,"[""disruption_candidate""]",kompas_money,train,1,"Harga Cabai Rawit Kian Pedas, Ini Penyebabnya Menurut Kementan Money 22 Juli 2024",https://money.kompas.com/read/2024/07/22/100117826/harga-cabai-rawit-kian-pedas-ini-penyebabnya-menurut-kementan
ann_b9d79014e35f,2973,False,"[""broad_food"", ""chicken_eggs"", ""chicken_meat"", ""chili"", ""corn"", ""rice"", ""shallot""]","[""WeatherDisruption""]",[],"[""DistributionIntervention"", ""FoodAssistance"", ""MarketOperationAction""]",False,candidate_unverified,copy_85e26707aa28,2024-04-02,,kontan,"[""disruption_candidate"", ""response_query""]",kontan,train,0,Pemerintah Berharap Inflasi Pangan Melandai pada April 2024,https://nasional.kontan.co.id/news/pemerintah-berharap-inflasi-pangan-melandai-pada-april-2024
ann_ba6bf9bdac8e,2780,False,[],"[""DisasterEvent""]","[""magetan""]",[],False,candidate_unverified,copy_6436c5bf220b,2025-11-11,16:29,beritajatim,"[""disruption_candidate""]",beritajatim,validation,1,Belasan Titik Longsor di Magetan Rusak Rumah dan Tutup Akses Warga di Tiga Desa,https://beritajatim.com/belasan-titik-longsor-magetan-rusak-rumah-dan-tutup-akses-warga
ann_ba7e10a27a5e,4184,False,[],"[""DisasterEvent""]","[""lumajang"", ""malang""]",[],False,candidate_unverified,copy_92924e27ce6f,2021-12-04,23:23,beritajatim,"[""disruption_candidate""]",beritajatim,train,1,BNPB Dorong Logistik Penanganan Darurat Erupsi Gunung Semeru,https://beritajatim.com/bnpb-dorong-logistik-penanganan-darurat-erupsi-gunung-semeru
ann_ba805d7a24fc,2142,False,"[""rice""]","[""PestDiseaseEvent""]","[""gresik""]",[],False,candidate_unverified,copy_3cc001f35f95,2024-05-16,,kontan,"[""disruption_candidate""]",kontan,train,0,Petrokimia Gresik Sukses Tingkatkan Produktivitas Padi di Timur Leste,https://industri.kontan.co.id/news/petrokimia-gresik-sukses-tingkatkan-produktivitas-padi-di-timur-leste
ann_ba95981ed170,1988,False,"[""chili"", ""garlic"", ""rice"", ""shallot""]","[""ProductionDisruption""]","[""pacitan""]",[],False,candidate_unverified,copy_3082fca6dccb,2025-01-12,14:33,kompas,"[""disruption_candidate""]",kompas_regional,validation,1,"Harga Cabai Tak Tentu, Selalu Berubah, Pedagang Gelisah Regional 12 Januari 2025",https://surabaya.kompas.com/read/2025/01/12/143355378/harga-cabai-tak-tentu-selalu-berubah-pedagang-gelisah
ann_ba980ad9d82d,1225,False,[],"[""DisasterEvent""]","[""malang"", ""mojokerto"", ""pasuruan""]",[],False,candidate_unverified,copy_0a4b90971a15,2021-02-04,16:20,kompas,"[""disruption_candidate""]",kompas_regional,train,1,"BMKG Yakin Suara Dentuman Misterius di Malang Berasal dari Petir, Ini Alasannya News 4 Februari 2021",https://regional.kompas.com/read/2021/02/04/16201171/bmkg-yakin-suara-dentuman-misterius-di-malang-berasal-dari-petir-ini
ann_ba99ce0bdc11,2771,False,[],"[""DisasterEvent"", ""WeatherDisruption""]","[""magetan""]","[""CrisisPreparednessAction""]",False,candidate_unverified,copy_7e876e4f9069,2026-01-15,14:41,beritajatim,"[""disruption_candidate""]",beritajatim,test,1,"Longsor Tutup Total Jalur Barat Telaga Sarangan Magetan, BPBD Datangkan Alat Berat",https://beritajatim.com/longsor-telaga-sarangan-magetan-jalur-barat-ditutup
ann_baac8352a2ed,1891,False,[],"[""DisasterEvent""]","[""jombang"", ""nganjuk"", ""surabaya""]",[],False,candidate_unverified,copy_184d6cf097de,2021-02-19,12:08,kompas,"[""disruption_candidate""]",kompas_regional,train,1,Kesaksian Relawan Longsor Nganjuk: Muntah dan Diare 6 Jam Usai Makan Mi Ayam Bantuan News 19 Februari 2021,https://regional.kompas.com/read/2021/02/19/12082311/kesaksian-relawan-longsor-nganjuk-muntah-dan-diare-6-jam-usai-makan-miayam
ann_bb18d05f898c,2467,False,"[""broad_food"", ""rice""]","[""DisasterEvent"", ""ProductionDisruption"", ""WeatherDisruption""]","[""pasuruan""]",[],False,candidate_unverified,copy_2ec9d6e7c264,2026-03-27,19:10,kompas,"[""disruption_candidate""]",kompas_regional,test,1,"158 Hektar Sawah di Pasuruan Terendam Banjir, Petani Terancam Gagal Panen Regional 27 Maret 2026",https://surabaya.kompas.com/read/2026/03/27/191045578/158-hektar-sawah-di-pasuruan-terendam-banjir-petani-terancam-gagal-panen
ann_bb31d2006b6d,9797,False,"[""rice""]","[""PestDiseaseEvent"", ""ProductionDisruption"", ""WeatherDisruption""]","[""jombang"", ""kediri""]","[""ProductionAssistance""]",False,candidate_unverified,copy_c580658413fe,2026-03-16,20:46,beritajatim,"[""response_query""]",beritajatim,test,1,Industri Tembakau Kediri Bertahan di Tengah Cuaca Ekstrem dan Tekanan Regulasi,https://beritajatim.com/industri-tembakau-kediri-bertahan-di-tengah-cuaca-ekstrem-dan-tekanan-regulasi
ann_bb34fb33c41e,1348,False,[],"[""DisasterEvent""]","[""kediri""]",[],False,candidate_unverified,copy_374d71494840,2022-11-08,,kontan,"[""disruption_candidate""]",kontan,train,0,"Kebakaran di Gudang Kediri, Gudang Garam (GGRM): Tak Ada Pengaruh ke Aktivitas Pabrik",https://industri.kontan.co.id/news/kebakaran-di-gudang-kediri-gudang-garam-ggrm-tak-ada-pengaruh-ke-aktivitas-pabrik
ann_bb3a018aefba,3589,False,[],"[""SupplyShortage""]","[""surabaya""]","[""CrisisPreparednessAction""]",False,candidate_unverified,copy_11cf65ec4572,2022-09-28,,kontan,"[""disruption_candidate"", ""response_query""]",kontan,train,0,"Kemenag, Kemenkes dan PPIU Bahas Solusi Kelangkaan Vaksin Meningitis untuk Umrah",https://nasional.kontan.co.id/news/kemenag-kemenkes-dan-ppiu-bahas-solusi-kelangkaan-vaksin-meningitis-untuk-umrah
ann_bbba4be09c2c,1483,False,[],"[""DisasterEvent""]","[""sumenep""]",[],False,candidate_unverified,copy_7c41611b1a4c,2023-07-18,23:29,beritajatim,"[""disruption_candidate""]",beritajatim,train,1,"Diduga Korsleting, KLM Usaha Bersama Terbakar di Pelabuhan Gersik Putih Sumenep",https://beritajatim.com/diduga-korsleting-klm-usaha-bersama-terbakar-di-pelabuhan-gersik-putih-sumenep
ann_bc19279bb68c,750,False,[],"[""DisasterEvent""]","[""mojokerto"", ""surabaya""]",[],False,candidate_unverified,copy_ef98c823b853,2023-06-19,23:10,detik,"[""disruption_candidate""]",detik_news,train,1,"BMKG: Gempa Magnitudo 4,6 Mojokerto Dipicu Sesar Aktif",https://news.detik.com/berita/d-6781930/bmkg-gempa-magnitudo-4-6-mojokerto-dipicu-sesar-aktif
ann_bc1be2a67961,1849,False,[],"[""DisasterEvent""]","[""bojonegoro"", ""nganjuk""]",[],False,candidate_unverified,copy_9a6332518470,2022-11-11,23:11,beritajatim,"[""disruption_candidate""]",beritajatim,train,1,Banjir Bandang Terjang 2 Desa di Kabupaten Bojonegoro,https://beritajatim.com/banjir-bandang-terjang-2-desa-di-kabupaten-bojonegoro
ann_bc20ba979528,1913,False,[],"[""DisasterEvent"", ""WeatherDisruption""]","[""banyuwangi"", ""blitar"", ""lumajang"", ""malang"", ""pacitan"", ""surabaya"", ""trenggalek""]",[],False,candidate_unverified,copy_dfc122fc6f58,2025-12-03,21:51,beritajatim,"[""disruption_candidate""]",beritajatim,validation,1,Fraksi PDI Perjuangan Minta BPBD Jatim Tingkatkan Kesiapsiagaan Bencana Jelang Nataru,https://beritajatim.com/fraksi-pdi-perjuangan-minta-bpbd-jatim-tingkatkan-kesiapsiagaan-bencana-jelang-nataru
ann_bc28f331ac8b,2259,False,[],"[""DisasterEvent""]","[""mojokerto""]",[],False,candidate_unverified,copy_64557bf20109,2025-04-08,,kontan,"[""disruption_candidate""]",kontan,validation,0,"Hadapi Tekanan Biaya & Ancaman Impor, ARNA Siap Ekspansi Pabrik & Andalkan Efisiensi",https://industri.kontan.co.id/news/hadapi-tekanan-biaya-ancaman-impor-arna-siap-ekspansi-pabrik-andalkan-efisiensi
ann_bc5a186533c4,1851,True,"[""broad_food"", ""cooking_oil"", ""rice"", ""sugar""]","[""SupplyShortage""]","[""surabaya""]","[""CrisisPreparednessAction"", ""DistributionIntervention"", ""MarketOperationAction""]",False,candidate_unverified,copy_2267ae67434d,2022-09-25,,kontan,"[""disruption_candidate""]",kontan,train,0,ID Food Bagikan 5.000 Paket Sembako Melalui Pasar Murah BUMN di Purwakarta,https://regional.kontan.co.id/news/id-food-bagikan-5000-paket-sembako-melalui-pasar-murah-bumn-di-purwakarta
ann_bcc6b26398e5,2561,False,"[""rice""]","[""PestDiseaseEvent""]","[""banyuwangi""]",[],False,candidate_unverified,copy_3e024f5c44d8,2025-06-02,20:21,kompas,"[""disruption_candidate""]",kompas_regional,validation,1,"Hama Tikus Mengancam, 421 Burung Hantu Disebar di Banyuwangi Regional 2 Juni 2025",https://surabaya.kompas.com/read/2025/06/02/202120078/hama-tikus-mengancam-421-burung-hantu-disebar-di-banyuwangi
ann_bccdef7e9dd9,2770,False,"[""beef"", ""broad_food""]","[""PestDiseaseEvent""]","[""jember""]",[],False,candidate_unverified,copy_047ca86b6126,2025-11-02,16:00,detik,"[""disruption_candidate""]",detik_finance,validation,1,"RI Masih Impor Sapi, 40% buat Kebutuhan Dalam Negeri",https://finance.detik.com/berita-ekonomi-bisnis/d-8190423/ri-masih-impor-sapi-40-buat-kebutuhan-dalam-negeri
ann_bd02b130dae5,2257,False,[],"[""DisasterEvent""]","[""lamongan""]",[],False,candidate_unverified,copy_10293504c10b,2026-01-13,13:55,kompas,"[""disruption_candidate""]",kompas_regional,test,1,Perjuangan Guru Jemput Siswa Pakai Perahu Melintasi Banjir Lamongan Regional 13 Januari 2026,https://surabaya.kompas.com/read/2026/01/13/135507878/perjuangan-guru-jemput-siswa-pakai-perahu-melintasi-banjir-lamongan
ann_bd319f3f2b7c,2156,False,"[""broad_food"", ""chili"", ""shallot""]","[""ProductionDisruption""]","[""malang""]",[],False,candidate_unverified,copy_65dc601e534e,2025-06-26,22:30,detik,"[""disruption_candidate""]",detik_news,validation,1,"Panen Cabai Perdana, Yandri Puji Desa Kemiri Gunakan Dana untuk Pangan",https://news.detik.com/berita/d-7984399/panen-cabai-perdana-yandri-puji-desa-kemiri-gunakan-dana-untuk-pangan
ann_bd54958da29f,1532,False,[],"[""DisasterEvent""]","[""jombang"", ""kediri"", ""sidoarjo""]","[""CrisisPreparednessAction""]",False,candidate_unverified,copy_0d7cf95daa99,2025-05-27,05:29,kompas,"[""response_query""]",kompas_regional,validation,1,Helikopter BK 117 D2 Lakukan Pendaratan Darurat di Jombang Akibat Cuaca Buruk Regional 27 Mei 2025,https://surabaya.kompas.com/read/2025/05/27/052919578/helikopter-bk-117-d2-lakukan-pendaratan-darurat-di-jombang-akibat-cuaca
ann_bd59d06101b6,2727,False,[],"[""DisasterEvent"", ""WeatherDisruption""]","[""bondowoso"", ""magetan"", ""malang"", ""pacitan"", ""sidoarjo"", ""situbondo"", ""surabaya"", ""trenggalek""]","[""CrisisPreparednessAction""]",False,candidate_unverified,copy_a6f8fcc964f3,2025-03-22,11:15,beritajatim,"[""disruption_candidate""]",beritajatim,validation,1,BPBD Jatim 24 Jam Siaga Bencana Saat Arus Mudik dan Balik Lebaran,https://beritajatim.com/bpbd-jatim-24-jam-siaga-bencana-saat-arus-mudik-dan-balik-lebaran
ann_bd5f03c979cd,1760,False,"[""broad_food""]","[""DisasterEvent""]","[""pasuruan""]","[""DistributionIntervention"", ""FoodAssistance""]",False,candidate_unverified,copy_8bc00be4a5a6,2025-01-16,18:12,kompas,"[""disruption_candidate""]",kompas_regional,validation,1,Korban Banjir di 3 Kecamatan di Pasuruan Terima Bantuan BPBD Regional 16 Januari 2025,https://surabaya.kompas.com/read/2025/01/16/181248978/korban-banjir-di-3-kecamatan-di-pasuruan-terima-bantuan-bpbd
ann_bd7ea6564545,1204,False,[],"[""DisasterEvent""]","[""sumenep""]",[],False,candidate_unverified,copy_ddce53a7b49e,2025-10-01,00:48,kompas,"[""disruption_candidate""]",kompas_regional,validation,1,"Gempa Magnitudo 6,5 Guncang Sumenep, Sejumlah Rumah Rusak Regional 1 Oktober 2025",https://surabaya.kompas.com/read/2025/10/01/004850878/gempa-magnitudo-65-guncang-sumenep-sejumlah-rumah-rusak
ann_bd8f39ed29d0,2034,False,[],"[""DisasterEvent""]","[""trenggalek"", ""tulungagung""]","[""DistributionIntervention""]",False,candidate_unverified,copy_dd7400039f47,2022-10-21,14:52,kompas,"[""response_query""]",kompas_regional,train,1,Pemkab Trenggalek Dapat Bantuan Rp 250 Juta dari BNPB untuk Penanganan Banjir Regional 21 Oktober 2022,https://regional.kompas.com/read/2022/10/21/145241378/pemkab-trenggalek-dapat-bantuan-rp-250-juta-dari-bnpb-untuk-penanganan
ann_bd92ffb8e7ee,1363,False,"[""rice""]","[""DisasterEvent""]","[""nganjuk""]",[],False,candidate_unverified,copy_96cf50742104,2021-03-08,22:53,detik,"[""disruption_candidate""]",detik_news,train,1,Kerangka Manusia yang Ditemukan di Nganjuk Dipastikan Korban Longsor 2017,https://news.detik.com/berita-jawa-timur/d-5486250/kerangka-manusia-yang-ditemukan-di-nganjuk-dipastikan-korban-longsor-2017
ann_bdc3c7e3dc74,1787,False,[],"[""DisasterEvent""]","[""sumenep""]",[],False,candidate_unverified,copy_440610aa6621,2025-10-02,09:13,kompas,"[""disruption_candidate""]",kompas_regional,validation,1,BPBD: Kerusakan Bangunan Sentuh 200 Unit Akibat Gempa Sumenep Regional 2 Oktober 2025,https://surabaya.kompas.com/read/2025/10/02/091359278/bpbd-kerusakan-bangunan-sentuh-200-unit-akibat-gempa-sumenep
ann_bdc59b9222b4,2130,True,[],"[""WeatherDisruption""]","[""pasuruan""]","[""CrisisPreparednessAction"", ""DistributionIntervention"", ""FoodAssistance""]",False,candidate_unverified,copy_3434c9ee79b3,2025-08-04,12:38,beritajatim,"[""disruption_candidate""]",beritajatim,validation,1,"Dapat Bantuan Tandon Air, Empat Desa di Lumbang Pasuruan Jadi Prioritas Distribusi Air Bersih BPBD",https://beritajatim.com/dapat-bantuan-tandon-air-empat-desa-di-lumbang-pasuruan-jadi-prioritas-distribusi-air-bersih-bpbd
ann_bdea15f5c67e,2320,False,"[""fish""]","[""DisasterEvent"", ""WeatherDisruption""]","[""banyuwangi"", ""bondowoso"", ""jember"", ""situbondo""]",[],False,candidate_unverified,copy_8b5d1d0e1612,2021-12-24,18:23,kompas,"[""disruption_candidate""]",kompas_regional,train,1,BMKG Peringatkan Potensi Hujan dan Gelombang Tinggi di Wilayah Jember hingga Banyuwangi Regional 24 Desember 2021,https://surabaya.kompas.com/read/2021/12/24/182332478/bmkg-peringatkan-potensi-hujan-dan-gelombang-tinggi-di-wilayah-jember
ann_be3407096318,2114,False,[],"[""DisasterEvent"", ""WeatherDisruption""]","[""sampang""]","[""CrisisPreparednessAction""]",False,candidate_unverified,copy_e34bd2d29210,2025-12-04,13:56,kompas,"[""response_query""]",kompas_regional,validation,1,"BPBD Sampang Ingatkan Potensi Angin Kencang dan Hujan Lebat, Imbau Warga Waspada Regional 4 Desember 2025",https://surabaya.kompas.com/read/2025/12/04/135602978/bpbd-sampang-ingatkan-potensi-angin-kencang-dan-hujan-lebat-imbau-warga
ann_be4e675660d7,723,False,[],"[""DisasterEvent""]","[""pasuruan""]",[],False,candidate_unverified,copy_e86d6c72d607,2021-10-07,23:13,detik,"[""disruption_candidate""]",detik_news,train,1,"Pasar Nguling Pasuruan Kebakaran, Kerugian Ditaksir Capai Rp 2,2 Miliar",https://news.detik.com/berita-jawa-timur/d-5757757/pasar-nguling-pasuruan-kebakaran-kerugian-ditaksir-capai-rp-2-2-miliar
ann_be6b6b9649cb,2112,False,"[""beef""]","[""PestDiseaseEvent""]","[""surabaya""]","[""CrisisPreparednessAction""]",False,candidate_unverified,copy_4e61566459d1,2025-01-09,14:52,kompas,"[""disruption_candidate""]",kompas_regional,validation,1,"RPH Surabaya Tak Terdampak Virus PMK, Harga Daging Sapi Stabil Regional 9 Januari 2025",https://surabaya.kompas.com/read/2025/01/09/145247678/rph-surabaya-tak-terdampak-virus-pmk-harga-daging-sapi-stabil
ann_be858136c7d2,2923,True,[],"[""DisasterEvent"", ""WeatherDisruption""]","[""surabaya""]","[""CrisisPreparednessAction""]",False,candidate_unverified,copy_c432e906eebc,2026-03-27,18:45,kompas,"[""response_query""]",kompas_regional,test,1,BNPB Antisipasi Hadapi Bencana Kekeringan dan Kebakaran di Jatim Regional 27 Maret 2026,https://surabaya.kompas.com/read/2026/03/27/184526778/bnpb-antisipasi-hadapi-bencana-kekeringan-dan-kebakaran-di-jatim
ann_be89b8b18eab,2088,False,[],"[""DisasterEvent""]","[""banyuwangi"", ""situbondo"", ""surabaya""]",[],False,candidate_unverified,copy_d82f45c46168,2025-09-25,22:44,kompas,"[""disruption_candidate""]",kompas_nasional,validation,1,"Puluhan Rumah Rusak akibat Gempa Bumi M 5,7 Guncang Banyuwangi dan Situbondo News 25 September 2025",https://nasional.kompas.com/read/2025/09/25/22440901/puluhan-rumah-rusak-akibat-gempa-bumi-m-57-guncang-banyuwangi-dan-situbondo
ann_bea235e172d6,1898,False,[],"[""DisasterEvent""]","[""malang""]",[],False,candidate_unverified,copy_ee20a94b5d0a,2021-04-12,14:28,beritajatim,"[""disruption_candidate""]",beritajatim,train,1,BNPB Beberkan Rincian Bantuan Rumah Rusak Korban Gempa di Malang,https://beritajatim.com/bnpb-beberkan-rincian-bantuan-rumah-rusak-korban-gempa-di-malang
ann_bebaf8d72e67,2776,False,[],"[""DisasterEvent""]","[""gresik"", ""surabaya""]","[""DistributionIntervention"", ""FoodAssistance""]",False,candidate_unverified,copy_f6a788f21716,2025-07-29,13:10,kompas,"[""disruption_candidate""]",kompas_regional,validation,1,"Bagikan Bansos Rp 5,8 Miliar di Gresik, Khofifah: Jangan Sampai Dipakai Judi Online Regional 29 Juli 2025",https://surabaya.kompas.com/read/2025/07/29/131058478/bagikan-bansos-rp-58-miliar-di-gresik-khofifah-jangan-sampai-dipakai-judi
ann_bed12e7c29da,1804,False,[],"[""DisasterEvent""]","[""gresik""]",[],False,candidate_unverified,copy_1bc465b085a0,2025-05-26,22:10,kompas,"[""disruption_candidate""]",kompas_money,validation,1,Bos Freeport Sebut Smelter Gresik Bakal Produksi 600.000 Ton Katoda Tembaga Akhir 2025 Money 26 Mei 2025,https://money.kompas.com/read/2025/05/26/221000226/bos-freeport-sebut-smelter-gresik-bakal-produksi-600.000-ton-katoda-tembaga
ann_bf0eef934205,1263,False,[],"[""DisasterEvent""]","[""banyuwangi"", ""bondowoso"", ""jember"", ""situbondo"", ""surabaya""]",[],False,candidate_unverified,copy_13f045ddd732,2025-09-26,14:03,beritajatim,"[""disruption_candidate""]",beritajatim,validation,1,"BPBD Jatim Ungkap 85 Bangunan Rusak Akibat Gempa Banyuwangi, Gubernur Besok ke Situbondo",https://beritajatim.com/bpbd-jatim-ungkap-85-bangunan-rusak-akibat-gempa-banyuwangi-gubernur-besok-ke-situbondo
ann_bf287cc543a5,2686,False,[],"[""DisasterEvent""]","[""ponorogo""]",[],False,candidate_unverified,copy_1efca64ae2de,2025-12-02,12:20,kompas,"[""disruption_candidate""]",kompas_regional,validation,1,Kata Disnaker Ponorogo soal Pemulangan Jenazah Korban Kebakaran Apartemen di Hong Kong Regional 2 Desember 2025,https://surabaya.kompas.com/read/2025/12/02/122034878/kata-disnaker-ponorogo-soal-pemulangan-jenazah-korban-kebakaran-apartemen
ann_bf3724ca844b,1890,False,"[""broad_food"", ""rice""]","[""SupplyShortage""]","[""surabaya""]","[""DistributionIntervention""]",False,candidate_unverified,copy_c843411e89d6,2021-02-03,16:09,kompas,"[""disruption_candidate""]",kompas_regional,train,1,"Terima 2,8 Juta Ton Pupuk Bersubsidi, Pemprov Jatim Pastikan Tak Ada Kelangkaan News 3 Februari 2021",https://regional.kompas.com/read/2021/02/03/16095371/terima-28-juta-ton-pupuk-bersubsidi-pemprov-jatim-pastikan-tak-ada
ann_bf45ba04dc9a,1316,False,"[""cooking_oil"", ""rice"", ""sugar""]","[""PestDiseaseEvent""]","[""jember""]",[],False,candidate_unverified,copy_362760cb6baf,2021-10-14,20:18,kompas,"[""disruption_candidate""]",kompas_regional,train,1,"Petani Jember Ciptakan Pestisida Cair Berbahan Alami, Mampu Basmi Hama Regional 14 Oktober 2021",https://regional.kompas.com/read/2021/10/14/201850178/petani-jember-ciptakan-pestisida-cair-berbahan-alami-mampu-basmi-hama
ann_bfb74d7364ac,2828,False,[],"[""DisasterEvent"", ""WeatherDisruption""]","[""banyuwangi"", ""malang"", ""mojokerto"", ""pacitan"", ""ponorogo"", ""surabaya""]","[""CrisisPreparednessAction""]",False,candidate_unverified,copy_6bf1f810260f,2025-03-15,11:27,beritajatim,"[""disruption_candidate""]",beritajatim,validation,1,"Pimpin Rakor Pengamanan, Gubernur Jatim Pastikan Arus Mudik Aman dan Lancar",https://beritajatim.com/pimpin-rakor-pengamanan-gubernur-jatim-pastikan-arus-mudik-aman-dan-lancar
ann_bfc44a9ba804,3156,False,"[""broad_food""]","[""DisasterEvent""]","[""bojonegoro""]","[""CrisisPreparednessAction"", ""DistributionIntervention"", ""FoodAssistance""]",False,candidate_unverified,copy_c6e1343b834f,2026-01-27,09:19,beritajatim,"[""response_query""]",beritajatim,test,1,"Longsor Bengawan Solo Ancam Permukiman Balen Bojonegoro, 7 Rumah Warga Terdampak",https://beritajatim.com/longsor-bengawan-solo-ancam-permukiman-balen-bojonegoro-7-rumah-warga-terdampak
ann_bfd4755a1390,4534,False,"[""fish""]","[""DisasterEvent""]","[""bojonegoro"", ""lamongan"", ""surabaya"", ""tuban""]",[],False,candidate_unverified,copy_9cda16319bfd,2022-12-11,08:12,beritajatim,"[""disruption_candidate""]",beritajatim,train,1,EMCL Ajak Nelayan Tuban dan Lamongan Turut Jaga FSO Gagak Rimang dan Perindang Pesisir,https://beritajatim.com/emcl-ajak-nelayan-tuban-dan-lamongan-turut-jaga-fso-gagak-rimang-dan-perindang-pesisir
ann_bfe9f7445ddd,2161,False,"[""rice""]","[""PestDiseaseEvent"", ""WeatherDisruption""]","[""jember"", ""surabaya""]",[],False,candidate_unverified,copy_e217fcb18ac3,2024-02-24,15:20,beritajatim,"[""disruption_candidate""]",beritajatim,train,1,Panen Padi di Jember Tembus 1 Juta Ton,https://beritajatim.com/panen-padi-di-jember-tembus-1-juta-ton
ann_bffa1c5b5d32,3273,False,"[""broad_food"", ""cooking_oil"", ""rice"", ""sugar""]","[""DisasterEvent""]","[""gresik"", ""malang"", ""surabaya""]","[""DistributionIntervention"", ""FoodAssistance""]",False,candidate_unverified,copy_5555a0a356a3,2022-10-20,10:00,kompas,"[""disruption_candidate""]",kompas_money,train,1,BUMN Salurkan 1.500 Paket Sembako untuk Korban Bencana Longsor di Malang Money 20 Oktober 2022,https://money.kompas.com/read/2022/10/20/100000026/bumn-salurkan-1.500-paket-sembako-untuk-korban-bencana-longsor-di-malang
ann_c00e82d74e96,2313,True,[],"[""DisasterEvent"", ""WeatherDisruption""]","[""jember""]",[],False,candidate_unverified,copy_f29c35b435d5,2026-02-13,10:57,kompas,"[""disruption_candidate""]",kompas_regional,test,1,"Banjir di Jember, 3 Jembatan Putus dan 1 Pesantren Terdampak Regional 13 Februari 2026",https://surabaya.kompas.com/read/2026/02/13/105715378/banjir-di-jember-3-jembatan-putus-dan-1-pesantren-terdampak
ann_c020dad27603,2083,False,"[""rice""]","[""PestDiseaseEvent""]",[],"[""DistributionIntervention"", ""OtherResponseAction""]",False,candidate_unverified,copy_56f9a40e1e60,2023-10-12,19:15,kompas,"[""disruption_candidate""]",kompas_money,train,1,"Stok Pupuk Subsidi Aman, Distribusinya Dijamin Lancar Money 12 Oktober 2023",https://money.kompas.com/read/2023/10/12/191500826/stok-pupuk-subsidi-aman-distribusinya-dijamin-lancar
ann_c0468c7de8a8,2169,True,[],"[""DisasterEvent""]","[""tuban""]",[],False,candidate_unverified,copy_3e4b820ef38a,2025-10-30,15:00,kompas,"[""disruption_candidate""]",kompas_regional,validation,1,"Hujan Deras, Jalan Penghubung Dua Desa di Tuban Tertimbun Tanah Longsor Regional 30 Oktober 2025",https://surabaya.kompas.com/read/2025/10/30/150009278/hujan-deras-jalan-penghubung-dua-desa-di-tuban-tertimbun-tanah-longsor
ann_c04d39435ea4,2841,False,[],"[""DisasterEvent""]","[""pasuruan""]",[],False,candidate_unverified,copy_2b21dfabb99d,2026-03-25,07:25,kompas,"[""disruption_candidate""]",kompas_regional,test,1,"Sebanyak 7 Kecamatan di Kabupaten Pasuruan Masih Terendam Banjir, Ketinggian Capai 1,5 Meter Regional 25 Maret 2026",https://surabaya.kompas.com/read/2026/03/25/072556378/sebanyak-7-kecamatan-di-kabupaten-pasuruan-masih-terendam-banjir-ketinggian
ann_c06278b22c31,3350,False,[],"[""DisasterEvent""]","[""jombang""]","[""CrisisPreparednessAction""]",False,candidate_unverified,copy_744ea14dc860,2022-03-13,08:19,beritajatim,"[""response_query""]",beritajatim,train,1,Banjir Masih Genangi Sejumlah Wilayah di Jombang,https://beritajatim.com/banjir-masih-genangi-sejumlah-wilayah-di-jombang
ann_c0ad194ce192,1762,False,[],"[""WeatherDisruption""]","[""gresik""]","[""OtherResponseAction""]",False,candidate_unverified,copy_a9e9febd2ba4,2023-10-07,12:51,kompas,"[""disruption_candidate""]",kompas_money,train,1,"Imbas Kekeringan, Serapan Pupuk NPK Bersubsidi di NTT Belum Maksimal Money 7 Oktober 2023",https://money.kompas.com/read/2023/10/07/125100626/imbas-kekeringan-serapan-pupuk-npk-bersubsidi-di-ntt-belum-maksimal
ann_c0b21686b8e0,1485,False,"[""beef"", ""broad_food"", ""chicken_eggs"", ""chicken_meat"", ""chili"", ""garlic"", ""shallot""]","[""SupplyShortage""]","[""sumenep""]",[],False,candidate_unverified,copy_d4291596a59e,2024-12-30,12:22,beritajatim,"[""disruption_candidate""]",beritajatim,train,1,Harga Cabai Rawit di Sumenep Makin “Pedas” Jelang Tutup Tahun,https://beritajatim.com/harga-cabai-rawit-di-sumenep-makin-pedas-jelang-tutup-tahun
ann_c0bc061dfa24,1739,False,[],"[""DisasterEvent""]","[""pacitan""]",[],False,candidate_unverified,copy_aafe1b8183d3,2026-02-06,13:36,kompas,"[""disruption_candidate""]",kompas_regional,test,1,Tiga Rumah dan 1 Sekolah di Karanganyar Rusak Terdampak Gempa Pacitan Regional 6 Februari 2026,https://regional.kompas.com/read/2026/02/06/133608578/tiga-rumah-dan-1-sekolah-di-karanganyar-rusak-terdampak-gempa-pacitan
ann_c0e310955a77,1385,False,[],"[""DisasterEvent""]","[""banyuwangi"", ""gresik""]",[],False,candidate_unverified,copy_43e4fa3be3ea,2022-05-19,18:54,beritajatim,"[""disruption_candidate""]",beritajatim,train,1,"Banjir Rob, Ratusan Rumah Warga di Desa Banyuwangi Manyar Gresik Tergenang",https://beritajatim.com/banjir-rob-ratusan-rumah-warga-di-desa-banyuwangi-manyar-gresik-tergenang
ann_c10b9cbca776,2622,False,"[""broad_food""]","[""DisasterEvent""]","[""surabaya""]","[""InspectionEnforcement""]",False,candidate_unverified,copy_ddc0cff7c6a5,2025-03-20,20:46,kompas,"[""disruption_candidate"", ""response_query""]",kompas_nasional,validation,1,"Hadiri Apel Operasi Ketupat 2025, Mendagri Ingatkan Kepala Daerah Jaga Arus Mudik dan Stabilitas Harga Pangan News 20 Maret 2025",https://nasional.kompas.com/read/2025/03/20/20460581/hadiri-apel-operasi-ketupat-2025-mendagri-ingatkan-kepala-daerah-jaga-arus
ann_c14539b66c26,1935,False,[],"[""DisasterEvent""]","[""batu"", ""kediri"", ""malang""]",[],False,candidate_unverified,copy_d69b85450aa9,2021-02-27,22:32,kompas,"[""disruption_candidate""]",kompas_regional,train,1,"Tertimpa Longsor, Ruas Jalan di Payung Kota Batu Ditutup, Kendaraan Dialihkan Regional 27 Februari 2021",https://regional.kompas.com/read/2021/02/27/223237378/tertimpa-longsor-ruas-jalan-di-payung-kota-batu-ditutup-kendaraan-dialihkan
ann_c14665fca86a,2369,False,[],"[""DisasterEvent""]","[""jember""]",[],False,candidate_unverified,copy_e75b5f354d78,2023-06-02,17:37,kompas,"[""disruption_candidate""]",kompas_regional,train,1,"Asap Kebakaran Limbah Triplek di Jember Bikin Puluhan Warga Sesak Napas, 2 Balita Diungsikan Regional 2 Juni 2023",https://surabaya.kompas.com/read/2023/06/02/173701678/asap-kebakaran-limbah-triplek-di-jember-bikin-puluhan-warga-sesak-napas-2
ann_c177b6b1b696,2255,False,[],"[""DisasterEvent""]","[""banyuwangi""]","[""ProductionAssistance""]",False,candidate_unverified,copy_4e576f7a45b5,2022-10-14,20:27,kompas,"[""response_query""]",kompas_regional,train,1,"Longsor di Sukamade Banyuwangi, Suplai Listrik ke Permukiman Penduduk Terganggu Regional 14 Oktober 2022",https://surabaya.kompas.com/read/2022/10/14/202718278/longsor-di-sukamade-banyuwangi-suplai-listrik-ke-permukiman-penduduk
ann_c18f28e0950f,2181,True,"[""fish"", ""rice""]","[""DisasterEvent"", ""ProductionDisruption"", ""WeatherDisruption""]","[""surabaya""]",[],False,candidate_unverified,copy_bc52ee43fbf9,2026-03-17,07:47,kompas,"[""disruption_candidate""]",kompas_regional,test,1,BMKG Juanda Prediksi Awal Musim Kemarau di Jatim Terjadi April-Juni 2026 Regional 17 Maret 2026,https://surabaya.kompas.com/read/2026/03/17/074742978/bmkg-juanda-prediksi-awal-musim-kemarau-di-jatim-terjadi-april-juni-2026
ann_c1c42d081716,2409,False,[],"[""DisasterEvent""]","[""batu"", ""mojokerto"", ""sidoarjo""]","[""DistributionIntervention""]",False,candidate_unverified,copy_15a183ee9506,2025-04-05,19:27,kompas,"[""response_query""]",kompas_nasional,validation,1,"Bencana Longsor di Mojokerto Timbulkan 10 Korban Jiwa, Kemensos Segera Salurkan Bantuan News 5 April 2025",https://nasional.kompas.com/read/2025/04/05/19274351/bencana-longsor-di-mojokerto-timbulkan-10-korban-jiwa-kemensos-segera
ann_c1ca1173de22,3355,True,"[""broad_food"", ""rice""]","[""WeatherDisruption""]","[""madiun"", ""ngawi""]","[""DistributionIntervention"", ""FoodAssistance"", ""OtherResponseAction""]",False,candidate_unverified,copy_56293efc5d35,2023-09-12,18:32,kompas,"[""disruption_candidate""]",kompas_regional,train,1,"Harga Beras di Madiun Melonjak, Bulog Salurkan 1.190 Ton Bantuan Pangan Regional 12 September 2023",https://surabaya.kompas.com/read/2023/09/12/183258178/harga-beras-di-madiun-melonjak-bulog-salurkan-1190-ton-bantuan-pangan
ann_c1e9efa132fa,2503,False,"[""sugar""]","[""DisasterEvent""]","[""bojonegoro"", ""lamongan"", ""madiun"", ""malang"", ""nganjuk"", ""pacitan"", ""pasuruan"", ""sidoarjo"", ""surabaya"", ""trenggalek"", ""tuban"", ""tulungagung""]",[],False,candidate_unverified,copy_734aa70bde31,2024-03-22,,kontan,"[""disruption_candidate""]",kontan,train,0,"Gempa Terkini Magnitudo 6 Guncang Jawa Utara, Terasa di Semarang hingga Surabaya",https://momsmoney.kontan.co.id/news/gempa-terkini-magnitudo-6-guncang-jawa-utara-terasa-di-semarang-hingga-surabaya
ann_c1ed6c2b8b54,2730,False,[],"[""DisasterEvent"", ""WeatherDisruption""]","[""surabaya""]",[],False,candidate_unverified,copy_2a8b5e039d4e,2025-11-06,22:12,beritajatim,"[""disruption_candidate""]",beritajatim,validation,1,"Tak Ingin Surabaya Terendam Banjir, Pemkot Minta Kontraktor Drainase Kerja 24 Jam",https://beritajatim.com/tak-ingin-surabaya-terendam-banjir-pemkot-minta-kontraktor-drainase-kerja-24-jam
ann_c1f560eb4226,3181,False,[],"[""DisasterEvent""]","[""gresik"", ""surabaya""]",[],False,candidate_unverified,copy_e8f14a96cec9,2023-02-22,19:54,kompas,"[""disruption_candidate""]",kompas_regional,train,1,"Banjir Gresik, Gubernur Khofifah Sarankan Pemangku Kebijakan Berkoordinasi Regional 22 Februari 2023",https://surabaya.kompas.com/read/2023/02/22/195456978/banjir-gresik-gubernur-khofifah-sarankan-pemangku-kebijakan-berkoordinasi
ann_c20c2d140177,412,False,[],"[""DisasterEvent""]","[""pacitan""]",[],False,candidate_unverified,copy_5c221b35cabb,2021-07-27,23:40,detik,"[""disruption_candidate""]",detik_news,train,1,"Gempa M 5,2 Terjadi di Pacitan Tidak Berpotensi Tsunami",https://news.detik.com/berita-jawa-timur/d-5659435/gempa-m-5-2-terjadi-di-pacitan-tidak-berpotensi-tsunami
ann_c222a83e0b99,2717,False,"[""rice""]","[""DisasterEvent""]","[""surabaya""]","[""CrisisPreparednessAction"", ""FoodAssistance"", ""ReserveRelease""]",False,candidate_unverified,copy_058158b0e21d,2025-12-12,10:02,kompas,"[""disruption_candidate""]",kompas_money,validation,1,"Mentan: Pemerintah Kucurkan Rp 1,2 T Bantuan Pangan untuk Korban Bencana Sumatera Money 12 Desember 2025",https://money.kompas.com/read/2025/12/12/100232226/mentan-pemerintah-kucurkan-rp-12-t-bantuan-pangan-untuk-korban-bencana
ann_c24638e1c531,1710,True,[],"[""DisasterEvent"", ""WeatherDisruption""]","[""madiun"", ""magetan"", ""sidoarjo"", ""surabaya""]","[""CrisisPreparednessAction""]",False,candidate_unverified,copy_1bbe7a5ed774,2026-03-27,19:59,kompas,"[""disruption_candidate""]",kompas_regional,test,1,"Cegah Kebakaran Bromo-Arjuno Terulang, BNPB Siagakan Heli 'Water Bombing' di Madiun dan Sidoarjo Regional 27 Maret 2026",https://surabaya.kompas.com/read/2026/03/27/195912978/cegah-kebakaran-bromo-arjuno-terulang-bnpb-siagakan-heli-water-bombing-di
ann_c26a480cf09c,1981,False,"[""chili""]","[""DisasterEvent""]","[""surabaya""]","[""DistributionIntervention"", ""FoodAssistance""]",False,candidate_unverified,copy_23203b5f02c1,2025-12-19,10:25,kompas,"[""disruption_candidate""]",kompas_money,validation,1,"Bantuan Kemanusiaan Kementan-Bapanas Tahap II Tiba di Aceh, Gubernur Mualem Sampaikan Terima Kasih Money 19 Desember 2025",https://money.kompas.com/read/2025/12/19/102546526/bantuan-kemanusiaan-kementan-bapanas-tahap-ii-tiba-di-aceh-gubernur-mualem
ann_c2730417391a,1499,False,"[""beef"", ""buffalo_meat""]","[""PestDiseaseEvent"", ""SupplyShortage""]","[""pasuruan""]",[],False,candidate_unverified,copy_1c02223a9f45,2022-05-09,17:32,beritajatim,"[""disruption_candidate""]",beritajatim,train,1,"Virus PMK Masuk Jatim, Tak Ada Kelangkaan Daging Sapi di Kota Pasuruan",https://beritajatim.com/virus-pmk-masuk-jatim-tak-ada-kelangkaan-daging-sapi-di-kota-pasuruan
ann_c3218d58d8f8,2478,False,"[""broad_food"", ""corn"", ""rice"", ""sugar""]","[""DisasterEvent"", ""ProductionDisruption""]","[""madiun"", ""ngawi"", ""surabaya""]",[],False,candidate_unverified,copy_bf106fdf83b7,2025-01-09,13:38,beritajatim,"[""disruption_candidate""]",beritajatim,validation,1,Bupati Ngawi : Tanggul Penahan Banjir di Bengawan Madiun Penting untuk Ketahanan Pangan,https://beritajatim.com/bupati-ngawi-tanggul-penahan-banjir-di-bengawan-madiun-penting-untuk-ketahanan-pangan
ann_c39b418b14a8,1568,False,[],"[""DisasterEvent""]","[""sidoarjo""]",[],False,candidate_unverified,copy_b9f11b337634,2025-11-25,17:05,beritajatim,"[""disruption_candidate""]",beritajatim,validation,1,"Bupati Sidoarjo Tinjau Banjir di Waru: Pompa Dikerahkan, Bangunan Liar Bakal Ditertibkan",https://beritajatim.com/bupati-sidoarjo-tinjau-banjir-waru-pompa-dikerahkan
ann_c3a094c496d6,2655,False,"[""broad_food"", ""rice""]","[""WeatherDisruption""]",[],"[""DistributionIntervention"", ""ProductionAssistance""]",False,candidate_unverified,copy_70f0256ae9eb,2024-06-13,08:30,kompas,"[""disruption_candidate"", ""response_query""]",kompas_money,train,1,Masihkah Indramayu Jadi Lumbung Pangan Nasional untuk Ketahanan Pangan? Money 13 Juni 2024,https://money.kompas.com/read/2024/06/13/083000926/masihkah-indramayu-jadi-lumbung-pangan-nasional-untuk-ketahanan-pangan-
ann_c3cd42f970f8,2492,False,[],"[""DisasterEvent"", ""ProductionDisruption"", ""WeatherDisruption""]","[""mojokerto""]",[],False,candidate_unverified,copy_9bbcfe30f84f,2023-03-02,,kontan,"[""disruption_candidate""]",kontan,train,0,"Musim Panen Terancam Gagal, Sri Mulyani Imbau Petani Ikut Asuransi Pertanian",https://nasional.kontan.co.id/news/musim-panen-terancam-gagal-sri-mulyani-imbau-petani-ikut-asuransi-pertanian
ann_c3d404eb1322,1733,False,"[""broad_food"", ""chili""]","[""DisasterEvent"", ""WeatherDisruption""]","[""bondowoso""]","[""DistributionIntervention"", ""FoodAssistance""]",False,candidate_unverified,copy_7e08dd7aa128,2025-05-12,15:31,beritajatim,"[""disruption_candidate""]",beritajatim,validation,1,"Cuaca Ekstrem Rusak Rumah Warga Dabasah Bondowoso, Bantuan Logistik Disalurkan",https://beritajatim.com/cuaca-ekstrem-rusak-rumah-warga-dabasah-bondowoso-bantuan-logistik-disalurkan
ann_c3e0128c9201,2184,False,[],"[""DisasterEvent""]","[""pasuruan""]","[""DistributionIntervention""]",False,candidate_unverified,copy_9dfdcc49a770,2026-01-21,15:03,kompas,"[""disruption_candidate"", ""response_query""]",kompas_regional,test,1,"Banjir di Pasuruan Belum Surut, Warga dan BPBD Buka Dapur Umum Regional 21 Januari 2026",https://surabaya.kompas.com/read/2026/01/21/150330578/banjir-di-pasuruan-belum-surut-warga-dan-bpbd-buka-dapur-umum
ann_c4285baf56b2,1159,False,[],"[""DisasterEvent""]","[""lumajang""]",[],False,candidate_unverified,copy_b106c14d8226,2023-01-01,20:23,detik,"[""disruption_candidate""]",detik_news,train,1,Pria di Lumajang yang Doakan Semeru Banjir Lahar Kini Minta Maaf,https://news.detik.com/berita/d-6493264/pria-di-lumajang-yang-doakan-semeru-banjir-lahar-kini-minta-maaf
ann_c4324ecb0b78,3653,False,"[""broad_food""]","[""DisasterEvent""]","[""lumajang"", ""surabaya""]",[],False,candidate_unverified,copy_492d4f07b22d,2023-07-09,18:26,beritajatim,"[""disruption_candidate""]",beritajatim,train,1,Khofifah Tinjau Posko Korban Banjir Lahar Dingin dan Longsor Lumajang,https://beritajatim.com/khofifah-tinjau-posko-korban-banjir-lahar-dingin-dan-longsor-lumajang
ann_c43c907298b5,1633,False,"[""broad_food""]","[""DisasterEvent""]","[""bondowoso""]",[],False,candidate_unverified,copy_9ab02e2a635e,2025-10-23,10:20,kompas,"[""disruption_candidate""]",kompas_regional,validation,1,BPBD: 68 Rumah di Bondowoso Rusak Akibat Hujan Deras Disertai Angin Kencang Regional 23 Oktober 2025,https://surabaya.kompas.com/read/2025/10/23/102001678/bpbd-68-rumah-di-bondowoso-rusak-akibat-hujan-deras-disertai-angin-kencang
ann_c462b2931b37,2303,False,[],"[""DisasterEvent""]","[""mojokerto""]","[""CrisisPreparednessAction""]",False,candidate_unverified,copy_a543d12db55f,2026-05-27,23:39,beritajatim,"[""response_query""]",beritajatim,test,1,Forklift dan Mesin Penggiling Hangus dalam Kebakaran Pabrik Pengolahan dan Daur Ulang Ban Bekas di Mojokerto,https://beritajatim.com/forklift-dan-mesin-penggiling-hangus-dalam-kebakaran-pabrik-pengolahan-dan-daur-ulang-ban-bekas-di-mojokerto
ann_c4897014d0b7,3409,False,"[""broad_food"", ""chili""]","[""DisasterEvent""]","[""lumajang""]",[],False,candidate_unverified,copy_c61d8c181a41,2025-11-24,16:16,beritajatim,"[""disruption_candidate""]",beritajatim,validation,1,PDI Perjuangan Jatim Salurkan Bantuan untuk Warga Terdampak Erupsi Semeru di Supiturang Lumajang,https://beritajatim.com/pdip-jatim-bantuan-erupsi-semeru-supiturang
ann_c49ddc28e7b3,2984,False,"[""broad_food"", ""cooking_oil""]","[""SupplyShortage""]","[""surabaya""]","[""CrisisPreparednessAction"", ""MarketOperationAction""]",False,candidate_unverified,copy_b66c5b3a13da,2022-02-07,14:19,beritajatim,"[""disruption_candidate"", ""response_query""]",beritajatim,train,1,Golkar Desak Mendag Lutfi Bekerja Maksimal Atasi Minyak Goreng,https://beritajatim.com/golkar-desak-mendag-lutfi-bekerja-maksimal-atasi-minyak-goreng
ann_c4a6cbb4c0b4,1522,False,"[""rice""]","[""PestDiseaseEvent""]","[""lamongan""]","[""DistributionIntervention""]",False,candidate_unverified,copy_0c5c3ab11c31,2025-04-24,13:10,beritajatim,"[""response_query""]",beritajatim,validation,1,Bupati Lamongan Pastikan Ketersediaan Pupuk Aman,https://beritajatim.com/bupati-lamongan-pastikan-ketersediaan-pupuk-aman
ann_c56d91b3de1f,3580,False,"[""broad_food""]","[""DisasterEvent""]","[""sidoarjo""]","[""CrisisPreparednessAction""]",False,candidate_unverified,copy_e7947b5905e2,2021-12-07,10:44,beritajatim,"[""response_query""]",beritajatim,train,1,Sidoarjo Status Tanggap Darurat Banjir,https://beritajatim.com/sidoarjo-status-tanggap-darurat-banjir
ann_c576102466c6,2916,False,"[""broad_food"", ""chili"", ""rice""]","[""PestDiseaseEvent""]","[""bondowoso""]",[],False,candidate_unverified,copy_41fa6cab0a4a,2024-09-30,17:01,beritajatim,"[""disruption_candidate""]",beritajatim,train,1,"Sejarah Lahirnya C-41, Bibit Cabai Unggul dari Tanah Marjinal Bondowoso",https://beritajatim.com/sejarah-lahirnya-c-41-bibit-cabai-unggul-dari-tanah-marjinal-bondowoso
ann_c58b71f2bd0e,4070,False,"[""broad_food""]","[""DisasterEvent""]","[""bojonegoro"", ""gresik"", ""lamongan"", ""ngawi"", ""surabaya"", ""tuban""]","[""CrisisPreparednessAction""]",False,candidate_unverified,copy_133493ebc629,2023-05-17,08:34,beritajatim,"[""disruption_candidate""]",beritajatim,train,1,"Peringatan HKB 2023 di Lamongan, Ini Kata Menko PMK dan BNPB Soal Kesiapsiagaan Bencana",https://beritajatim.com/peringatan-hkb-2023-di-lamongan-ini-kata-menko-pmk-dan-bnpb-soal-kesiapsiagaan-bencana
ann_c5c788d87436,2389,False,[],"[""DisasterEvent"", ""WeatherDisruption""]","[""bojonegoro""]",[],False,candidate_unverified,copy_306b8ee6eb25,2021-01-21,20:11,beritajatim,"[""disruption_candidate""]",beritajatim,train,1,Jembatan Penghubung Desa di Bojonegoro Putus Diterjang Banjir,https://beritajatim.com/jembatan-penghubung-desa-di-bojonegoro-putus-diterjang-banjir
ann_c5df8a1f2b98,1536,False,"[""broad_food""]","[""DisasterEvent""]","[""blitar"", ""gresik"", ""lumajang"", ""malang""]",[],False,candidate_unverified,copy_f0bbc85ad20d,2021-04-11,13:34,beritajatim,"[""disruption_candidate""]",beritajatim,train,1,Petrokimia Salurkan 1000 Paket Sembako bagi Korban Gempa di Malang,https://beritajatim.com/petrokimia-salurkan-1000-paket-sembako-bagi-korban-gempa-di-malang
ann_c5f68cf463bf,1593,False,[],"[""DisasterEvent""]","[""banyuwangi""]",[],False,candidate_unverified,copy_5b132603c354,2022-11-29,16:36,beritajatim,"[""disruption_candidate""]",beritajatim,train,1,"Sisa Banjir Banyuwangi, Ratusan Terdampak, Dua Rumah Hanyut",https://beritajatim.com/sisa-banjir-banyuwangi-ratusan-terdampak-dua-rumah-hanyut
ann_c60c817704dd,2337,False,"[""broad_food""]","[""DisasterEvent""]","[""banyuwangi""]","[""DistributionIntervention""]",False,candidate_unverified,copy_1d2bc82203ae,2021-11-04,19:10,kompas,"[""response_query""]",kompas_regional,train,1,Sumur 120 Keluarga di Banyuwangi Keruh dan Menguning akibat Banjir Regional 4 November 2021,https://regional.kompas.com/read/2021/11/04/191003978/sumur-120-keluarga-di-banyuwangi-keruh-dan-menguning-akibat-banjir
ann_c687f3918ba1,1725,False,"[""broad_food"", ""chicken_eggs"", ""chicken_meat"", ""chili"", ""garlic""]","[""SupplyShortage"", ""WeatherDisruption""]","[""madiun""]","[""MarketOperationAction""]",False,candidate_unverified,copy_31853c5241c2,2025-02-27,,kontan,"[""disruption_candidate"", ""response_query""]",kontan,validation,0,"Jelang Ramadan, Harga Cabai Rawit Melejit Jadi Rp 90.000 per Kg di Madiun",https://regional.kontan.co.id/news/jelang-ramadan-harga-cabai-rawit-melejit-jadi-rp-90000-per-kg-di-madiun
ann_c68a33958010,1521,False,[],"[""DisasterEvent""]","[""blitar"", ""jember"", ""jombang"", ""lumajang"", ""malang"", ""pasuruan""]",[],False,candidate_unverified,copy_dbaac57f854a,2021-05-22,23:09,detik,"[""disruption_candidate""]",detik_news,train,1,Mendes Minta Pendamping Desa Gotong-Royong Bantu Korban Gempa Blitar,https://news.detik.com/berita/d-5579153/mendes-minta-pendamping-desa-gotong-royong-bantu-korban-gempa-blitar
ann_c68dc5b2dae8,1429,False,[],"[""DisasterEvent""]","[""lamongan""]",[],False,candidate_unverified,copy_548b81c0410a,2021-02-20,21:13,detik,"[""disruption_candidate""]",detik_news,train,1,Enam Desa di Dua Kecamatan Lamongan Kembali Dikepung Banjir,https://news.detik.com/berita-jawa-timur/d-5392905/enam-desa-di-dua-kecamatan-lamongan-kembali-dikepung-banjir
ann_c692ee0008e8,9376,True,[],"[""SupplyShortage""]","[""surabaya""]",[],False,candidate_unverified,copy_68abbbba9666,2021-11-25,18:48,beritajatim,"[""disruption_candidate""]",beritajatim,train,1,Kadin Jatim Perkuat Sinergi Demi Percepatan Ekspor,https://beritajatim.com/kadin-jatim-perkuat-sinergi-demi-percepatan-ekspor
ann_c6afbd8aed49,1870,True,[],"[""DisasterEvent""]","[""pasuruan""]",[],False,candidate_unverified,copy_daab474780da,2025-12-04,21:00,kompas,"[""disruption_candidate""]",kompas_regional,validation,1,"Sungai Meluap, 8 Desa di Pasuruan Tergenang Banjir Regional 4 Desember 2025",https://surabaya.kompas.com/read/2025/12/04/210009978/sungai-meluap-8-desa-di-pasuruan-tergenang-banjir
ann_c6b9b08a099b,2169,False,[],"[""DisasterEvent""]","[""banyuwangi"", ""malang""]",[],False,candidate_unverified,copy_9e06ec19a337,2023-07-07,22:59,beritajatim,"[""disruption_candidate""]",beritajatim,train,1,Banyuwangi Waspada Dampak Curah Hujan Tinggi,https://beritajatim.com/banyuwangi-waspada-dampak-curah-hujan-tinggi
ann_c734382f297e,2667,True,"[""cooking_oil"", ""soybean""]","[""SupplyShortage""]","[""gresik"", ""lamongan"", ""surabaya""]","[""CrisisPreparednessAction"", ""InspectionEnforcement"", ""MarketOperationAction""]",False,candidate_unverified,copy_26eac00440a0,2022-03-02,20:31,beritajatim,"[""disruption_candidate""]",beritajatim,train,1,"Kunjungi Kampung Tempe, Puan Minta Kelangkaan Minyak Goreng Segera Diatasi",https://beritajatim.com/kunjungi-kampung-tempe-puan-minta-kelangkaan-minyak-goreng-segera-diatasi
ann_c73f051fb0ca,2419,False,[],"[""DisasterEvent""]","[""banyuwangi""]",[],False,candidate_unverified,copy_d3a593eab9dd,2022-11-06,20:29,beritajatim,"[""disruption_candidate""]",beritajatim,train,1,Banjir Landa Wilayah Banyuwangi,https://beritajatim.com/banjir-landa-wilayah-banyuwangi
ann_c73fda1ea71c,1245,False,[],"[""DisasterEvent""]","[""madiun""]",[],False,candidate_unverified,copy_fbf63715de3a,2021-10-17,21:52,detik,"[""disruption_candidate""]",detik_news,train,1,Hujan Es di Madiun Sebabkan Longsor hingga Tutup Jalan Penghubung Antar Desa,https://news.detik.com/berita-jawa-timur/d-5771347/hujan-es-di-madiun-sebabkan-longsor-hingga-tutup-jalan-penghubung-antar-desa
ann_c784a5b0df31,1837,False,"[""broad_food"", ""rice""]","[""DisasterEvent"", ""PestDiseaseEvent"", ""ProductionDisruption""]","[""lumajang""]",[],False,candidate_unverified,copy_57f40c86be7c,2025-07-02,19:06,kompas,"[""disruption_candidate""]",kompas_regional,validation,1,"Petani di Lumajang Dapat Asuransi Rp 6 Juta jika Gagal Panen, Ini Syarat dan Cara Klaim Asuransinya Regional 2 Juli 2025",https://surabaya.kompas.com/read/2025/07/02/190650778/petani-di-lumajang-dapat-asuransi-rp-6-juta-jika-gagal-panen-ini-syarat-dan
ann_c799fa9d4443,4010,False,"[""broad_food""]","[""SupplyShortage""]","[""gresik"", ""sidoarjo"", ""trenggalek""]","[""CrisisPreparednessAction"", ""DistributionIntervention""]",False,candidate_unverified,copy_6da8d58660b2,2021-07-14,14:20,beritajatim,"[""disruption_candidate""]",beritajatim,train,1,"Pastikan Ketersediaan Obat dan Oksigen, Menko PMK Bersama Wagub Jatim Tinjau Pabrik di Sidoarjo dan Gresik",https://beritajatim.com/pastikan-ketersediaan-obat-dan-oksigen-menko-pmk-bersama-wagub-jatim-tinjau-pabrik-di-sidoarjo-dan-gresik
ann_c79d20ac3e86,1692,False,[],"[""DisasterEvent""]","[""bojonegoro"", ""trenggalek""]",[],False,candidate_unverified,copy_9c93ca5096f4,2021-11-30,,kontan,"[""disruption_candidate""]",kontan,train,0,"Jokowi resmikan dua bendungan di Jawa Timur, begini harapan petani setempat",https://regional.kontan.co.id/news/jokowi-resmikan-dua-bendungan-di-jawa-timur-begini-harapan-petani-setempat
ann_c7ae8e3bf693,3237,False,"[""broad_food"", ""rice""]","[""DisasterEvent""]","[""lumajang"", ""malang""]",[],False,candidate_unverified,copy_576584ac4529,2021-12-05,10:01,kompas,"[""disruption_candidate""]",kompas_nasional,train,1,"BNPB Kirim Bantuan Logistik Senilai Rp 1,1 Miliar untuk Korban Erupsi Gunung Semeru News 5 Desember 2021",https://nasional.kompas.com/read/2021/12/05/10013141/bnpb-kirim-bantuan-logistik-senilai-rp-11-miliar-untuk-korban-erupsi-gunung
ann_c7dfd4c3a8ce,2264,False,[],"[""DisasterEvent""]","[""gresik""]",[],False,candidate_unverified,copy_0198f87224fa,2025-01-06,19:09,detik,"[""disruption_candidate""]",detik_finance,validation,1,Bea Cukai Ngaku Belum Terima Usulan Ekspor Konsentrat Tembaga,https://finance.detik.com/energi/d-7720286/bea-cukai-ngaku-belum-terima-usulan-ekspor-konsentrat-tembaga
ann_c7fee0a69d32,3104,False,[],"[""DisasterEvent"", ""WeatherDisruption""]","[""jember""]","[""CrisisPreparednessAction"", ""DistributionIntervention"", ""FoodAssistance""]",False,candidate_unverified,copy_67bd80f5112a,2025-11-04,13:37,kompas,"[""response_query""]",kompas_regional,validation,1,Banjir di Jember Mulai Surut tetapi Air Masih Genangi Perkebunan Regional 4 November 2025,https://surabaya.kompas.com/read/2025/11/04/133715578/banjir-di-jember-mulai-surut-tetapi-air-masih-genangi-perkebunan
ann_c7ff50fcd73f,2733,False,"[""broad_food"", ""rice""]","[""ProductionDisruption""]",[],"[""OtherResponseAction""]",False,candidate_unverified,copy_f495d4373013,2022-08-05,19:34,kompas,"[""response_query""]",kompas_money,train,1,Petani di Jatim Akui Rasakan Manfaat Besar AUTP dari Kementan Money 5 Agustus 2022,https://money.kompas.com/read/2022/08/05/193421826/petani-di-jatim-akui-rasakan-manfaat-besar-autp-dari-kementan
ann_c81ea6be699f,4462,False,[],"[""DisasterEvent""]","[""surabaya""]",[],False,candidate_unverified,copy_ec27e31af38a,2022-08-11,16:17,beritajatim,"[""disruption_candidate""]",beritajatim,train,1,"Gandeng PMI, LG Biasakan Mencuci Higienis dan Hidup Sehat",https://beritajatim.com/gandeng-pmi-lg-biasakan-mencuci-higienis-dan-hidup-sehat
ann_c8202a54e0eb,1807,False,[],"[""DisasterEvent""]","[""malang""]",[],False,candidate_unverified,copy_e4d39a72210d,2024-09-17,15:17,kompas,"[""disruption_candidate""]",kompas_regional,train,1,"Selidiki Penyebab Kebakaran, Tim Labfor Polda Jatim Datangi Pasar Comboran Malang Regional 17 September 2024",https://surabaya.kompas.com/read/2024/09/17/151719478/selidiki-penyebab-kebakaran-tim-labfor-polda-jatim-datangi-pasar-comboran
ann_c8504f0d7c30,2495,False,"[""broad_food"", ""sugar""]","[""SupplyShortage""]","[""surabaya""]","[""ImportExportAction"", ""ProcurementAction"", ""ReserveRelease""]",False,candidate_unverified,copy_1e0be7471450,2023-03-26,11:22,kompas,"[""disruption_candidate"", ""response_query""]",kompas_money,train,1,Bapanas: 215.000 Ton Gula Impor Akan Tiba secara Bertahap Money 26 Maret 2023,https://money.kompas.com/read/2023/03/26/112200926/bapanas--215.000-ton-gula-impor-akan-tiba-secara-bertahap
ann_c8c2ac9aef6b,4003,False,"[""broad_food"", ""rice""]","[""ProductionDisruption"", ""WeatherDisruption""]","[""malang""]","[""DistributionIntervention"", ""FoodAssistance"", ""ReserveRelease""]",False,candidate_unverified,copy_bb049a22dd5d,2023-12-15,,kontan,"[""disruption_candidate"", ""response_query""]",kontan,train,0,Pos Indonesia Akan Menyalurkan BLT El Nino Kepada 12.000 KPM di Malang,https://nasional.kontan.co.id/news/pos-indonesia-akan-menyalurkan-blt-el-nino-kepada-12000-kpm-di-malang
ann_c8f800e3fc20,2472,False,"[""broad_food"", ""rice""]","[""PestDiseaseEvent"", ""ProductionDisruption""]","[""madiun""]","[""CrisisPreparednessAction"", ""OtherResponseAction""]",False,candidate_unverified,copy_65dfe9e4619b,2022-06-19,16:21,kompas,"[""response_query""]",kompas_regional,train,1,"Antisipasi Kerugian Akibat Hama Wereng, Kementan Imbau Petani Madiun Ikut Program AUTP Regional 19 Juni 2022",https://regional.kompas.com/read/2022/06/19/162132978/antisipasi-kerugian-akibat-hama-wereng-kementan-imbau-petani-madiun-ikut
ann_c905cb586779,2789,False,[],"[""DisasterEvent""]","[""madiun"", ""ngawi"", ""surabaya""]","[""CrisisPreparednessAction"", ""DistributionIntervention""]",False,candidate_unverified,copy_08274841f4b8,2024-06-26,13:28,beritajatim,"[""disruption_candidate""]",beritajatim,train,1,"Pertamina, Damkar, dan Jasamarga Sigap Padamkan Kebakaran Truk BBM Tol Ngawi",https://beritajatim.com/pertamina-damkar-dan-jasamarga-sigap-padamkan-kebakaran-truk-bbm-tol-ngawi
ann_c919e9ff99cf,1013,False,[],"[""DisasterEvent""]","[""jember""]",[],False,candidate_unverified,copy_27f96dc7716a,2022-01-10,10:32,kompas,"[""disruption_candidate""]",kompas_regional,train,1,"UPDATE Banjir Jember, 2 Warga Meninggal Dunia Regional 10 Januari 2022",https://regional.kompas.com/read/2022/01/10/103230678/update-banjir-jember-2-warga-meninggal-dunia
ann_c930f3fbc771,2680,False,"[""broad_food""]","[""DisasterEvent"", ""WeatherDisruption""]",[],"[""CrisisPreparednessAction"", ""ProductionAssistance""]",False,candidate_unverified,copy_05c5ca40b397,2024-08-15,,kontan,"[""disruption_candidate"", ""response_query""]",kontan,train,0,"Tingkatkan Produksi Pangan, Kementan Galakkan Pompanisasi",https://nasional.kontan.co.id/news/tingkatkan-produksi-pangan-kementan-galakkan-pompanisasi
ann_c96ac7b7b9c7,3401,False,"[""broad_food"", ""rice""]","[""PestDiseaseEvent"", ""WeatherDisruption""]",[],[],False,candidate_unverified,copy_7185d6c6c26c,2024-11-12,,kontan,"[""disruption_candidate""]",kontan,train,0,"Survei Pataka: Produktivitas Padi Turun, Harga Gabah dan Beras Fluktuatif",https://industri.kontan.co.id/news/survei-pataka-produktivitas-padi-turun-harga-gabah-dan-beras-fluktuatif
ann_c98e037b6c8f,1494,False,"[""broad_food"", ""rice""]","[""WeatherDisruption""]","[""surabaya""]","[""DistributionIntervention"", ""FoodAssistance""]",False,candidate_unverified,copy_457370121e9a,2025-11-30,00:15,beritajatim,"[""disruption_candidate"", ""response_query""]",beritajatim,validation,1,"Bulog Jatim Jamin Stok Beras Aman 15 Bulan, Siapkan 870 Ribu Ton Hadapi Nataru dan Lebaran",https://beritajatim.com/bulog-jatim-jamin-stok-beras-aman-15-bulan-siapkan-870-ribu-ton-hadapi-nataru-dan-lebaran
ann_c9b3328b3817,2250,False,[],"[""DisasterEvent""]","[""gresik"", ""lamongan"", ""surabaya"", ""tuban""]",[],False,candidate_unverified,copy_aab555432c86,2024-03-22,,kontan,"[""disruption_candidate""]",kontan,train,0,"Gempa Berkekuatan M6,0 di Lepas Pantai Tuban Rusak Beberapa Unit Bangunan",https://regional.kontan.co.id/news/gempa-berkekuatan-m60-di-lepas-pantai-tuban-rusak-beberapa-unit-bangunan
ann_c9cb93b305bc,2277,False,"[""broad_food"", ""rice"", ""sugar""]","[""PestDiseaseEvent"", ""WeatherDisruption""]","[""kediri""]","[""CrisisPreparednessAction""]",False,candidate_unverified,copy_9e49d42778c2,2024-03-07,16:08,kompas,"[""disruption_candidate""]",kompas_regional,train,1,"Cuaca Ekstrem, Petani Padi di Kediri Diminta Waspadai Hama Wereng Regional 7 Maret 2024",https://surabaya.kompas.com/read/2024/03/07/160809878/cuaca-ekstrem-petani-padi-di-kediri-diminta-waspadai-hama-wereng
ann_c9ecc8a2f2e3,2017,False,[],"[""DisasterEvent"", ""SupplyShortage""]",[],[],False,candidate_unverified,copy_65a5cdf6f422,2025-02-14,,kontan,"[""disruption_candidate""]",kontan,validation,0,Freeport Siap Melanjutkan Ekspor Konsentrat Tembaga dari Indonesia Bulan Ini,https://industri.kontan.co.id/news/freeport-siap-melanjutkan-ekspor-konsentrat-tembaga-dari-indonesia-bulan-ini
ann_ca1414963326,1589,False,[],"[""DisasterEvent""]","[""pacitan""]",[],False,candidate_unverified,copy_b79577e718d8,2021-01-28,13:39,kompas,"[""disruption_candidate""]",kompas_regional,train,1,Longsor Putus Ruas Jalan Wonogiri-Yogya-Pacitan News 28 Januari 2021,https://regional.kompas.com/read/2021/01/28/13395301/longsor-putus-ruas-jalan-wonogiri-yogya-pacitan
ann_ca231569bf04,2619,True,"[""rice""]","[""SupplyShortage""]",[],[],False,candidate_unverified,copy_9e11e29f6e83,2021-07-22,19:39,detik,"[""disruption_candidate""]",detik_finance,train,1,"Stok Beras Aman, Mentan: Bahkan Over Stock di Beberapa Daerah",https://finance.detik.com/berita-ekonomi-bisnis/d-5653112/stok-beras-aman-mentan-bahkan-over-stock-di-beberapa-daerah
ann_ca267cac4b35,2301,False,[],"[""DisasterEvent""]","[""blitar"", ""lumajang"", ""malang""]","[""CrisisPreparednessAction""]",False,candidate_unverified,copy_0b778c5045b0,2021-04-30,14:46,kompas,"[""disruption_candidate""]",kompas_nasional,train,1,"Kabupaten Malang, Blitar, Lumajang Paling Parah Terdampak Gempa News 30 April 2021",https://nasional.kompas.com/read/2021/04/30/14460361/kabupaten-malang-blitar-lumajang-paling-parah-terdampak-gempa
ann_ca3d90c1d0fa,3008,False,[],"[""DisasterEvent"", ""WeatherDisruption""]","[""bojonegoro""]",[],False,candidate_unverified,copy_91a0ee905567,2025-12-19,19:43,kompas,"[""disruption_candidate""]",kompas_regional,validation,1,"Pemerintah Akan Bangun Pabrik Bioetanol di Bojonegoro, Walhi Ingatkan Potensi Bencana Ekologi Regional 19 Desember 2025",https://surabaya.kompas.com/read/2025/12/19/194338978/pemerintah-akan-bangun-pabrik-bioetanol-di-bojonegoro-walhi-ingatkan
ann_ca492a9633de,2402,False,[],"[""DisasterEvent""]","[""malang""]","[""InspectionEnforcement""]",False,candidate_unverified,copy_afad8c830d0e,2026-04-30,12:42,beritajatim,"[""response_query""]",beritajatim,test,1,"Usut Kebakaran Gudang Rokok, Polresta Malang Kota Justru Temukan Kasus Penggelapan",https://beritajatim.com/usut-kebakaran-gudang-rokok-polresta-malang-kota-justru-temukan-kasus-penggelapan
ann_ca75f04f7703,3550,True,"[""rice""]","[""WeatherDisruption""]",[],"[""CrisisPreparednessAction""]",False,candidate_unverified,copy_2cd2571a003b,2023-07-17,20:15,detik,"[""disruption_candidate"", ""response_query""]",detik_finance,train,1,"Hadapi El Nino, Mentan Genjot Produksi Pangan di 6 Provinsi Ini",https://finance.detik.com/berita-ekonomi-bisnis/d-6827923/hadapi-el-nino-mentan-genjot-produksi-pangan-di-6-provinsi-ini
ann_caac7b662c64,1919,False,"[""sugar""]","[""DisasterEvent"", ""PestDiseaseEvent"", ""WeatherDisruption""]","[""malang""]",[],False,candidate_unverified,copy_b0cc610e3002,2024-03-28,21:02,beritajatim,"[""disruption_candidate""]",beritajatim,train,1,Wabah Demam Berdarah di Kabupaten Malang Meningkat,https://beritajatim.com/wabah-demam-berdarah-di-kabupaten-malang-meningkat
ann_cad046b0c2a0,2149,False,"[""rice""]","[""DisasterEvent"", ""SupplyShortage"", ""WeatherDisruption""]","[""jember""]","[""CrisisPreparednessAction""]",False,candidate_unverified,copy_5b13f9bef291,2026-05-02,23:10,beritajatim,"[""disruption_candidate""]",beritajatim,test,1,Pemkab Jember Perlu Petakan Lahan Pertanian yang Berpotensi Terdampak El Nino Godzilla,https://beritajatim.com/pemkab-jember-perlu-petakan-lahan-pertanian-yang-berpotensi-terdampak-el-nino-godzilla
ann_cadde33548d5,2767,False,"[""broad_food""]","[""DisasterEvent""]","[""nganjuk"", ""surabaya""]","[""DistributionIntervention""]",False,candidate_unverified,copy_883ee03b4085,2021-02-18,18:31,beritajatim,"[""disruption_candidate""]",beritajatim,train,1,"Tanggap Bencana, Pelindo III Kirim Bantuan Bencana Nganjuk",https://beritajatim.com/tanggap-bencana-pelindo-iii-kirim-bantuan-bencana-nganjuk
ann_cb29480a9ad1,1565,False,[],"[""DisasterEvent""]","[""malang"", ""surabaya""]",[],False,candidate_unverified,copy_a224991ef78e,2025-03-28,21:59,detik,"[""disruption_candidate""]",detik_news,validation,1,"Longsor di Tasikmalaya, Kereta Api Bandung Arah Surabaya-Malang Dialihkan",https://news.detik.com/berita/d-7846590/longsor-di-tasikmalaya-kereta-api-bandung-arah-surabaya-malang-dialihkan
ann_cb2cd02133fc,1622,True,[],"[""DisasterEvent""]","[""sumenep""]","[""CrisisPreparednessAction""]",False,candidate_unverified,copy_60e7864d57ea,2024-05-02,12:47,kompas,"[""response_query""]",kompas_regional,train,1,"Gudang Kayu Antik di Sumenep Terbakar, Api Dipadamkan Usai 9 Jam Regional 2 Mei 2024",https://surabaya.kompas.com/read/2024/05/02/124735778/gudang-kayu-antik-di-sumenep-terbakar-api-dipadamkan-usai-9-jam
ann_cb466f6ae4b8,2640,False,"[""broad_food"", ""rice""]","[""ProductionDisruption""]","[""jember""]","[""OtherResponseAction""]",False,candidate_unverified,copy_1c8b4fc0ddec,2024-03-26,11:44,kompas,"[""disruption_candidate"", ""response_query""]",kompas_regional,train,1,"Petani Jember Demo Sambil Bagikan Beras, Minta Pupuk Subsidi Ditambah Regional 26 Maret 2024",https://surabaya.kompas.com/read/2024/03/26/114443078/petani-jember-demo-sambil-bagikan-beras-minta-pupuk-subsidi-ditambah
ann_cb5a91c7007b,2830,False,[],"[""DisasterEvent""]","[""lamongan""]","[""DistributionIntervention""]",False,candidate_unverified,copy_e234c3ce38d6,2026-01-13,13:54,beritajatim,"[""response_query""]",beritajatim,test,1,"Banjir Bengawan Jero Meluas, 2.105 Rumah dan Puluhan Sekolah di Lamongan Terdampak",https://beritajatim.com/banjir-bengawan-jero-lamongan-2105-rumah-terdampak
ann_cb697b4d039c,1515,False,"[""fish""]","[""PestDiseaseEvent""]","[""magetan""]",[],False,candidate_unverified,copy_534819e2abb2,2022-05-25,12:23,beritajatim,"[""disruption_candidate""]",beritajatim,train,1,"Wabah PMK Meluas di Magetan, 246 Ekor Sapi Positif Terjangkit",https://beritajatim.com/pmk-magetan-semakin-meluas-246-ekor-sapi-dinyatakan-positif
ann_cb749f6b6efc,3793,False,[],"[""SupplyShortage""]",[],"[""DistributionIntervention"", ""OtherResponseAction"", ""ProductionAssistance""]",False,candidate_unverified,copy_051a4da594d7,2021-01-15,,kontan,"[""disruption_candidate""]",kontan,train,0,"Pasokan Pupuk subsidi seret, koordinasi pusat dan daerah dipertanyakan",https://industri.kontan.co.id/news/pupuk-susidi-langka-koordinasi-pusat-dan-daerah-dipertanyakan
ann_cb9a4155919d,2228,False,"[""rice""]","[""DisasterEvent"", ""PestDiseaseEvent"", ""WeatherDisruption""]",[],[],False,candidate_unverified,copy_304a4d6f21c3,2025-08-01,,kontan,"[""disruption_candidate""]",kontan,validation,0,"BPS: Produksi Beras Nasional Diprediksi Meningkat 11,17% di Kuartal III-2025",https://nasional.kontan.co.id/news/bps-produksi-beras-nasional-diprediksi-meningkat-1117-di-kuartal-iii-2025
ann_cbc2d9b4ae68,2606,False,[],"[""DisasterEvent"", ""WeatherDisruption""]","[""banyuwangi""]",[],False,candidate_unverified,copy_18665c51682f,2021-06-18,09:10,beritajatim,"[""disruption_candidate""]",beritajatim,train,1,Banyuwangi Penuhi Kebutuhan Korban Tanah Longsor di Pakel,https://beritajatim.com/banyuwangi-penuhi-kebutuhan-korban-tanah-longsor-di-pakel
ann_cc1b9795cdd4,1645,False,[],"[""DisasterEvent""]","[""malang""]","[""DistributionIntervention""]",False,candidate_unverified,copy_fb726ca8daf5,2021-04-11,07:11,kompas,"[""disruption_candidate""]",kompas_money,train,1,"Gempa Malang, Pertamina Pastikan Distribusi BBM dan Elpiji Aman Money 11 April 2021",https://money.kompas.com/read/2021/04/11/071100826/gempa-malang-pertamina-pastikan-distribusi-bbm-dan-elpiji-aman
ann_cc4d9f3f5352,1936,True,[],"[""DisasterEvent""]","[""lumajang"", ""malang""]",[],False,candidate_unverified,copy_10426fbbf572,2025-11-19,19:49,beritajatim,"[""disruption_candidate""]",beritajatim,validation,1,"Semeru Erupsi, Polres Malang Siagakan Personel dan Koordinasi Evakuasi",https://beritajatim.com/semeru-erupsi-polres-malang-siagakan-personel-dan-koordinasi-evakuasi
ann_cc6b9ca4a209,1489,True,[],"[""DisasterEvent""]","[""sidoarjo""]","[""CrisisPreparednessAction""]",False,candidate_unverified,copy_46e317fdcaa3,2024-07-28,,kontan,"[""disruption_candidate""]",kontan,train,0,"Ada Insiden Kebakaran di Pabrik Sidoarjo, Ini Kata Avia Avian (AVIA)",https://industri.kontan.co.id/news/ada-insiden-kebakaran-di-pabrik-sidoarjo-ini-kata-avia-avian-avia
ann_cc79c9aa1ccc,1094,False,[],"[""DisasterEvent""]","[""batu"", ""malang""]",[],False,candidate_unverified,copy_eb7ca7abc64b,2021-11-04,23:54,beritajatim,"[""disruption_candidate""]",beritajatim,train,1,"Banjir Bandang Kota Batu, BPBD Temukan Satu Korban Meninggal",https://beritajatim.com/banjir-bandang-kota-batu-bpbd-temukan-satu-korban-meninggal
ann_ccabedfc042e,2970,False,"[""broad_food"", ""rice""]","[""ProductionDisruption""]","[""banyuwangi""]","[""DistributionIntervention"", ""ProcurementAction""]",False,candidate_unverified,copy_2a942d6689d5,2021-03-26,10:01,kompas,"[""disruption_candidate""]",kompas_money,train,1,"Kementan Ingin Kerja Sama dengan Pertani Dikembangkan, Tak Hanya Serap Gabah Money 26 Maret 2021",https://money.kompas.com/read/2021/03/26/100117526/kementan-ingin-kerja-sama-dengan-pertani-dikembangkan-tak-hanya-serap-gabah
ann_ccc3ca3085ac,1909,False,[],"[""DisasterEvent""]","[""gresik""]",[],False,candidate_unverified,copy_b3219dea3ecb,2022-10-25,16:55,kompas,"[""disruption_candidate""]",kompas_regional,train,1,Warga Terdampak Banjir di Gresik Mulai Terserang Penyakit Gatal Regional 25 Oktober 2022,https://surabaya.kompas.com/read/2022/10/25/165527178/warga-terdampak-banjir-di-gresik-mulai-terserang-penyakit-gatal
ann_ccc591d4e7e6,2373,False,[],"[""DisasterEvent""]","[""surabaya""]","[""DistributionIntervention""]",False,candidate_unverified,copy_82265b8411a7,2025-10-28,22:09,kompas,"[""response_query""]",kompas_regional,validation,1,"Dana TKD Jatim Dipotong Rp 2,8 Triliun Tahun Depan, Penyaluran Bansos Dipastikan Tetap Jalan Regional 28 Oktober 2025",https://surabaya.kompas.com/read/2025/10/28/220908378/dana-tkd-jatim-dipotong-rp-28-triliun-tahun-depan-penyaluran-bansos
ann_ccf4ab3b488d,2164,False,"[""broad_food""]","[""DisasterEvent""]","[""gresik""]","[""CrisisPreparednessAction""]",False,candidate_unverified,copy_fc7ec48f84db,2024-03-13,19:14,beritajatim,"[""response_query""]",beritajatim,train,1,Sungai Bengawan Solo Meluap 6 Desa di Gresik Terendam Banjir,https://beritajatim.com/sungai-bengawan-solo-meluap-6-desa-di-gresik-terendam-banjir
ann_cd54acea1be5,1752,False,[],"[""DisasterEvent""]","[""situbondo""]",[],False,candidate_unverified,copy_d9f2fd78794c,2025-09-23,19:50,kompas,"[""disruption_candidate""]",kompas_regional,validation,1,Pemkab Situbondo Minta Normalisasi Kali Jumain yang Kerap Sebabkan Banjir ke Pemprov Jatim Regional 23 September 2025,https://surabaya.kompas.com/read/2025/09/23/195059278/pemkab-situbondo-minta-normalisasi-kali-jumain-yang-kerap-sebabkan-banjir
ann_cd5aa43d5dfa,2553,False,"[""broad_food""]","[""DisasterEvent""]","[""lumajang""]","[""DistributionIntervention"", ""FoodAssistance""]",False,candidate_unverified,copy_79e56c09527d,2022-12-08,12:48,beritajatim,"[""disruption_candidate"", ""response_query""]",beritajatim,train,1,Pertamina Patra Niaga Jatimbalinus Berikan Bantuan Sembako Untuk Korban Erupsi Gunung Semeru,https://beritajatim.com/pertamina-patra-niaga-jatimbalinus-berikan-bantuan-sembako-untuk-korban-erupsi-gunung-semeru
ann_cd6223ec54fe,2744,False,"[""fish""]","[""PestDiseaseEvent""]","[""jombang"", ""madiun""]",[],False,candidate_unverified,copy_79bc710e60fa,2025-10-16,19:57,kompas,"[""disruption_candidate""]",kompas_regional,validation,1,"Pohon Cengkeh Banyak Mati Terserang Penyakit, Petani di Madiun Harapkan Bantuan Bibit Regional 16 Oktober 2025",https://surabaya.kompas.com/read/2025/10/16/195701478/pohon-cengkeh-banyak-mati-terserang-penyakit-petani-di-madiun-harapkan
ann_cd97a54e9a07,2186,False,"[""broad_food"", ""fish""]","[""DisasterEvent""]","[""banyuwangi""]","[""CrisisPreparednessAction"", ""DistributionIntervention""]",False,candidate_unverified,copy_d28d5ae5d527,2023-07-08,20:02,beritajatim,"[""disruption_candidate""]",beritajatim,train,1,"Curah Hujan Tinggi, Warga Banyuwangi Dilanda Banjir Rob",https://beritajatim.com/curah-hujan-tinggi-warga-banyuwangi-dilanda-banjir-rob
ann_cda6191187ac,3439,True,[],"[""DisasterEvent"", ""WeatherDisruption""]","[""lamongan""]","[""CrisisPreparednessAction""]",False,candidate_unverified,copy_36e6b4260874,2026-05-15,14:37,beritajatim,"[""disruption_candidate""]",beritajatim,test,1,"Lamongan Tetapkan Status Siaga Kekeringan 2026, BPBD Siapkan Armada Air Bersih",https://beritajatim.com/lamongan-tetapkan-status-siaga-kekeringan-2026-bpbd-siapkan-armada-air-bersih
ann_cda741f97486,1455,False,[],"[""DisasterEvent""]","[""blitar"", ""jombang"", ""kediri"", ""malang"", ""mojokerto"", ""ngawi"", ""trenggalek""]",[],False,candidate_unverified,copy_c37fa5ac9b9f,2021-04-10,,kontan,"[""disruption_candidate""]",kontan,train,0,"Gempa 6,7 di Malang terasa hingga Lombok, pengunjung mal berhamburan",https://regional.kontan.co.id/news/gempa-67-di-malang-terasa-hingga-lombok-pengunjung-mal-berhamburan
ann_cdac266c521c,1988,False,[],"[""DisasterEvent""]","[""batu"", ""mojokerto""]",[],False,candidate_unverified,copy_05328602922d,2025-04-03,22:36,detik,"[""disruption_candidate""]",detik_news,validation,1,"Akses Batu-Mojokerto Terputus Imbas Longsor Jalur Pacet Jatim, Lalin Dialihkan",https://news.detik.com/berita/d-7853879/akses-batu-mojokerto-terputus-imbas-longsor-jalur-pacet-jatim-lalin-dialihkan
ann_cdac4e279b39,2219,False,[],"[""DisasterEvent""]","[""mojokerto""]",[],False,candidate_unverified,copy_fb4f7f3aa0a7,2024-03-21,15:16,kompas,"[""disruption_candidate""]",kompas_regional,train,1,"Kebakaran RS Gatoel Kota Mojokerto, 5 Orang Terluka Saat Padamkan Api Regional 21 Maret 2024",https://surabaya.kompas.com/read/2024/03/21/151600078/kebakaran-rs-gatoel-kota-mojokerto-5-orang-terluka-saat-padamkan-api
ann_cdc5f274f78c,2447,False,"[""broad_food"", ""chicken_eggs"", ""chicken_meat"", ""corn""]","[""SupplyShortage""]","[""blitar""]","[""ReserveRelease""]",False,candidate_unverified,copy_47f622f7cdd2,2021-05-15,15:53,kompas,"[""disruption_candidate""]",kompas_money,train,1,"Bantu Peternak Layer di Blitar dan Kendal, Kementan Fasilitasi Biaya Distribusi Jagung Money 15 Mei 2021",https://money.kompas.com/read/2021/05/15/155332026/bantu-peternak-layer-di-blitar-dan-kendal-kementan-fasilitasi-biaya-distribusi
ann_ce1fd9d3f5e0,2601,False,[],"[""DisasterEvent"", ""WeatherDisruption""]","[""bangkalan"", ""banyuwangi"", ""batu"", ""blitar"", ""bojonegoro"", ""bondowoso"", ""gresik"", ""jember"", ""jombang"", ""kediri"", ""lamongan"", ""lumajang"", ""madiun"", ""magetan"", ""malang"", ""mojokerto"", ""nganjuk"", ""ngawi"", ""pacitan"", ""pamekasan"", ""pasuruan"", ""ponorogo"", ""probolinggo"", ""sampang"", ""sidoarjo"", ""situbondo"", ""sumenep"", ""surabaya"", ""trenggalek"", ""tuban"", ""tulungagung""]","[""CrisisPreparednessAction""]",False,candidate_unverified,copy_48eda34cdb65,2024-01-18,10:19,kompas,"[""disruption_candidate""]",kompas_regional,train,1,"BMKG Ingatkan Cuaca Ekstrem di Banyuwangi, Potensi Puting Beliung hingga Hujan Es Regional 18 Januari 2024",https://surabaya.kompas.com/read/2024/01/18/101932678/bmkg-ingatkan-cuaca-ekstrem-di-banyuwangi-potensi-puting-beliung-hingga
ann_ce39e897942b,2180,True,[],"[""PestDiseaseEvent""]","[""surabaya""]","[""CrisisPreparednessAction"", ""DistributionIntervention""]",False,candidate_unverified,copy_6c926e0b3566,2022-05-23,,kontan,"[""disruption_candidate"", ""response_query""]",kontan,train,0,Produksi Vaksin PMK Hewan Ternak Akan Selesai Sebelum Agustus,https://nasional.kontan.co.id/news/produksi-vaksin-pmk-hewan-ternak-akan-selesai-sebelum-agustus
ann_ce7f17e19542,1601,False,[],"[""DisasterEvent""]","[""jombang""]",[],False,candidate_unverified,copy_2fc8ea14b0ad,2025-01-23,09:06,kompas,"[""disruption_candidate""]",kompas_regional,validation,1,"4 Rumah di Wonosalam Jombang Terkena Longsor, 2 Warga Hilang Regional 23 Januari 2025",https://surabaya.kompas.com/read/2025/01/23/090639678/4-rumah-di-wonosalam-jombang-terkena-longsor-2-warga-hilang
ann_ce8e693e1d86,1842,False,"[""fish""]","[""PestDiseaseEvent"", ""ProductionDisruption""]","[""madiun""]",[],False,candidate_unverified,copy_ab5b78429c61,2025-02-10,18:23,kompas,"[""disruption_candidate""]",kompas_regional,validation,1,"Tanaman Diserang Hama, Petani Tomat di Madiun Gagal Panen Regional 10 Februari 2025",https://surabaya.kompas.com/read/2025/02/10/182334678/tanaman-diserang-hama-petani-tomat-di-madiun-gagal-panen
ann_ce97a9519ec7,3474,False,"[""chili""]","[""DisasterEvent""]","[""sidoarjo""]","[""CrisisPreparednessAction""]",False,candidate_unverified,copy_6b6e16b833fe,2023-12-13,14:38,beritajatim,"[""response_query""]",beritajatim,train,1,Bupati Sidoarjo Siagakan BPBD Antisipasi Bencana Hidrometeorologi,https://beritajatim.com/bupati-sidoarjo-siagakan-bpbd-antisipasi-bencana-hidrometeorologi
ann_cec0b473ea87,1607,True,[],"[""DisasterEvent""]","[""situbondo""]",[],False,candidate_unverified,copy_8b5dd0acac18,2024-10-22,15:12,kompas,"[""disruption_candidate""]",kompas_regional,train,1,Korsleting Picu Kebakaran Ruko di Pasar Besuki Situbondo Regional 22 Oktober 2024,https://surabaya.kompas.com/read/2024/10/22/151220578/korsleting-picu-kebakaran-ruko-di-pasar-besuki-situbondo
ann_cec2e28c0ba0,2287,False,"[""broad_food""]","[""DisasterEvent""]","[""tuban""]",[],False,candidate_unverified,copy_e403c480e925,2025-10-16,15:47,beritajatim,"[""disruption_candidate""]",beritajatim,validation,1,"TPPI Bantah Isu Ledakan, Sebut Hanya Kebakaran di Unit Pompa Kilang Tuban",https://beritajatim.com/tppi-bantah-isu-ledakan-sebut-hanya-kebakaran-di-unit-pompa-kilang-tuban
ann_ced335926852,1721,False,"[""beef"", ""broad_food"", ""chili"", ""rice"", ""shallot""]","[""WeatherDisruption""]","[""surabaya""]","[""InspectionEnforcement""]",False,candidate_unverified,copy_a4e5693d8112,2025-12-17,20:56,kompas,"[""disruption_candidate"", ""response_query""]",kompas_regional,validation,1,"Pemkot Surabaya Mulai Awasi Harga dan Stok Pangan Jelang Nataru, Stok Beras Aman Regional 17 Desember 2025",https://surabaya.kompas.com/read/2025/12/17/205650278/pemkot-surabaya-mulai-awasi-harga-dan-stok-pangan-jelang-nataru-stok-beras
ann_ced8dfdfc0e7,1953,False,[],"[""DisasterEvent""]","[""blitar"", ""kediri"", ""malang""]",[],False,candidate_unverified,copy_492fc55ffec6,2023-03-01,13:15,kompas,"[""disruption_candidate""]",kompas_regional,train,1,"Hujan Deras Sebabkan Longsor di 5 Titik Kabupaten Malang, Sejumlah Akses Kendaraan Putus Regional 1 Maret 2023",https://surabaya.kompas.com/read/2023/03/01/131544278/hujan-deras-sebabkan-longsor-di-5-titik-kabupaten-malang-sejumlah-akses
ann_cee531539f5d,2472,True,[],"[""DisasterEvent""]","[""gresik""]",[],False,candidate_unverified,copy_ef65ea7eff2b,2025-08-30,,kontan,"[""disruption_candidate""]",kontan,validation,0,"Ekspor Konsentrat Tembaga Masuki Masa Tenggat, Freeport Tunggu Hasil Evaluasi ESDM",https://industri.kontan.co.id/news/ekspor-konsentrat-tembaga-masuki-masa-tenggat-freeport-tunggu-hasil-evaluasi-esdm
ann_cf29ecbd913e,1865,False,[],"[""DisasterEvent"", ""WeatherDisruption""]","[""lamongan""]",[],False,candidate_unverified,copy_8ec0958e8d71,2023-02-20,12:15,beritajatim,"[""disruption_candidate""]",beritajatim,train,1,"Bengawan Solo Meluap, Kecamatan Babat dan Laren Lamongan Banjir",https://beritajatim.com/bengawan-solo-meluap-kecamatan-babat-dan-laren-lamongan-banjir
ann_cf3cdc6e9cc3,1995,True,[],"[""DisasterEvent""]","[""gresik""]",[],False,candidate_unverified,copy_fdd81929e4f7,2025-05-20,15:22,beritajatim,"[""disruption_candidate""]",beritajatim,validation,1,"Sungai Bengawan Solo di Gresik Meluap, 201 Rumah Terendam Banjir",https://beritajatim.com/sungai-bengawan-solo-di-gresik-meluap-201-rumah-terendam-banjir
ann_cf48e0a752af,2409,False,[],"[""DisasterEvent""]","[""lumajang""]",[],False,candidate_unverified,copy_2b1c78757bce,2025-11-22,23:40,detik,"[""disruption_candidate""]",detik_news,validation,1,Brimob Polda Jatim Gelar Operasi Kemanusiaan Bantu Korban Terdampak Erupsi Semeru,https://news.detik.com/berita/d-8223986/brimob-polda-jatim-gelar-operasi-kemanusiaan-bantu-korban-terdampak-erupsi-semeru
ann_cf6538b71864,2150,False,"[""broad_food"", ""chili"", ""rice""]","[""DisasterEvent"", ""ProductionDisruption""]","[""pasuruan""]",[],False,candidate_unverified,copy_6c91e8024c1f,2026-03-26,16:18,beritajatim,"[""disruption_candidate""]",beritajatim,test,1,"Banjir Rendam Ribuan Hektare Sawah Pasuruan, Pemprov Jatim Siapkan Bantuan Benih untuk Petani",https://beritajatim.com/banjir-rendam-ribuan-hektare-sawah-pasuruan-pemprov-jatim-siapkan-bantuan-benih-untuk-petani
ann_cf6def9c3d80,2162,True,[],"[""PestDiseaseEvent""]","[""malang""]",[],False,candidate_unverified,copy_1600c3e3684b,2022-05-14,18:46,kompas,"[""disruption_candidate""]",kompas_regional,train,1,"Marak Wabah PMK, Peternak Sapi Perah di Kabupaten Malang Lockdown Kandang Regional 14 Mei 2022",https://surabaya.kompas.com/read/2022/05/14/184623578/marak-wabah-pmk-peternak-sapi-perah-di-kabupaten-malang-lockdown-kandang
ann_cf766df23cfd,2401,False,"[""rice""]","[""WeatherDisruption""]",[],"[""CrisisPreparednessAction""]",False,candidate_unverified,copy_5ec57869ce3a,2023-10-15,23:30,bisnis,"[""disruption_candidate"", ""response_query""]",bisnis,train,1,Target Produksi Beras 2024 Naik Meski Ada El-Nino,https://ekonomi.bisnis.com/read/20231015/12/1704389/target-produksi-beras-2024-naik-meski-ada-el-nino
ann_cfd55cd67bd1,2957,False,"[""rice""]","[""DisasterEvent"", ""PestDiseaseEvent"", ""WeatherDisruption""]",[],[],False,candidate_unverified,copy_3b7c4d534a4d,2026-05-04,,kontan,"[""disruption_candidate""]",kontan,test,0,"Produksi Beras Indonesia 2026 Hanya Tumbuh 0,26%, Ini Penyebab Utamanya",https://nasional.kontan.co.id/news/produksi-beras-indonesia-2026-hanya-tumbuh-026-ini-penyebab-utamanya
ann_cfdfc674c731,2503,False,[],"[""DisasterEvent""]","[""situbondo""]","[""DistributionIntervention"", ""FoodAssistance""]",False,candidate_unverified,copy_d45dd7f43d84,2025-09-26,10:35,beritajatim,"[""response_query""]",beritajatim,validation,1,"Gempa Laut Bali Guncang Situbondo, 64 Rumah Rusak di Kecamatan Banyuputih",https://beritajatim.com/gempa-laut-bali-guncang-situbondo-64-rumah-rusak-di-kecamatan-banyuputih
ann_d0127013fda9,2076,False,[],"[""DisasterEvent""]","[""kediri"", ""nganjuk"", ""pacitan"", ""trenggalek"", ""tuban"", ""tulungagung""]",[],False,candidate_unverified,copy_9a274042d894,2023-04-14,18:41,beritajatim,"[""disruption_candidate""]",beritajatim,train,1,"BMKG Tuban Beri Penjelasan, Gempa Bumi Tak Berpotensi Tsunami",https://beritajatim.com/bmkg-tuban-beri-penjelasan-gempa-bumi-tak-berpotensi-tsunami
ann_d01bec083b93,2161,False,"[""broad_food"", ""chili""]","[""WeatherDisruption""]","[""lumajang""]",[],False,candidate_unverified,copy_b26cb2a9d965,2023-12-15,19:08,kompas,"[""disruption_candidate""]",kompas_regional,train,1,"Harga Cabai Rawit di Lumajang Melambung, Pemkab: Efek El Nino Regional 15 Desember 2023",https://surabaya.kompas.com/read/2023/12/15/190847578/harga-cabai-rawit-di-lumajang-melambung-pemkab-efek-el-nino
ann_d020af53aabb,3232,False,"[""broad_food""]","[""DisasterEvent""]","[""kediri""]","[""CrisisPreparednessAction""]",False,candidate_unverified,copy_ea79a7d34c3e,2023-03-17,20:26,beritajatim,"[""disruption_candidate"", ""response_query""]",beritajatim,train,1,Pemkot Kediri Bantu Penyandang Disabilitas dan Korban Kebakaran,https://beritajatim.com/pemkot-kediri-bantu-penyandang-disabilitas-dan-korban-kebakaran
ann_d025a485ffb7,1619,False,"[""broad_food""]","[""DisasterEvent""]","[""malang""]",[],False,candidate_unverified,copy_f66c7760336d,2021-04-06,14:54,kompas,"[""disruption_candidate""]",kompas_nasional,train,1,Dua Pesawat TNI AU Kirim Bantuan Sembako bagi Korban Bencana Alam NTT News 6 April 2021,https://nasional.kompas.com/read/2021/04/06/14541681/dua-pesawat-tni-au-kirim-bantuan-sembako-bagi-korban-bencana-alam-ntt
ann_d06417b2ac90,4065,False,[],"[""DisasterEvent""]","[""gresik""]","[""ImportExportAction""]",False,candidate_unverified,copy_eb0577d6a099,2025-01-03,,kontan,"[""disruption_candidate""]",kontan,validation,0,"Tony Wenas Dirut Freeport Datangi Menko Ekonomi, Bahas Smelter & Perpanjangan Ekspor",https://industri.kontan.co.id/news/tony-wenas-dirut-freeport-datangi-menko-ekonomi-bahas-smelter-perpanjangan-ekspor
ann_d0a404428e4c,2978,False,"[""broad_food""]","[""DisasterEvent""]","[""gresik"", ""surabaya""]",[],False,candidate_unverified,copy_72ca84359d25,2025-12-22,11:31,kompas,"[""disruption_candidate""]",kompas_regional,validation,1,"Menembus Banjir, Relawan Universitas Sunan Gresik dan Barakarsa Bawa Bantuan dan Harapan ke Aceh Tamiang Regional 22 Desember 2025",https://surabaya.kompas.com/read/2025/12/22/113121678/menembus-banjir-relawan-universitas-sunan-gresik-dan-barakarsa-bawa-bantuan
ann_d0d0d9b0eb91,2832,False,"[""broad_food"", ""rice""]","[""SupplyShortage"", ""WeatherDisruption""]","[""gresik"", ""lamongan""]","[""OtherResponseAction""]",False,candidate_unverified,copy_859b159c92fd,2024-01-30,20:32,beritajatim,"[""disruption_candidate""]",beritajatim,train,1,Ribuan Petani Lamongan Serbu Gebyar Diskon Pupuk Non-subsidi,https://beritajatim.com/ribuan-petani-lamongan-serbu-gebyar-diskon-pupuk-non-subsidi
ann_d0fe68a18221,1821,False,[],"[""DisasterEvent"", ""WeatherDisruption""]","[""lumajang""]",[],False,candidate_unverified,copy_80a4a1534ce4,2025-11-05,20:04,beritajatim,"[""disruption_candidate""]",beritajatim,validation,1,"Banjir Lahar Gunung Semeru di Lumajang Jebol Tanggul, Sebabkan Warga di Tiga Dusun Terisolasi",https://beritajatim.com/banjir-lahar-gunung-semeru-di-lumajang-jebol-tanggul-sebabkan-warga-di-tiga-dusun-terisolasi
ann_d10eebfa4606,2503,False,[],"[""DisasterEvent""]","[""kediri"", ""malang""]",[],False,candidate_unverified,copy_8b93a7673996,2026-01-22,12:02,kompas,"[""disruption_candidate""]",kompas_regional,test,1,"Dampak Banjir Pujon Malang, Lumpur dan Sampah Masuk Permukiman Warga Regional 22 Januari 2026",https://surabaya.kompas.com/read/2026/01/22/120254778/dampak-banjir-pujon-malang-lumpur-dan-sampah-masuk-permukiman-warga
ann_d113c38c5340,1905,False,"[""broad_food"", ""rice"", ""sugar""]","[""DisasterEvent""]","[""surabaya""]","[""DistributionIntervention""]",False,candidate_unverified,copy_209e3a58e676,2022-11-29,22:39,beritajatim,"[""disruption_candidate""]",beritajatim,train,1,KPF Sumbang Sembako Untuk Korban Gempa Cianjur,https://beritajatim.com/kpf-sumbang-sembako-untuk-korban-gempa-cianjur
ann_d1172908173e,5955,False,"[""chicken_eggs"", ""fish""]","[""PestDiseaseEvent""]","[""jombang"", ""kediri"", ""malang"", ""nganjuk""]",[],False,candidate_unverified,copy_8671025e2d82,2022-10-18,08:07,beritajatim,"[""disruption_candidate""]",beritajatim,train,1,"Selain Mengaji, Pondok At Tahdzib Jombang Bekali Santrinya Budidaya Ikan",https://beritajatim.com/selain-mengaji-pondok-at-tahdzib-jombang-bekali-santrinya-budidaya-ikan
ann_d1247e7fd992,1396,False,[],"[""DisasterEvent""]","[""jember""]",[],False,candidate_unverified,copy_1c9e9405a098,2022-01-10,13:18,kompas,"[""disruption_candidate""]",kompas_regional,train,1,"Pulang Cari Rumput, Pasangan Suami Istri Tewas Terseret Arus Banjir di Jember Regional 10 Januari 2022",https://surabaya.kompas.com/read/2022/01/10/131842478/pulang-cari-rumput-pasangan-suami-istri-tewas-terseret-arus-banjir-di
ann_d12af89c5286,1903,False,[],"[""DisasterEvent""]","[""jombang"", ""mojokerto""]",[],False,candidate_unverified,copy_49f30042bf13,2024-12-14,05:20,kompas,"[""disruption_candidate""]",kompas_regional,train,1,"Banjir Surut Lambat, Ratusan Warga Jombang Bertahan di Pengungsian Regional 14 Desember 2024",https://surabaya.kompas.com/read/2024/12/14/052044078/banjir-surut-lambat-ratusan-warga-jombang-bertahan-di-pengungsian
ann_d144a3cb5040,1804,False,"[""broad_food"", ""rice""]","[""PestDiseaseEvent""]","[""bondowoso""]",[],False,candidate_unverified,copy_3996e0a5e656,2024-11-05,14:16,beritajatim,"[""disruption_candidate""]",beritajatim,train,1,Bondowoso Tingkatkan Produksi Padi dengan Optimalisasi Indeks Pertanaman,https://beritajatim.com/bondowoso-tingkatkan-produksi-padi-dengan-optimalisasi-indeks-pertanaman
ann_d19eb452b206,2672,False,[],"[""DisasterEvent"", ""SupplyShortage""]","[""madiun"", ""ngawi""]",[],False,candidate_unverified,copy_95441fb8b924,2023-12-25,20:27,beritajatim,"[""disruption_candidate""]",beritajatim,train,1,"Pertamina Jamin Stok BBM Madiun Raya Aman, Meski Antrean di SPBU Meningkat",https://beritajatim.com/pertamina-jamin-stok-bbm-madiun-raya-aman-meski-antrean-di-spbu-meningkat
ann_d1fdc82f8ae5,1401,False,"[""rice"", ""sugar""]","[""DisasterEvent""]","[""lumajang"", ""surabaya""]",[],False,candidate_unverified,copy_f9c2c7170799,2021-12-06,18:03,beritajatim,"[""disruption_candidate""]",beritajatim,train,1,"Peduli Bencana Semeru, Polres Pelabuhan Tanjung Perak Kirim Bantuan Logistik",https://beritajatim.com/peduli-bencana-semeru-polres-pelabuhan-tanjung-perak-kirim-bantuan-logistik
ann_d223905fc825,2653,True,[],"[""DisasterEvent""]","[""gresik""]",[],False,candidate_unverified,copy_1cec31d51b94,2021-12-20,18:33,kompas,"[""disruption_candidate""]",kompas_regional,train,1,"Jembatan Kacangan Gresik Ambruk, Ini Usul BBWS Bengawan Solo untuk Antisipasi Banjir Regional 20 Desember 2021",https://regional.kompas.com/read/2021/12/20/183359778/jembatan-kacangan-gresik-ambruk-ini-usul-bbws-bengawan-solo-untuk
ann_d25bd4055ea7,886,False,[],"[""DisasterEvent""]","[""nganjuk""]",[],False,candidate_unverified,copy_425d661d80d6,2022-01-11,22:22,detik,"[""disruption_candidate""]",detik_news,train,1,Banjir Rendam RSUD Nganjuk dan Jalan Protokol,https://news.detik.com/berita-jawa-timur/d-5894001/banjir-rendam-rsud-nganjuk-dan-jalan-protokol
ann_d2606c6a2003,2099,False,"[""corn""]","[""DisasterEvent""]","[""tuban""]",[],False,candidate_unverified,copy_39dc81b2cc30,2025-04-26,10:01,beritajatim,"[""disruption_candidate""]",beritajatim,validation,1,"Longsor di Tuban Ditangani Cepat, Akses Jalan Wadung-Maindu Kembali Normal",https://beritajatim.com/longsor-di-tuban-ditangani-cepat-akses-jalan-wadung-maindu-kembali-normal
ann_d29cd8012466,1457,True,"[""broad_food"", ""rice""]","[""WeatherDisruption""]","[""surabaya""]",[],False,candidate_unverified,copy_d5da4642da06,2026-02-09,19:23,beritajatim,"[""disruption_candidate""]",beritajatim,test,1,Mahasiswa Teknik Elektro Untag Surabaya Rancang Alat Pengering Padi Otomatis,https://beritajatim.com/mahasiswa-teknik-elektro-untag-surabaya-rancang-alat-pengering-padi-otomatis
ann_d2a2bbec97fa,2083,False,[],"[""DisasterEvent""]","[""batu"", ""mojokerto"", ""surabaya""]",[],False,candidate_unverified,copy_26ae991e48a9,2025-04-03,19:40,kompas,"[""disruption_candidate""]",kompas_regional,validation,1,"Jalan Tertimbun Longsor di Pacet, Jalur Mojokerto - Batu Ditutup Total Regional 3 April 2025",https://surabaya.kompas.com/read/2025/04/03/194058178/jalan-tertimbun-longsor-di-pacet-jalur-mojokerto-batu-ditutup-total
ann_d2bfc2194a03,2915,False,"[""broad_food"", ""buffalo_meat"", ""cooking_oil"", ""sugar""]","[""SupplyShortage""]",[],"[""MarketOperationAction""]",False,candidate_unverified,copy_ceba48fca5dc,2025-02-26,,kontan,"[""disruption_candidate""]",kontan,validation,0,"ID FOOD Gelar Operasi Pasar, Jaga Stabilitas Harga Pangan Selama Ramadan dan Lebaran",https://industri.kontan.co.id/news/id-food-gelar-operasi-pasar-jaga-stabilitas-harga-pangan-selama-ramadan-dan-lebaran
ann_d2d0e64c6f05,2630,False,"[""beef""]","[""PestDiseaseEvent""]","[""pasuruan""]",[],False,candidate_unverified,copy_391d7c169dd1,2022-05-30,19:27,beritajatim,"[""disruption_candidate""]",beritajatim,train,1,"Wabah PMK di Kabupaten Pasuruan Meluas, Terbanyak di Prigen 250 Sapi Ternak",https://beritajatim.com/wabah-pmk-di-kabupaten-pasuruan-meluas-terbanyak-di-prigen-250-sapi-ternak
ann_d2feab194dc4,4419,False,[],"[""DisasterEvent"", ""WeatherDisruption""]","[""surabaya""]","[""CrisisPreparednessAction""]",False,candidate_unverified,copy_09b41005fdc5,2026-03-31,13:19,beritajatim,"[""disruption_candidate""]",beritajatim,test,1,Ancaman ‘Godzilla El Nino’: 815 Desa di Jatim Berpotensi Alami Krisis Air Bersih,https://beritajatim.com/ancaman-godzilla-el-nino-815-desa-di-jatim-berpotensi-alami-krisis-air-bersih
ann_d31af5b1b25d,3097,False,"[""broad_food"", ""rice""]","[""DisasterEvent"", ""WeatherDisruption""]","[""malang""]","[""FoodAssistance"", ""ReserveRelease""]",False,candidate_unverified,copy_0ef8f3354a3f,2023-12-14,16:13,beritajatim,"[""disruption_candidate""]",beritajatim,train,1,"Ke Gudang Bulog Malang, Jokowi Serahkan Bantuan Pangan",https://beritajatim.com/ke-gudang-bulog-malang-jokowi-serahkan-bantuan-pangan
ann_d32a1876bf03,4078,False,"[""broad_food"", ""chicken_eggs"", ""chicken_meat"", ""chili"", ""corn"", ""rice""]","[""DisasterEvent"", ""WeatherDisruption""]",[],"[""CrisisPreparednessAction"", ""DistributionIntervention"", ""FoodAssistance"", ""ReserveRelease""]",False,candidate_unverified,copy_fb7efe3a830e,2023-08-02,,kontan,"[""disruption_candidate""]",kontan,train,0,Kemenko Perekonomian: Pergerakan Harga Pangan Saat Ini Masih Dipengaruhi El Nino,https://nasional.kontan.co.id/news/kemenko-perekonomian-pergerakan-harga-pangan-saat-ini-masih-dipengaruhi-el-nino
ann_d32b525c5729,1826,False,"[""corn"", ""rice""]","[""PestDiseaseEvent""]","[""lumajang""]",[],False,candidate_unverified,copy_52183f5639f8,2024-07-31,09:30,kompas,"[""disruption_candidate""]",kompas_regional,train,1,Sawah Rusak Diserang Hama Tikus di Lumajang Bertambah Jadi 400 Hektar Regional 31 Juli 2024,https://surabaya.kompas.com/read/2024/07/31/093033378/sawah-rusak-diserang-hama-tikus-di-lumajang-bertambah-jadi-400-hektar
ann_d36ae8e203c8,2381,False,"[""broad_food"", ""corn""]","[""ProductionDisruption""]","[""gresik""]",[],False,candidate_unverified,copy_8b9c40eaf77e,2021-01-19,19:50,beritajatim,"[""disruption_candidate""]",beritajatim,train,1,"Jaga Ketahanan Pangan di Tengah Pandemi Covid-19, PG Tanam Perdana di Sentra Jagung",https://beritajatim.com/jaga-ketahanan-pangan-di-tengah-pandemi-covid-19-pg-tanam-perdana-di-sentra-jagung
ann_d394772e8dd3,1815,False,[],"[""DisasterEvent""]","[""tuban""]",[],False,candidate_unverified,copy_c69972ec8d26,2025-10-16,18:55,beritajatim,"[""disruption_candidate""]",beritajatim,validation,1,TPPI Pastikan Kebakaran Unit di Tuban Tidak Timbulkan Dampak Beracun,https://beritajatim.com/tppi-pastikan-kebakaran-unit-di-tuban-tidak-timbulkan-dampak-beracun
ann_d3b9242fff21,2175,False,[],"[""DisasterEvent""]","[""mojokerto""]",[],False,candidate_unverified,copy_7f9fcbc77e59,2025-12-26,10:16,beritajatim,"[""disruption_candidate""]",beritajatim,validation,1,"Tembok Penahan Tanah Longsor di Seloliman Trawas Mojokerto, Satu Rumah Rusak Berat",https://beritajatim.com/tembok-penahan-tanah-longsor-di-seloliman-trawas-mojokerto-satu-rumah-rusak-berat
ann_d3c8a4db315f,6319,False,"[""broad_food"", ""rice""]","[""WeatherDisruption""]","[""gresik""]","[""DistributionIntervention"", ""OtherResponseAction"", ""ProductionAssistance""]",False,candidate_unverified,copy_0c32ff3e11cb,2024-01-15,,kontan,"[""disruption_candidate"", ""response_query""]",kontan,train,0,"Masuki 2024, Ini Strategi Pupuk Indonesia Tingkatkan Produktivitas Pertanian Nasional",https://pressrelease.kontan.co.id/news/masuki-2024-ini-strategi-pupuk-indonesia-tingkatkan-produktivitas-pertanian-nasional
ann_d3e5a02f97f1,2236,False,[],"[""DisasterEvent"", ""WeatherDisruption""]","[""gresik""]",[],False,candidate_unverified,copy_2a41f56c4f03,2023-03-04,01:36,kompas,"[""disruption_candidate""]",kompas_regional,train,1,"Banjir Melanda 2 Desa di Pulau Bawean Gresik, DPRD Soroti Dugaan Perusakan Lingkungan Regional 4 Maret 2023",https://regional.kompas.com/read/2023/03/04/013644478/banjir-melanda-2-desa-di-pulau-bawean-gresik-dprd-soroti-dugaan-perusakan
ann_d4096498bb7b,7109,True,[],"[""DisasterEvent"", ""PestDiseaseEvent""]","[""gresik"", ""lumajang"", ""malang"", ""pacitan"", ""probolinggo"", ""sampang"", ""surabaya"", ""tulungagung""]",[],False,candidate_unverified,copy_66bd793e67da,2023-03-11,,kontan,"[""disruption_candidate""]",kontan,train,0,"Obat dan Gejala Leptospirosis, Wabah Penyakit Kencing Tikus Melanda Jawa Timur",https://kesehatan.kontan.co.id/news/obat-dan-gejala-leptospirosis-wabah-penyakit-kencing-tikus-melanda-jawa-timur
ann_d42623ee5d10,899,False,[],"[""DisasterEvent""]","[""lumajang"", ""pasuruan""]",[],False,candidate_unverified,copy_e91bf9a35234,2021-09-01,22:54,detik,"[""disruption_candidate""]",detik_news,train,1,"Gempa M 3.7 Guncang Lumajang, Tidak Berpotensi Tsunami",https://news.detik.com/berita-jawa-timur/d-5706122/gempa-m-3-7-guncang-lumajang-tidak-berpotensi-tsunami
ann_d42b8bc69f94,1617,False,[],"[""DisasterEvent""]","[""lumajang""]",[],False,candidate_unverified,copy_af3a5e07e864,2021-12-09,09:14,beritajatim,"[""disruption_candidate""]",beritajatim,train,1,Akses Masuk ke Lokasi Bencana Erupsi Semeru di Supiturang Lumajang Mulai Dibatasi,https://beritajatim.com/akses-masuk-ke-lokasi-bencana-erupsi-semeru-di-supiturang-lumajang-mulai-dibatasi
ann_d43ded05b62f,1218,False,[],"[""DisasterEvent""]","[""pamekasan"", ""sumenep"", ""surabaya""]",[],False,candidate_unverified,copy_02c8727b6959,2024-01-09,17:51,beritajatim,"[""disruption_candidate""]",beritajatim,train,1,Hujan Deras dan Angin Kencang Robohkan Tiang Listrik di Pintu Masuk Kota Sumenep,https://beritajatim.com/hujan-deras-dan-angin-kencang-robohkan-tiang-listrik-di-pintu-masuk-kota-sumenep
ann_d43ec0c1c677,3902,False,[],"[""SupplyShortage""]","[""malang"", ""surabaya""]","[""ProcurementAction""]",False,candidate_unverified,copy_2ab9e6e34e68,2021-07-08,07:51,beritajatim,"[""disruption_candidate"", ""response_query""]",beritajatim,train,1,"Stok Kosong di Surabaya Timur, Ivermectin Satu Strip Dijual Rp258 Ribu – Rp348 Ribu",https://beritajatim.com/stok-kosong-di-surabaya-timur-ivermectin-satu-strip-dijual-rp258-rp348-ribu
ann_d43eea7a3ae2,1048,False,[],"[""DisasterEvent""]","[""pasuruan""]",[],False,candidate_unverified,copy_78b40d0e6346,2021-10-07,22:04,detik,"[""disruption_candidate""]",detik_news,train,1,"Pasar Nguling Pasuruan Kebakaran, Ratusan Kios Ludes Dilalap Api",https://news.detik.com/berita-jawa-timur/d-5757717/pasar-nguling-pasuruan-kebakaran-ratusan-kios-ludes-dilalap-api
ann_d442cb175681,1820,False,"[""cooking_oil""]","[""SupplyShortage""]","[""mojokerto"", ""surabaya""]","[""DistributionIntervention"", ""MarketOperationAction""]",False,candidate_unverified,copy_159c8e5c8c42,2022-02-21,20:00,kompas,"[""disruption_candidate"", ""response_query""]",kompas_regional,train,1,"Minyak Goreng Langka, Khofifah Minta Satgas Pangan Usut Proses Distribusi di Jatim Regional 21 Februari 2022",https://surabaya.kompas.com/read/2022/02/21/200049878/minyak-goreng-langka-khofifah-minta-satgas-pangan-usut-proses-distribusi-di
ann_d456bf41959b,3530,False,[],"[""SupplyShortage""]","[""jember""]","[""CrisisPreparednessAction"", ""OtherResponseAction""]",False,candidate_unverified,copy_4f67c857c2d4,2022-03-08,23:24,beritajatim,"[""response_query""]",beritajatim,train,1,PMII Desak Bupati Hendy Segera Dirikan Pabrik Pupuk Organik di Jember,https://beritajatim.com/pmii-desak-bupati-hendy-segera-dirikan-pabrik-pupuk-organik-di-jember
ann_d46c1bf4401b,1333,False,[],"[""DisasterEvent""]","[""banyuwangi"", ""jember""]",[],False,candidate_unverified,copy_fbfdac7ad8d1,2023-10-31,06:02,kompas,"[""disruption_candidate""]",kompas_regional,train,1,"Gempa Bumi Magnitudo 4,9 Guncang Banyuwangi Regional 31 Oktober 2023",https://surabaya.kompas.com/read/2023/10/31/060232378/gempa-bumi-magnitudo-49-guncang-banyuwangi
ann_d49bfdac3275,1896,False,[],"[""DisasterEvent""]","[""pacitan""]","[""CrisisPreparednessAction""]",False,candidate_unverified,copy_8998ef5efe77,2023-06-08,20:52,kompas,"[""response_query""]",kompas_regional,train,1,Tercatat Ada 34 Gempa Bumi Susulan di Pacitan Usai Gempa Magnitudo 6 Regional 8 Juni 2023,https://regional.kompas.com/read/2023/06/08/205256578/tercatat-ada-34-gempa-bumi-susulan-di-pacitan-usai-gempa-magnitudo-6
ann_d49dd23a6a8f,2080,False,"[""broad_food"", ""rice""]","[""DisasterEvent""]","[""madiun"", ""magetan"", ""nganjuk""]",[],False,candidate_unverified,copy_46335e479631,2022-11-25,09:51,kompas,"[""disruption_candidate""]",kompas_regional,train,1,4 Polres di Jatim Kirim Bantuan Logistik untuk Korban Gempa Cianjur Regional 25 November 2022,https://surabaya.kompas.com/read/2022/11/25/095128678/4-polres-di-jatim-kirim-bantuan-logistik-untuk-korban-gempa-cianjur
ann_d49f16955613,2045,False,[],"[""DisasterEvent""]","[""pasuruan""]",[],False,candidate_unverified,copy_ca7c34374dc7,2026-02-06,20:12,beritajatim,"[""disruption_candidate""]",beritajatim,test,1,"Jalan Kabupaten di Andonosari Pasuruan Longsor, Akses Kendaraan Roda 4 Terputus Total",https://beritajatim.com/jalan-kabupaten-di-andonosari-pasuruan-longsor-akses-kendaraan-roda-4-terputus-total
ann_d4a2ccff62d0,3436,False,"[""broad_food""]","[""WeatherDisruption""]","[""madiun"", ""magetan"", ""ngawi""]","[""DistributionIntervention"", ""FoodAssistance""]",False,candidate_unverified,copy_68218ab7a442,2023-08-03,20:23,beritajatim,"[""disruption_candidate""]",beritajatim,train,1,"Polisi Madiun, Ngawi, dan Magetan Kirim Bantuan Air ke Daerah yang Berpotensi Kekeringan",https://beritajatim.com/polisi-madiun-ngawi-dan-magetan-kirim-bantuan-air-ke-daerah-yang-berpotensi-kekeringan
ann_d4a49688f9da,2234,False,"[""broad_food""]","[""DisasterEvent"", ""WeatherDisruption""]","[""jember""]","[""CrisisPreparednessAction"", ""DistributionIntervention"", ""FoodAssistance""]",False,candidate_unverified,copy_42d515e917a2,2026-01-14,13:17,kompas,"[""disruption_candidate"", ""response_query""]",kompas_regional,test,1,"Hujan Deras 4 Jam, Banjir Rendam Permukiman Warga di Jember Regional 14 Januari 2026",https://surabaya.kompas.com/read/2026/01/14/131743678/hujan-deras-4-jam-banjir-rendam-permukiman-warga-di-jember
ann_d4c7f0d04ed1,1665,False,[],"[""DisasterEvent""]","[""kediri"", ""lumajang""]","[""DistributionIntervention""]",False,candidate_unverified,copy_bddd18701ca9,2021-12-06,19:58,beritajatim,"[""disruption_candidate""]",beritajatim,train,1,Bupati Kediri Perintahkan ASN Galang Donasi Bagi Korban Erupsi Semeru,https://beritajatim.com/bupati-kediri-perintahkan-asn-galang-donasi-bagi-korban-erupsi-semeru
ann_d4dcfd6b50f0,1606,False,"[""soybean""]","[""SupplyShortage""]","[""gresik"", ""surabaya""]",[],False,candidate_unverified,copy_e37b59c81161,2022-02-21,13:46,beritajatim,"[""disruption_candidate""]",beritajatim,train,1,"Imbas Perajin Mogok Produksi, Tahu Tempe di Surabaya Kosong dan Langka",https://beritajatim.com/imbas-perajin-mogok-produksi-tahu-tempe-di-surabaya-kosong-dan-langka
ann_d4f2598a23a1,3464,False,"[""broad_food"", ""chili"", ""rice""]","[""DisasterEvent""]","[""jember"", ""probolinggo"", ""surabaya"", ""tuban""]","[""MarketOperationAction""]",False,candidate_unverified,copy_42ceee2fa297,2024-03-06,19:26,beritajatim,"[""disruption_candidate""]",beritajatim,train,1,"Jatim Surplus Beras, Impor Tetap Masuk",https://beritajatim.com/jatim-surplus-beras-impor-tetap-masuk
ann_d506e761ef36,2421,False,[],"[""DisasterEvent""]","[""pasuruan""]","[""DistributionIntervention""]",False,candidate_unverified,copy_3e382396fd49,2026-03-27,14:38,beritajatim,"[""disruption_candidate"", ""response_query""]",beritajatim,test,1,"Banjir Beji Pasuruan Kian Parah, Kepala BNPB Soroti Luapan Sungai Wirati",https://beritajatim.com/banjir-beji-pasuruan-kian-parah-kepala-bnpb-soroti-luapan-sungai-wirati
ann_d545d0f40b90,1999,False,[],"[""DisasterEvent"", ""WeatherDisruption""]","[""pasuruan""]","[""ProcurementAction""]",False,candidate_unverified,copy_40c888a19ff2,2026-03-03,05:07,kompas,"[""response_query""]",kompas_regional,test,1,"Hujan Deras, Jalur Antarkecamatan di Pasuruan Tertutup Longsor, 3 Orang Luka-luka Regional 3 Maret 2026",https://surabaya.kompas.com/read/2026/03/03/050739778/hujan-deras-jalur-antarkecamatan-di-pasuruan-tertutup-longsor-3-orang-luka
ann_d5807a019d74,1553,False,[],"[""DisasterEvent""]","[""jember""]",[],False,candidate_unverified,copy_73fff5c6a58b,2025-12-03,12:47,beritajatim,"[""disruption_candidate""]",beritajatim,validation,1,"Banjir Mulai Terjadi di Jember, Pemandian Patemon Terdampak",https://beritajatim.com/banjir-mulai-terjadi-di-jember-pemandian-patemon-terdampak
ann_d58221db80a4,2410,False,[],"[""DisasterEvent""]","[""magetan""]",[],False,candidate_unverified,copy_5c7fb1b805c1,2022-06-04,17:20,beritajatim,"[""disruption_candidate""]",beritajatim,train,1,"Jalur Pendakian Cemoro Sewu Magetan Masih Ditutup Akibat Longsor, Perbaikan Terkendala Cuaca",https://beritajatim.com/jalur-pendakian-cemoro-sewu-magetan-masih-ditutup-akibat-longsor-perbaikan-terkendala-cuaca
ann_d5d445ded6d6,1273,False,[],"[""DisasterEvent""]","[""magetan""]",[],False,candidate_unverified,copy_fac66125aa54,2021-11-24,18:09,kompas,"[""disruption_candidate""]",kompas_regional,train,1,"Hujan Deras Guyur Magetan, 1 Rumah Tertimpa Longsoran Regional 24 November 2021",https://regional.kompas.com/read/2021/11/24/180905478/hujan-deras-guyur-magetan-1-rumah-tertimpa-longsoran
ann_d5e896d6b636,2710,True,"[""broad_food""]","[""DisasterEvent"", ""WeatherDisruption""]","[""mojokerto""]",[],False,candidate_unverified,copy_8584a03f25e2,2026-02-09,11:50,kompas,"[""disruption_candidate""]",kompas_regional,test,1,Ratusan Warga Terdampak Angin Puting Beliung di Mojokerto Terima Bantuan Regional 9 Februari 2026,https://surabaya.kompas.com/read/2026/02/09/115040978/ratusan-warga-terdampak-angin-puting-beliung-di-mojokerto-terima-bantuan
ann_d601d53bb4a5,2151,False,"[""broad_food""]","[""DisasterEvent""]","[""banyuwangi"", ""jember"", ""malang""]",[],False,candidate_unverified,copy_e04d5e339f24,2025-09-22,19:15,kompas,"[""disruption_candidate""]",kompas_regional,validation,1,"Nasib Malang Nur Fadilah, Alami Patah Tulang Kejatuhan Bata Rumahnya akibat Terjangan Angin Kencang Regional 22 September 2025",https://surabaya.kompas.com/read/2025/09/22/191523678/nasib-malang-nur-fadilah-alami-patah-tulang-kejatuhan-bata-rumahnya-akibat
ann_d61189417fa0,3219,False,"[""broad_food"", ""sugar""]","[""SupplyShortage""]","[""gresik""]","[""OtherResponseAction""]",False,candidate_unverified,copy_1b6880177028,2022-11-30,08:40,kompas,"[""disruption_candidate"", ""response_query""]",kompas_money,train,1,Komitmen Petrokimia Gresik Menjaga Stok Pupuk Nasional dari Kelangkaan Money 30 November 2022,https://money.kompas.com/read/2022/11/30/084000926/komitmen-petrokimia-gresik-menjaga-stok-pupuk-nasional-dari-kelangkaan
ann_d615a4d6f4c6,5045,True,"[""broad_food"", ""rice"", ""sugar""]","[""SupplyShortage""]","[""mojokerto""]",[],False,candidate_unverified,copy_9df37c8b187d,2022-11-04,15:47,beritajatim,"[""disruption_candidate""]",beritajatim,train,1,Presiden Jokowi di PT Enero Mojokerto: 5 Tahun Lagi Swasembada Gula,https://beritajatim.com/presiden-jokowi-di-pt-enero-mojokerto-5-tahun-lagi-swasembada-gula
ann_d631aabb889a,2325,True,[],"[""DisasterEvent""]","[""mojokerto""]","[""CrisisPreparednessAction""]",False,candidate_unverified,copy_f231eacb901d,2021-10-11,16:56,beritajatim,"[""response_query""]",beritajatim,train,1,"Antisipasi Bencana Alam, Polresta Mojokerto Gelar Rapat Koordinasi",https://beritajatim.com/antisipasi-bencana-alam-polresta-mojokerto-gelar-rapat-koordinasi
ann_d650c45e9e40,2179,False,[],"[""DisasterEvent""]","[""bondowoso""]","[""CrisisPreparednessAction"", ""DistributionIntervention"", ""FoodAssistance""]",False,candidate_unverified,copy_f1649434bcc1,2025-11-15,14:44,beritajatim,"[""response_query""]",beritajatim,validation,1,"Longsor Hantam Rumah Warga di Binakal Bondowoso, BPBD Tangani 80 Persen Material dalam Sehari",https://beritajatim.com/longsor-binakal-bondowoso-penanganan-bpbd
ann_d651be0af833,6342,False,"[""broad_food"", ""corn"", ""fish"", ""rice"", ""wheat""]","[""DisasterEvent"", ""SupplyShortage"", ""WeatherDisruption""]",[],"[""ImportExportAction"", ""ReserveRelease""]",False,candidate_unverified,copy_c0388e744415,2021-04-01,,kontan,"[""disruption_candidate""]",kontan,train,0,Keluar dari Jebakan Impor Beras,https://analisis.kontan.co.id/news/keluar-dari-jebakan-impor-beras
ann_d65ffa66268c,2095,False,[],"[""DisasterEvent""]","[""sidoarjo""]",[],False,candidate_unverified,copy_eba761a5fe07,2021-02-17,15:58,kompas,"[""disruption_candidate""]",kompas_regional,train,1,"Banjir Kepung 11 Titik di Kabupaten Sidoarjo, Lokasi Pengungsian Disiapkan News 17 Februari 2021",https://regional.kompas.com/read/2021/02/17/15580121/banjir-kepung-11-titik-di-kabupaten-sidoarjo-lokasi-pengungsian-disiapkan
ann_d66437a1cc7f,1452,False,[],"[""DisasterEvent""]","[""banyuwangi"", ""situbondo"", ""sumenep""]",[],False,candidate_unverified,copy_445e3f3fafe4,2025-09-25,16:38,kompas,"[""disruption_candidate""]",kompas_regional,validation,1,"Gempa di Banyuwangi, Guncangan Terasa hingga Sumenep, Warga Panik Keluar Rumah Regional 25 September 2025",https://surabaya.kompas.com/read/2025/09/25/163815678/gempa-di-banyuwangi-guncangan-terasa-hingga-sumenep-warga-panik-keluar
ann_d66aea7ccd69,2032,False,[],"[""DisasterEvent""]","[""lumajang"", ""probolinggo""]","[""CrisisPreparednessAction""]",False,candidate_unverified,copy_765ee55739dc,2025-07-18,20:18,kompas,"[""response_query""]",kompas_regional,validation,1,"Gempa 1,9 M Guncang Lumajang, 13 Rumah Rusak di Probolinggo Regional 18 Juli 2025",https://surabaya.kompas.com/read/2025/07/18/201806078/gempa-19-m-guncang-lumajang-13-rumah-rusak-di-probolinggo
ann_d67459312e29,2390,False,"[""cooking_oil"", ""soybean""]","[""SupplyShortage"", ""WeatherDisruption""]","[""surabaya""]",[],False,candidate_unverified,copy_de7d31ad2fa7,2022-03-01,00:13,beritajatim,"[""disruption_candidate""]",beritajatim,train,1,"Terancam Langka, Ada Apa dengan Makanan Sejuta Umat ‘Tahu Tempe’? Berikut Beberapa Faktanya",https://beritajatim.com/terancam-langka-ada-apa-dengan-makanan-sejuta-umat-tahu-tempe-berikut-beberapa-faktanya
ann_d691017ef467,2535,False,[],"[""DisasterEvent"", ""WeatherDisruption""]","[""surabaya""]",[],False,candidate_unverified,copy_e87be66f2a9f,2025-12-06,12:16,beritajatim,"[""disruption_candidate""]",beritajatim,validation,1,"Cuaca Ekstrem Nataru, DPRD Surabaya Dorong Penguatan Satgas Kampung Pancasila",https://beritajatim.com/cuaca-ekstrem-nataru-dprd-surabaya-dorong-penguatan-satgas-kampung-pancasila
ann_d69508a39c81,2251,False,[],"[""DisasterEvent""]","[""blitar""]",[],False,candidate_unverified,copy_49b01a4408f9,2025-10-14,20:32,beritajatim,"[""disruption_candidate""]",beritajatim,validation,1,"Puting Beliung Terjang Stadion Gelora Penataran Blitar, Kerugian Rp1,5 Miliar",https://beritajatim.com/puting-beliung-terjang-stadion-gelora-penataran-blitar-kerugian-rp15-miliar
ann_d6dcb30d19c1,2800,False,"[""broad_food"", ""rice""]","[""DisasterEvent"", ""WeatherDisruption""]",[],"[""CrisisPreparednessAction"", ""OtherResponseAction"", ""ReserveRelease""]",False,candidate_unverified,copy_89fa5d82fc01,2023-07-24,17:35,kompas,"[""disruption_candidate""]",kompas_money,train,1,"Antisipasi El Nino, Mentan Minta Kadis Pertanian Se-Jawa Timur Kejar Tanam Padi Money 24 Juli 2023",https://money.kompas.com/read/2023/07/24/173524726/antisipasi-el-nino-mentan-minta-kadis-pertanian-se-jawa-timur-kejar-tanam-padi
ann_d6ea6290e756,1487,False,"[""broad_food"", ""chili"", ""rice""]","[""SupplyShortage""]",[],[],False,candidate_unverified,copy_d71cbf926787,2022-02-23,,kontan,"[""disruption_candidate""]",kontan,train,0,Larangan Truk ODOL Berimbas ke Lonjakan Harga Pangan,https://nasional.kontan.co.id/news/larangan-truk-odol-berimbas-ke-lonjakan-harga-pangan
ann_d6fb5429b08e,1303,False,[],"[""DisasterEvent""]","[""blitar"", ""malang""]",[],False,candidate_unverified,copy_3c45a14bc405,2021-04-14,16:10,kompas,"[""disruption_candidate""]",kompas_regional,train,1,Rumah Rusak akibat Gempa Malang Akan Dapat Bantuan Rp 50 Juta Regional 14 April 2021,https://regional.kompas.com/read/2021/04/14/161034978/rumah-rusak-akibat-gempa-malang-akan-dapat-bantuan-rp-50-juta
ann_d70605f92204,1571,True,[],"[""DisasterEvent""]","[""malang""]",[],False,candidate_unverified,copy_487768c84943,2025-01-02,22:18,beritajatim,"[""disruption_candidate""]",beritajatim,validation,1,Alat Deteksi Banjir Digeser ke Lesanpuro Pasca Banjir Sungai Amprong Kota Malang,https://beritajatim.com/alat-deteksi-banjir-digeser-ke-lesanpuro-pasca-banjir-sungai-amprong-kota-malang
ann_d74413cbdf0d,2705,False,[],"[""DisasterEvent""]","[""jombang""]",[],False,candidate_unverified,copy_a9a90261d243,2024-12-10,20:51,beritajatim,"[""disruption_candidate""]",beritajatim,train,1,Ketua Gerindra Jombang Turun Langsung ke Lokasi Banjir Jombok,https://beritajatim.com/ketua-gerindra-jombang-turun-langsung-ke-lokasi-banjir-jombok
ann_d776cc908505,1910,False,"[""broad_food"", ""rice""]","[""DisasterEvent""]","[""lumajang"", ""malang""]",[],False,candidate_unverified,copy_77724bcbd85c,2021-04-11,10:54,kompas,"[""disruption_candidate""]",kompas_nasional,train,1,"UPDATE Gempa Malang: 8 Orang Meninggal, 3 Luka Berat News 11 April 2021",https://nasional.kompas.com/read/2021/04/11/10542361/update-gempa-malang-8-orang-meninggal-3-luka-berat
ann_d7a191eab5db,1496,False,[],"[""PestDiseaseEvent""]","[""surabaya""]",[],False,candidate_unverified,copy_89dd9d55b251,2022-05-10,06:28,kompas,"[""disruption_candidate""]",kompas_regional,train,1,"Antisipasi Wabah PMK dari 4 Kabupaten di Jatim, Ini yang Dilakukan Rumah Potong Hewan di Surabaya Regional 10 Mei 2022",https://surabaya.kompas.com/read/2022/05/10/062848178/antisipasi-wabah-pmk-dari-4-kabupaten-di-jatim-ini-yang-dilakukan-rumah
ann_d7e9b023afcc,2149,False,"[""rice""]","[""SupplyShortage""]","[""jember""]","[""MarketOperationAction"", ""ReserveRelease""]",False,candidate_unverified,copy_3046da79feca,2025-08-14,07:51,kompas,"[""disruption_candidate""]",kompas_regional,validation,1,Beras Medium di Jember Langka Namun SPHP Tak Diminati Regional 14 Agustus 2025,https://surabaya.kompas.com/read/2025/08/14/075127478/beras-medium-di-jember-langka-namun-sphp-tak-diminati
ann_d830ca1f3a6f,2491,False,"[""broad_food"", ""fish"", ""rice""]","[""PestDiseaseEvent""]","[""ponorogo""]","[""CrisisPreparednessAction"", ""DistributionIntervention""]",False,candidate_unverified,copy_5cc170101d3e,2022-03-25,14:40,beritajatim,"[""disruption_candidate"", ""response_query""]",beritajatim,train,1,Dispertahankan Ponorogo Ingatkan Potensi Migrasi Hama Wereng,https://beritajatim.com/dispertahankan-ponorogo-ingatkan-potensi-migrasi-hama-wereng
ann_d8484dceef75,1781,False,[],"[""DisasterEvent"", ""WeatherDisruption""]","[""pasuruan""]",[],False,candidate_unverified,copy_480cf3f71439,2023-03-29,17:06,kompas,"[""disruption_candidate""]",kompas_regional,train,1,"Terdampak Longsor, Jalur Penghubung Kecamatan di Pasuruan Ditutup untuk Kendaraan Roda Empat Regional 29 Maret 2023",https://surabaya.kompas.com/read/2023/03/29/170601178/terdampak-longsor-jalur-penghubung-kecamatan-di-pasuruan-ditutup-untuk
ann_d8552ec13f0f,2117,False,[],"[""DisasterEvent""]","[""pacitan""]",[],False,candidate_unverified,copy_8dd460f54f72,2026-02-06,11:17,kompas,"[""disruption_candidate""]",kompas_regional,test,1,"Imbas Gempa, 5 Rumah Rusak dan 1 Warga Meninggal Diduga Karena Syok di Pacitan Regional 6 Februari 2026",https://surabaya.kompas.com/read/2026/02/06/111717178/imbas-gempa-5-rumah-rusak-dan-1-warga-meninggal-diduga-karena-syok-di
ann_d8bd4a53b36e,2745,False,"[""broad_food"", ""rice""]","[""WeatherDisruption""]","[""blitar"", ""malang"", ""surabaya"", ""tulungagung""]","[""DistributionIntervention"", ""MarketOperationAction"", ""OtherResponseAction""]",False,candidate_unverified,copy_f5e2812ce4d9,2025-09-20,09:52,beritajatim,"[""disruption_candidate"", ""response_query""]",beritajatim,validation,1,Fraksi PDIP Desak Bulog dan Disperindag Kendalikan Lonjakan Harga Beras di Jatim,https://beritajatim.com/fraksi-pdip-desak-bulog-dan-disperindag-kendalikan-lonjakan-harga-beras-di-jatim
ann_d8e1646f140e,2209,True,"[""broad_food""]","[""DisasterEvent""]","[""banyuwangi""]","[""CrisisPreparednessAction""]",False,candidate_unverified,copy_b2a656910fa1,2022-10-17,10:33,kompas,"[""response_query""]",kompas_regional,train,1,Bupati Banyuwangi Klaim Stok Makanan untuk Korban Longsor di Desa Sarongan Aman Regional 17 Oktober 2022,https://regional.kompas.com/read/2022/10/17/103318678/bupati-banyuwangi-klaim-stok-makanan-untuk-korban-longsor-di-desa-sarongan
ann_d96f6349844a,2369,True,"[""rice""]","[""WeatherDisruption""]",[],"[""CrisisPreparednessAction"", ""ProcurementAction""]",False,candidate_unverified,copy_a5a720dea4e4,2024-06-11,,kontan,"[""disruption_candidate"", ""response_query""]",kontan,train,0,"Antisipasi Kemarau, Pengadaan Pompa Air untuk Sawah Rampung Sebelum Agustus",https://nasional.kontan.co.id/news/antisipasi-kemarau-pengadaan-pompa-air-untuk-sawah-rampung-sebelum-agustus
ann_d982cc0cda9a,2435,False,"[""broad_food"", ""chili""]","[""DisasterEvent""]","[""jember""]","[""DistributionIntervention""]",False,candidate_unverified,copy_cb433d3de35e,2026-03-04,05:43,kompas,"[""disruption_candidate"", ""response_query""]",kompas_regional,test,1,"2 Desa di Jember Kebanjiran dan 1 Desa Alami Longsor, Hujan Berjam-jam Picu 4 Sungai Meluap Regional 4 Maret 2026",https://surabaya.kompas.com/read/2026/03/04/054353078/2-desa-di-jember-kebanjiran-dan-1-desa-alami-longsor-hujan-berjam-jam-picu
ann_d99d7853d00c,2599,True,[],"[""DisasterEvent"", ""WeatherDisruption""]","[""surabaya""]","[""CrisisPreparednessAction""]",False,candidate_unverified,copy_9266f689ed7e,2026-03-22,18:36,beritajatim,"[""disruption_candidate""]",beritajatim,test,1,Polda Jatim Antisipasi Kepadatan dan Bencana di 105 Titik Wisata Selama Libur Lebaran 2026,https://beritajatim.com/polda-jatim-antisipasi-kepadatan-dan-bencana-di-105-titik-wisata-selama-libur-lebaran-2026
ann_d9aa9dc33b6c,1871,False,"[""broad_food"", ""chicken_eggs"", ""cooking_oil"", ""rice"", ""sugar""]","[""DisasterEvent""]","[""gresik""]",[],False,candidate_unverified,copy_c7c1ae0c5df1,2025-12-10,11:38,beritajatim,"[""disruption_candidate""]",beritajatim,validation,1,Pupuk Indonesia dan Petrokimia Gresik Kolaborasi Bantu Korban Bencana Sumatera,https://beritajatim.com/pupuk-indonesia-dan-petrokimia-gresik-kolaborasi-bantu-korban-bencana-sumatera
ann_d9ea755edf07,2199,True,[],"[""DisasterEvent"", ""WeatherDisruption""]","[""bangkalan"", ""banyuwangi"", ""blitar"", ""bojonegoro"", ""bondowoso"", ""gresik"", ""jember"", ""jombang"", ""kediri"", ""lamongan"", ""lumajang"", ""madiun"", ""magetan"", ""malang"", ""mojokerto"", ""nganjuk"", ""ngawi"", ""pacitan"", ""pamekasan"", ""pasuruan"", ""ponorogo"", ""probolinggo"", ""sampang"", ""sidoarjo"", ""situbondo"", ""sumenep"", ""surabaya"", ""trenggalek"", ""tuban"", ""tulungagung""]",[],False,candidate_unverified,copy_00140e493156,2022-10-25,12:04,beritajatim,"[""disruption_candidate""]",beritajatim,train,1,"Cuaca Ekstrem Sepekan ke Depan, Wawali Armuji Imbau Warga Surabaya Waspada",https://beritajatim.com/cuaca-ekstrem-sepekan-ke-depan-wawali-armuji-imbau-warga-surabaya-waspada
ann_da416a81fc45,2979,False,[],"[""DisasterEvent""]","[""mojokerto""]","[""CrisisPreparednessAction""]",False,candidate_unverified,copy_70b94bd43f1d,2023-10-13,14:15,beritajatim,"[""response_query""]",beritajatim,train,1,Pabrik Tisu Mojokerto Terbakar saat Kejar Target Ekspor 80 Negara,https://beritajatim.com/pabrik-tisu-mojokerto-terbakar-saat-kejar-target-ekspor-80-negara
ann_da61e6ff9282,965,True,[],"[""DisasterEvent""]","[""kediri""]","[""CrisisPreparednessAction""]",False,candidate_unverified,copy_f71ece9458e3,2022-06-27,19:58,kompas,"[""response_query""]",kompas_regional,train,1,"Kebakaran di Mapolres Kediri Kota, Titik Api Berasal dari Gudang Logistik Samapta Regional 27 Juni 2022",https://surabaya.kompas.com/read/2022/06/27/195819778/kebakaran-di-mapolres-kediri-kota-titik-api-berasal-dari-gudang-logistik
ann_da9e6d8b1f1f,1194,False,"[""chili""]","[""WeatherDisruption""]","[""malang""]",[],False,candidate_unverified,copy_21977aaf2a81,2023-03-06,14:23,beritajatim,"[""disruption_candidate""]",beritajatim,train,1,Petani Cabai Malang Barat Diperkirakan Hasil Panen Capai 6500 Ton,https://beritajatim.com/petani-cabai-malang-barat-diperkirakan-hasil-panen-capai-6500-ton
ann_daa3de585b6b,1187,False,[],"[""DisasterEvent""]","[""lumajang"", ""malang""]",[],False,candidate_unverified,copy_b44007fce7f4,2021-04-10,,kontan,"[""disruption_candidate""]",kontan,train,0,"Dampak gempa Malang, rumah warga di Lumajang rusak",https://regional.kontan.co.id/news/dampak-gempa-malang-rumah-warga-di-lumajang-rusak
ann_daabd86b28b8,2008,False,"[""broad_food"", ""cooking_oil"", ""rice"", ""sugar""]","[""SupplyShortage"", ""WeatherDisruption""]","[""sumenep"", ""surabaya""]","[""DistributionIntervention""]",False,candidate_unverified,copy_93823908d5cb,2023-03-01,13:34,kompas,"[""disruption_candidate""]",kompas_regional,train,1,KRI Malahayati Kirim Bantuan Bahan Pokok ke Pulau Masalembu yang Terisolasi karena Cuaca Ekstrem Regional 1 Maret 2023,https://surabaya.kompas.com/read/2023/03/01/133430078/kri-malahayati-kirim-bantuan-bahan-pokok-ke-pulau-masalembu-yang-terisolasi
ann_daaf0d8f6740,1921,False,[],"[""DisasterEvent"", ""WeatherDisruption""]","[""pasuruan""]",[],False,candidate_unverified,copy_88516b424053,2026-02-04,12:51,kompas,"[""disruption_candidate""]",kompas_regional,test,1,Pemkab Pasuruan Aktifkan Shelter di 3 Kecamatan Rawan Banjir: Respons Bakal Lebih Cepat Regional 4 Februari 2026,https://surabaya.kompas.com/read/2026/02/04/125131478/pemkab-pasuruan-aktifkan-shelter-di-3-kecamatan-rawan-banjir-respons-bakal
ann_dab3de24797b,1725,False,"[""broad_food"", ""cooking_oil"", ""rice"", ""sugar""]","[""WeatherDisruption""]","[""gresik"", ""surabaya""]","[""CrisisPreparednessAction"", ""MarketOperationAction""]",False,candidate_unverified,copy_78bec825d0cc,2023-08-13,14:09,beritajatim,"[""disruption_candidate""]",beritajatim,train,1,Ribuan Paket Sembako Pasar Murah BUMN Diserbu Warga Surabaya,https://beritajatim.com/ribuan-paket-sembako-pasar-murah-bumn-diserbu-warga-surabaya
ann_dae284dfdbe3,3534,False,"[""fish""]","[""DisasterEvent""]","[""jombang"", ""mojokerto""]",[],False,candidate_unverified,copy_6b0c0ec31ef0,2024-12-10,20:19,beritajatim,"[""disruption_candidate""]",beritajatim,train,1,"Turun Langsung ke Lokasi, Khofifah Beri Solusi Atasi Banjir Jombok Jombang",https://beritajatim.com/turun-langsung-ke-lokasi-khofifah-beri-solusi-atasi-banjir-jombok-jombang
ann_dae339a6a968,1978,False,[],"[""DisasterEvent""]","[""jombang"", ""kediri"", ""sidoarjo""]","[""CrisisPreparednessAction""]",False,candidate_unverified,copy_41a33bc92200,2025-05-26,14:56,beritajatim,"[""disruption_candidate""]",beritajatim,validation,1,Helikopter Direksi PT Gudang Garam Mendarat Darurat di Jombang Akibat Cuaca Buruk,https://beritajatim.com/helikopter-direksi-pt-gudang-garam-mendarat-darurat-di-jombang-akibat-cuaca-buruk
ann_dae7a0e76a19,1756,False,"[""rice""]","[""WeatherDisruption""]","[""sampang""]",[],False,candidate_unverified,copy_a95b1a488786,2023-02-27,21:26,beritajatim,"[""disruption_candidate""]",beritajatim,train,1,Hasil Panen Padi di Sampang Kurang Maksimal,https://beritajatim.com/hasil-panen-padi-di-sampang-kurang-maksimal
ann_daf69ca6197f,3432,False,"[""fish"", ""rice""]","[""ProductionDisruption"", ""WeatherDisruption""]","[""lamongan""]","[""CrisisPreparednessAction""]",False,candidate_unverified,copy_2622318b8be0,2026-04-06,15:46,kompas,"[""disruption_candidate""]",kompas_regional,test,1,"Waspada Kemarau Panjang di Lamongan, Bupati Yuhronur Siapkan Cadangan Air Waduk Regional 6 April 2026",https://surabaya.kompas.com/read/2026/04/06/154621378/waspada-kemarau-panjang-di-lamongan-bupati-yuhronur-siapkan-cadangan-air
ann_db0ec0c23231,2118,False,"[""broad_food"", ""rice""]","[""WeatherDisruption""]","[""sidoarjo"", ""surabaya""]","[""ProcurementAction"", ""ReserveRelease""]",False,candidate_unverified,copy_a6472b169a58,2026-04-20,01:38,beritajatim,"[""disruption_candidate"", ""response_query""]",beritajatim,test,1,"Mentan Amran Tinjau Gudang Bulog Sidoarjo, Stok Beras Nasional Capai Rekor 4,9 Juta Ton",https://beritajatim.com/mentan-amran-tinjau-gudang-bulog-sidoarjo-stok-beras-nasional-capai-rekor-49-juta-ton
ann_db2025b2c8a8,2529,False,[],"[""DisasterEvent""]","[""pacitan"", ""ponorogo""]",[],False,candidate_unverified,copy_94ae6f5aab87,2026-04-15,13:37,beritajatim,"[""disruption_candidate""]",beritajatim,test,1,Hujan Deras Picu 9 Titik Longsor di Jalur Ponorogo–Pacitan,https://beritajatim.com/hujan-deras-picu-9-titik-longsor-di-jalur-ponorogo-pacitan
ann_db39da502698,4942,False,"[""beef""]","[""PestDiseaseEvent""]","[""banyuwangi"", ""blitar"", ""gresik"", ""kediri"", ""lumajang"", ""mojokerto"", ""nganjuk"", ""ngawi"", ""pacitan"", ""pamekasan"", ""ponorogo"", ""probolinggo"", ""sampang"", ""sidoarjo"", ""situbondo"", ""sumenep"", ""surabaya"", ""trenggalek"", ""tulungagung""]",[],False,candidate_unverified,copy_9c4a98e577d2,2022-05-25,18:12,beritajatim,"[""disruption_candidate""]",beritajatim,train,1,Khofifah: 15 Daerah di Jatim Zona Hijau PMK dan Tetap Suplai Daging Sapi,https://beritajatim.com/khofifah-15-daerah-di-jatim-zona-hijau-pmk-dan-tetap-suplai-daging-sapi
ann_db88bb73e62b,2203,True,"[""broad_food""]","[""DisasterEvent""]","[""jember""]","[""CrisisPreparednessAction"", ""DistributionIntervention"", ""FoodAssistance""]",False,candidate_unverified,copy_cdd55cfc895c,2026-02-10,18:53,kompas,"[""disruption_candidate"", ""response_query""]",kompas_regional,test,1,"5 Hari Banjir di Jember Tak Kunjung Surut, 90 Warga Terdampak Regional 10 Februari 2026",https://surabaya.kompas.com/read/2026/02/10/185310078/5-hari-banjir-di-jember-tak-kunjung-surut-90-warga-terdampak
ann_db8cade17902,4158,False,"[""beef"", ""broad_food"", ""corn"", ""rice"", ""soybean"", ""sugar"", ""wheat""]","[""SupplyShortage""]","[""ngawi"", ""surabaya"", ""tuban""]","[""ImportExportAction"", ""ProcurementAction""]",False,candidate_unverified,copy_ea8b94f2c9b2,2024-05-02,14:12,beritajatim,"[""disruption_candidate""]",beritajatim,train,1,"Anggota Wantimpres RI, Soekarwo Penggerak Ketahanan Pangan",https://beritajatim.com/anggota-wantimpres-ri-soekarwo-penggerak-ketahanan-pangan
ann_db986f693c25,1397,False,"[""broad_food"", ""rice""]","[""WeatherDisruption""]","[""malang""]","[""FoodAssistance"", ""ReserveRelease""]",False,candidate_unverified,copy_cfdec54dddeb,2023-12-14,,kontan,"[""disruption_candidate"", ""response_query""]",kontan,train,0,"Presiden Jokowi: Jika APBN Cukup, Bantuan Pangan CBP Akan Dilanjutkan",https://nasional.kontan.co.id/news/presiden-jokowi-jika-apbn-cukup-bantuan-pangan-cbp-akan-dilanjutkan
ann_dbb144556714,1154,False,[],"[""DisasterEvent""]","[""trenggalek""]",[],False,candidate_unverified,copy_e58bcd255fe3,2022-01-01,22:13,detik,"[""disruption_candidate""]",detik_news,train,1,"Sehari, Longsor Terjadi di 7 Titik hingga Banjir Terjang 4 Desa Trenggalek",https://news.detik.com/berita-jawa-timur/d-5880318/sehari-longsor-terjadi-di-7-titik-hingga-banjir-terjang-4-desa-trenggalek
ann_dc16d70eef4f,3125,False,[],"[""DisasterEvent""]","[""banyuwangi"", ""bondowoso"", ""jember""]",[],False,candidate_unverified,copy_39b8fe67a099,2024-12-25,,kontan,"[""disruption_candidate""]",kontan,train,0,Abu Vulkanik Erupsi Gunung Raung Tak Ganggu Operasional Bandara Banyuwangi,https://regional.kontan.co.id/news/abu-vulkanik-erupsi-gunung-raung-tak-ganggu-operasional-bandara-banyuwangi
ann_dc356a441e57,2193,False,"[""rice""]","[""WeatherDisruption""]","[""banyuwangi""]",[],False,candidate_unverified,copy_14ce573b2f86,2023-10-03,21:06,kompas,"[""disruption_candidate""]",kompas_regional,train,1,"Kemarau Panjang, Pemkab Banyuwangi Minta Petani Hemat Air dan Lapor jika Kekurangan Regional 3 Oktober 2023",https://surabaya.kompas.com/read/2023/10/03/210639978/kemarau-panjang-pemkab-banyuwangi-minta-petani-hemat-air-dan-lapor-jika
ann_dc5548aeed2b,2131,False,"[""broad_food"", ""rice""]","[""WeatherDisruption""]","[""malang""]","[""DistributionIntervention"", ""FoodAssistance"", ""OtherResponseAction"", ""ProductionAssistance"", ""ReserveRelease""]",False,candidate_unverified,copy_3878b226876d,2023-12-15,21:00,detik,"[""disruption_candidate"", ""response_query""]",detik_finance,train,1,"Pemerintah Sudah Habiskan Rp 1.060 T buat Bansos-Subsidi, Ini Rinciannya",https://finance.detik.com/berita-ekonomi-bisnis/d-7092179/pemerintah-sudah-habiskan-rp-1-060-t-buat-bansos-subsidi-ini-rinciannya
ann_dc5f6ed4fac6,1413,False,"[""broad_food"", ""rice""]","[""DisasterEvent""]","[""surabaya""]","[""ReserveRelease""]",False,candidate_unverified,copy_b0eff7e8c3d9,2023-02-18,18:36,detik,"[""disruption_candidate"", ""response_query""]",detik_finance,train,1,Jokowi Buka Suara Jelaskan Alasan Harus Impor Beras,https://finance.detik.com/berita-ekonomi-bisnis/d-6576180/jokowi-buka-suara-jelaskan-alasan-harus-impor-beras
ann_dc6870baace5,2271,False,"[""broad_food"", ""chicken_eggs"", ""chili"", ""cooking_oil"", ""garlic"", ""shallot""]","[""SupplyShortage""]","[""blitar"", ""kediri"", ""nganjuk"", ""probolinggo""]",[],False,candidate_unverified,copy_a9eaf8d07b43,2022-08-07,,kontan,"[""disruption_candidate""]",kontan,train,0,Pedagang: Harga Kebutuhan Pokok Sudah Mulai Turun Tapi Belum Normal,https://regional.kontan.co.id/news/pedagang-harga-kebutuhan-pokuk-sudah-mulai-turun-tapi-belum-normal
ann_dc6c83e6b654,1506,False,"[""chicken_meat""]","[""DisasterEvent""]","[""madiun""]",[],False,candidate_unverified,copy_4d2ea53ffe8f,2021-04-01,23:58,detik,"[""disruption_candidate""]",detik_news,train,1,"Banjir Bandang Terjang Madiun, Akibatkan Longsor Hingga Jembatan Roboh",https://news.detik.com/berita-jawa-timur/d-5517390/banjir-bandang-terjang-madiun-akibatkan-longsor-hingga-jembatan-roboh
ann_dc701d9ceb31,1426,False,[],"[""DisasterEvent""]","[""blitar""]","[""DistributionIntervention""]",False,candidate_unverified,copy_bf028a54bf1c,2021-05-22,,kontan,"[""disruption_candidate"", ""response_query""]",kontan,train,0,Pertamina pastikan pasokan BBM dan LPG aman di jawa Timur pasca gempa,https://newssetup.kontan.co.id/news/pertamina-pastikan-pasokan-bbm-dan-lpg-aman-di-jawa-timur-pasca-gempa
ann_dcb472da5363,1941,False,[],"[""DisasterEvent""]","[""malang""]",[],False,candidate_unverified,copy_fd24e50e113b,2024-11-28,23:41,kompas,"[""disruption_candidate""]",kompas_regional,train,1,"Banjir di Kabupaten Malang, Puluhan Rumah Terendam Air Regional 28 November 2024",https://surabaya.kompas.com/read/2024/11/28/234126878/banjir-di-kabupaten-malang-puluhan-rumah-terendam-air
ann_dcd9907b7c92,1272,False,[],"[""DisasterEvent"", ""WeatherDisruption""]","[""lamongan""]",[],False,candidate_unverified,copy_b3b9a87b1c51,2021-10-25,12:08,kompas,"[""disruption_candidate""]",kompas_regional,train,1,Bupati Lamongan Cek Kesiapan Hadapi Bencana Hidrometeorologi hingga La Nina Regional 25 Oktober 2021,https://regional.kompas.com/read/2021/10/25/120803178/bupati-lamongan-cek-kesiapan-hadapi-bencana-hidrometeorologi-hingga-la-nina
ann_dcdfa97607f7,1880,False,"[""broad_food"", ""cooking_oil"", ""rice"", ""sugar""]","[""DisasterEvent""]","[""kediri"", ""madiun"", ""nganjuk""]",[],False,candidate_unverified,copy_1a5be884d21f,2021-02-17,16:47,beritajatim,"[""disruption_candidate""]",beritajatim,train,1,IPEBI dan BMPD Serahkan Bantuan untuk Korban Bencana di Nganjuk,https://beritajatim.com/ipebi-dan-bmpd-serahkan-bantuan-untuk-korban-bencana-di-nganjuk
ann_dcf4514ef0b2,2821,False,[],"[""DisasterEvent""]","[""blitar"", ""malang""]",[],False,candidate_unverified,copy_483f28e844a7,2021-05-21,22:22,beritajatim,"[""disruption_candidate""]",beritajatim,train,1,"Dampak Gempa Bumi 6,2 SR Bikin Warga Trauma, BPBD Malang: 27 Rumah Rusak",https://beritajatim.com/dampak-gempa-bumi-62-sr-bikin-warga-trauma-bpbd-malang-27-rumah-rusak
ann_dcfd92cd3d19,3346,False,"[""corn"", ""rice"", ""sugar""]","[""PestDiseaseEvent""]","[""madiun""]","[""DistributionIntervention""]",False,candidate_unverified,copy_f1cb6c802ad6,2021-08-22,,kontan,"[""disruption_candidate"", ""response_query""]",kontan,train,0,BNI dukung petani porang dengan menyalurkan KUR,https://keuangan.kontan.co.id/news/bni-dukung-petani-porang-dengan-menyalurkan-kur
ann_dd246b19d6d5,2813,False,"[""rice""]","[""PestDiseaseEvent"", ""ProductionDisruption""]","[""banyuwangi""]",[],False,candidate_unverified,copy_2d765fb3affd,2025-06-03,08:59,beritajatim,"[""disruption_candidate""]",beritajatim,validation,1,"Tekan Merebaknya Hama Tikus, Pemkab Banyuwangi Sebar Ratusan Burung Hantu",https://beritajatim.com/tekan-merebaknya-hama-tikus-pemkab-banyuwangi-sebar-ratusan-burung-hantu
ann_dd336e35413b,1756,False,[],"[""DisasterEvent""]","[""magetan"", ""mojokerto"", ""pasuruan"", ""probolinggo"", ""sidoarjo"", ""surabaya""]",[],False,candidate_unverified,copy_368a18ea0af1,2023-11-03,10:55,kompas,"[""disruption_candidate""]",kompas_regional,train,1,Kebakaran Gunung Penanggungan Mojokerto Hanguskan 45 Hektar Lahan Regional 3 November 2023,https://surabaya.kompas.com/read/2023/11/03/105545478/kebakaran-gunung-penanggungan-mojokerto-hanguskan-45-hektar-lahan
ann_dd511b940db9,1569,False,"[""rice""]","[""DisasterEvent"", ""WeatherDisruption""]","[""pacitan"", ""ponorogo""]","[""DistributionIntervention""]",False,candidate_unverified,copy_99d4f98747aa,2021-11-20,18:55,kompas,"[""disruption_candidate""]",kompas_regional,train,1,"Longsor di Ponorogo, Jalan Penghubung 2 Desa Tertimbun Tanah, Puluhan Warga Diungsikan Regional 20 November 2021",https://regional.kompas.com/read/2021/11/20/185505978/longsor-di-ponorogo-jalan-penghubung-2-desa-tertimbun-tanah-puluhan-warga
ann_dda4a8a40446,2002,False,"[""broad_food"", ""corn"", ""rice"", ""sugar""]","[""DisasterEvent""]","[""mojokerto"", ""nganjuk""]",[],False,candidate_unverified,copy_76a3de7b1a52,2022-03-14,15:48,beritajatim,"[""disruption_candidate""]",beritajatim,train,1,"Dam Nganjuk Ambrol Banjir Rendam 2 Desa, Pemkab Mojokerto Lakukan Koordinasi",https://beritajatim.com/dam-nganjuk-ambrol-banjir-rendam-2-desa-pemkab-mojokerto-lakukan-koordinasi
ann_ddf1b77152b6,1169,False,"[""sugar""]","[""DisasterEvent""]","[""kediri""]",[],False,candidate_unverified,copy_99dbf5203932,2021-11-16,10:16,beritajatim,"[""disruption_candidate""]",beritajatim,train,1,Gudang PG Lestari di Mranggen Kediri Terbakar,https://beritajatim.com/gudang-pg-lestari-di-mranggen-kediri-terbakar
ann_de5220310ffd,2194,False,"[""broad_food"", ""rice""]","[""WeatherDisruption""]","[""surabaya""]","[""ReserveRelease""]",False,candidate_unverified,copy_5a2773b0d380,2026-04-19,20:26,detik,"[""disruption_candidate"", ""response_query""]",detik_finance,test,1,"Mentan Kunjungi Gudang di Jatim, Dirut BULOG Pastikan Stok Pangan Aman",https://finance.detik.com/berita-ekonomi-bisnis/d-8451718/mentan-kunjungi-gudang-di-jatim-dirut-bulog-pastikan-stok-pangan-aman
ann_de572b9cde8d,2776,False,"[""corn"", ""rice""]","[""PestDiseaseEvent"", ""ProductionDisruption""]","[""probolinggo"", ""situbondo""]",[],False,candidate_unverified,copy_a5c9c4ae90fb,2023-11-01,17:30,kompas,"[""disruption_candidate""]",kompas_regional,train,1,"Sensor Gerak Amankan 4,5 Hektar Sawah dari Serangan Babi Hutan di Probolinggo Regional 1 November 2023",https://surabaya.kompas.com/read/2023/11/01/173002178/sensor-gerak-amankan-45-hektar-sawah-dari-serangan-babi-hutan-di
ann_de7f9e5213f9,1331,False,"[""broad_food""]","[""DisasterEvent""]","[""lumajang"", ""malang""]",[],False,candidate_unverified,copy_008cfebf7e0a,2021-12-07,15:46,kompas,"[""disruption_candidate""]",kompas_nasional,train,1,Pesawat C-130 Hercules TNI AU Kirim 12 Ton Bansos untuk Warga Terdampak Erupsi Semeru News 7 Desember 2021,https://nasional.kompas.com/read/2021/12/07/15465891/pesawat-c-130-hercules-tni-au-kirim-12-ton-bansos-untuk-warga-terdampak
ann_de9cd1b1e08a,1930,False,[],"[""DisasterEvent""]","[""jember""]","[""CrisisPreparednessAction"", ""DistributionIntervention""]",False,candidate_unverified,copy_cdce18e0a1bf,2026-02-14,20:19,kompas,"[""disruption_candidate"", ""response_query""]",kompas_regional,test,1,"Pasca-banjir di Jember, Warga Alami Krisis Air Bersih karena Sumur Tercemar Regional 14 Februari 2026",https://surabaya.kompas.com/read/2026/02/14/201941078/pasca-banjir-di-jember-warga-alami-krisis-air-bersih-karena-sumur-tercemar
ann_df1ea623a747,1823,False,[],"[""DisasterEvent"", ""WeatherDisruption""]","[""jombang"", ""mojokerto""]",[],False,candidate_unverified,copy_63c5647a776d,2021-01-14,06:54,kompas,"[""disruption_candidate""]",kompas_regional,train,1,"Desa di Jombang Sudah 13 Hari Terendam Banjir, Ini Penyebab Air Tak Kunjung Surut News 14 Januari 2021",https://regional.kompas.com/read/2021/01/14/06544341/desa-di-jombang-sudah-13-hari-terendam-banjir-ini-penyebab-air-tak-kunjung
ann_df4378229a3b,3392,False,"[""broad_food"", ""corn"", ""rice""]","[""WeatherDisruption""]","[""gresik"", ""tuban""]","[""OtherResponseAction""]",False,candidate_unverified,copy_d672fd9bbd7f,2023-11-23,18:30,detik,"[""disruption_candidate"", ""response_query""]",detik_finance,train,1,Mentan Dorong Penyuluh-Petani di Jatim Tingkatkan Produksi Padi & Jagung,https://finance.detik.com/berita-ekonomi-bisnis/d-7053120/mentan-dorong-penyuluh-petani-di-jatim-tingkatkan-produksi-padi-jagung
ann_df4e413cc8b0,1435,False,[],"[""DisasterEvent""]","[""malang"", ""surabaya""]",[],False,candidate_unverified,copy_7bf567b50e8b,2021-02-21,23:37,detik,"[""disruption_candidate""]",detik_news,train,1,"Bekasi Banjir, KAI Daop 8 Surabaya Batalkan Perjalanan 6 KA Jurusan Jakarta",https://news.detik.com/berita-jawa-timur/d-5396531/bekasi-banjir-kai-daop-8-surabaya-batalkan-perjalanan-6-ka-jurusan-jakarta
ann_dfa9e5da333f,2029,False,[],"[""DisasterEvent""]","[""mojokerto"", ""sidoarjo""]",[],False,candidate_unverified,copy_2b2cbd575675,2025-04-04,15:38,beritajatim,"[""disruption_candidate""]",beritajatim,validation,1,Ini Daftar 10 Korban Longsor di Jalur Mojokerto-Batu,https://beritajatim.com/ini-daftar-10-korban-longsor-di-jalur-mojokerto-batu
ann_dfaca039f50d,2728,False,[],"[""DisasterEvent""]","[""jombang""]",[],False,candidate_unverified,copy_eadf06770f81,2024-12-12,13:06,kompas,"[""disruption_candidate""]",kompas_regional,train,1,"Hampir Sepekan, Banjir di Jombang Tak Kunjung Surut, Apa Sebabnya? Regional 12 Desember 2024",https://surabaya.kompas.com/read/2024/12/12/130611978/hampir-sepekan-banjir-di-jombang-tak-kunjung-surut-apa-sebabnya
ann_dfc3ac14d39d,1502,False,[],"[""DisasterEvent""]","[""jombang"", ""kediri""]",[],False,candidate_unverified,copy_845ef4d7d3be,2023-06-06,18:06,kompas,"[""disruption_candidate""]",kompas_regional,train,1,Gudang Barang Berbahan Plastik di Jombang Ludes Terbakar Regional 6 Juni 2023,https://surabaya.kompas.com/read/2023/06/06/180600178/gudang-barang-berbahan-plastik-di-jombang-ludes-terbakar
ann_dfcdafb56235,2272,False,"[""rice""]","[""ProductionDisruption""]","[""banyuwangi""]",[],False,candidate_unverified,copy_2dca3f2f7a89,2023-09-24,23:20,kompas,"[""disruption_candidate""]",kompas_regional,train,1,"Kemarau Panjang, Masyarakat Lintas Agama di Banyuwangi Gelar Doa Bersama Meminta Hujan Regional 24 September 2023",https://surabaya.kompas.com/read/2023/09/24/232009378/kemarau-panjang-masyarakat-lintas-agama-di-banyuwangi-gelar-doa-bersama
ann_e0054bc5930b,3226,False,[],"[""SupplyShortage""]","[""malang""]","[""DistributionIntervention"", ""InspectionEnforcement"", ""OtherResponseAction""]",False,candidate_unverified,copy_187a19e7e133,2021-10-20,,kontan,"[""response_query""]",kontan,train,0,"Solar langka, apakah Indonesia krisis energi? Ini penjelasan Pertamina",https://nasional.kontan.co.id/news/solar-langka-apakah-indonesia-krisis-energi-ini-penjelasan-pertamina
ann_e00a0d6fda2e,2975,False,"[""broad_food"", ""corn"", ""rice""]","[""PestDiseaseEvent"", ""ProductionDisruption""]","[""banyuwangi"", ""gresik"", ""jember"", ""madiun"", ""magetan"", ""ponorogo"", ""tuban""]","[""OtherResponseAction""]",False,candidate_unverified,copy_df428c8ac161,2021-04-09,,kontan,"[""disruption_candidate""]",kontan,train,0,Program Agro Solution Pupuk Indonesia raih penghargaan inovasi terbaik,https://industri.kontan.co.id/news/program-agro-solution-pupuk-indonesia-raih-penghargaan-inovasi-terbaik
ann_e00d1c046b8f,1412,False,[],"[""DisasterEvent""]","[""bondowoso""]",[],False,candidate_unverified,copy_3de04f25604e,2025-06-13,08:56,kompas,"[""disruption_candidate""]",kompas_regional,validation,1,"Gempa M 3,6 Guncang Bondowoso, Kagetkan Warga yang Tertidur Pulas Regional 13 Juni 2025",https://surabaya.kompas.com/read/2025/06/13/085652578/gempa-m-36-guncang-bondowoso-kagetkan-warga-yang-tertidur-pulas
ann_e050330106b1,2492,False,"[""broad_food""]","[""DisasterEvent""]","[""sidoarjo""]",[],False,candidate_unverified,copy_7a148e8e4772,2025-12-11,22:59,beritajatim,"[""disruption_candidate""]",beritajatim,validation,1,"Wabup Sidoarjo Tinjau Rumah Rusak Diterjang Angin Kencang, Pastikan Perbaikan Cepat untuk Warga",https://beritajatim.com/wabup-sidoarjo-tinjau-rumah-rusak-diterjang-angin-kencang-pastikan-perbaikan-cepat-untuk-warga
ann_e0ddb7e0f034,1955,False,"[""chili""]","[""DisasterEvent"", ""WeatherDisruption""]","[""pamekasan""]",[],False,candidate_unverified,copy_91ad240bb5b4,2025-10-15,10:02,beritajatim,"[""disruption_candidate""]",beritajatim,validation,1,Legislator Pamekasan Apresiasi Gerak Cepat Pemerintah Tangani Korban Cuaca Ekstrem,https://beritajatim.com/legislator-pamekasan-apresiasi-gerak-cepat-pemerintah-tangani-korban-cuaca-ekstrem
ann_e0e94514a17a,2895,False,[],"[""DisasterEvent""]","[""sidoarjo""]","[""DistributionIntervention"", ""InspectionEnforcement""]",False,candidate_unverified,copy_b68626629c8e,2026-01-10,10:19,beritajatim,"[""response_query""]",beritajatim,test,1,DPC PDI Perjuangan Sidoarjo Berangkatkan Tenaga Medis ke Banjir Sumatera hingga Berbagi Makanan di Porong,https://beritajatim.com/dpc-pdi-perjuangan-sidoarjo-berangkatkan-tenaga-medis-ke-banjir-sumatera-hingga-berbagi-makanan-di-porong
ann_e11e0af8160b,3405,True,[],"[""DisasterEvent""]","[""bojonegoro"", ""gresik"", ""lamongan"", ""pamekasan"", ""surabaya"", ""tuban""]",[],False,candidate_unverified,copy_c1b95dab190e,2024-03-25,,kontan,"[""disruption_candidate""]",kontan,train,0,"Akibat Gempa Magnitudo 6,5 Lebih dari 700 Rumah Warga di Jawa Timur Rusak Berat",https://regional.kontan.co.id/news/akibat-gempa-magnitudo-65-lebih-dari-700-rumah-warga-di-jawa-timur-rusak-berat
ann_e13533b1016a,2564,False,"[""broad_food""]","[""DisasterEvent""]","[""surabaya""]","[""DistributionIntervention"", ""FoodAssistance""]",False,candidate_unverified,copy_fd7bf673dfd8,2025-12-13,12:30,beritajatim,"[""disruption_candidate""]",beritajatim,validation,1,Relawan Unesa Salurkan Logistik dan Layanan Kesehatan untuk Korban Banjir di Aceh,https://beritajatim.com/relawan-unesa-salurkan-logistik-dan-layanan-kesehatan-untuk-korban-banjir-di-aceh
ann_e1578ee85a04,2566,False,[],"[""DisasterEvent"", ""WeatherDisruption""]","[""bojonegoro"", ""madiun""]",[],False,candidate_unverified,copy_27c4ef4a3da6,2025-12-11,15:40,kompas,"[""disruption_candidate""]",kompas_regional,validation,1,52 KK Warga Madiun Akan Direlokasi karena Jadi Langganan Banjir Tiap Tahun Regional 11 Desember 2025,https://surabaya.kompas.com/read/2025/12/11/154006278/52-kk-warga-madiun-akan-direlokasi-karena-jadi-langganan-banjir-tiap-tahun
ann_e17a9c60f11b,3292,False,"[""fish"", ""rice""]","[""DisasterEvent"", ""ProductionDisruption""]","[""gresik""]",[],False,candidate_unverified,copy_2c13d3a71a73,2025-05-28,20:11,beritajatim,"[""disruption_candidate""]",beritajatim,validation,1,Petani Gresik Terdampak Puso Mendapat Bantuan,https://beritajatim.com/petani-gresik-terdampak-puso-mendapat-bantuan
ann_e1af6dc0ce33,608,False,[],"[""DisasterEvent""]","[""blitar""]",[],False,candidate_unverified,copy_80eb1c32d14a,2024-02-15,23:17,detik,"[""disruption_candidate""]",detik_news,train,1,"Gempa M 4,8 Guncang Blitar",https://news.detik.com/berita/d-7195964/gempa-m-4-8-guncang-blitar
ann_e1b317c2fd76,4621,False,"[""broad_food""]","[""DisasterEvent""]","[""kediri""]","[""DistributionIntervention"", ""FoodAssistance"", ""MarketOperationAction""]",False,candidate_unverified,copy_27b14842200c,2026-05-23,22:30,beritajatim,"[""response_query""]",beritajatim,test,1,Mbak Wali Dampingi Gubernur Khofifah Serahkan Bansos serta Tali Asih bagi Pilar Kesejahteraan Sosial Kota Kediri,https://beritajatim.com/mbak-wali-dampingi-gubernur-khofifah-serahkan-bansos-serta-tali-asih-bagi-pilar-kesejahteraan-sosial-kota-kediri
ann_e1d2ac6e258a,1966,False,[],"[""DisasterEvent""]","[""madiun""]","[""DistributionIntervention"", ""FoodAssistance""]",False,candidate_unverified,copy_15511e0f28a0,2025-09-22,13:31,kompas,"[""response_query""]",kompas_regional,validation,1,"Angin Puting Beliung Menerjang 3 Desa di Madiun, 53 Rumah Warga Rusak Regional 22 September 2025",https://surabaya.kompas.com/read/2025/09/22/133112978/angin-puting-beliung-menerjang-3-desa-di-madiun-53-rumah-warga-rusak
ann_e1e58660f94d,2338,False,[],"[""DisasterEvent""]","[""tuban""]","[""CrisisPreparednessAction""]",False,candidate_unverified,copy_36a6f61d487c,2025-10-16,22:48,kompas,"[""response_query""]",kompas_regional,validation,1,Kebakaran Kilang PT TPPI Tuban Dipicu Adanya Kebocoran Pompa Regional 16 Oktober 2025,https://surabaya.kompas.com/read/2025/10/16/224811678/kebakaran-kilang-pt-tppi-tuban-dipicu-adanya-kebocoran-pompa
ann_e1f1361c6b3e,2763,False,[],"[""DisasterEvent""]","[""gresik""]","[""CrisisPreparednessAction"", ""DistributionIntervention""]",False,candidate_unverified,copy_1f9c801e6f25,2022-02-11,17:51,beritajatim,"[""response_query""]",beritajatim,train,1,Gus Yani Bupati Gresik Tinjau 200 Rumah Terendam Banjir Kali Lamong,https://beritajatim.com/gus-yani-bupati-gresik-tinjau-200-rumah-terendam-banjir-kali-lamong
ann_e25e7d1a4803,1312,False,[],"[""DisasterEvent"", ""WeatherDisruption""]","[""ngawi""]",[],False,candidate_unverified,copy_879bd66a91bf,2022-11-21,09:18,kompas,"[""disruption_candidate""]",kompas_regional,train,1,"Hujan dan Puting Beliung Landa Ngawi, 15 Rumah di 2 Desa Rusak Regional 21 November 2022",https://surabaya.kompas.com/read/2022/11/21/091841578/hujan-dan-puting-beliung-landa-ngawi-15-rumah-di-2-desa-rusak
ann_e263d0a8eddd,770,False,[],"[""DisasterEvent""]","[""pacitan""]",[],False,candidate_unverified,copy_890c791d7645,2023-07-23,,kontan,"[""disruption_candidate""]",kontan,train,0,"Gempa M5,7 Menggoyang Pacitan, Terasa di Gunungkidul Yogyakarta",https://regional.kontan.co.id/news/gempa-m57-menggoyang-pacitan-terasa-di-gunungkidul-yogyakarta
ann_e2891a960778,1415,False,[],"[""DisasterEvent""]","[""pacitan""]","[""InspectionEnforcement""]",False,candidate_unverified,copy_4b71ea836203,2025-08-16,23:25,beritajatim,"[""response_query""]",beritajatim,validation,1,"Gudang di Pasar Tegalombo Pacitan Ludes Terbakar, Diduga Akibat Pembakaran Sampah",https://beritajatim.com/gudang-di-pasar-tegalombo-pacitan-ludes-terbakar-diduga-akibat-pembakaran-sampah
ann_e2afaf26e2b7,1933,False,"[""broad_food""]","[""DisasterEvent""]","[""surabaya""]","[""InspectionEnforcement""]",False,candidate_unverified,copy_580f407c2c82,2026-03-13,15:43,beritajatim,"[""disruption_candidate""]",beritajatim,test,1,"Jaga Nadi Logistik Ujung Barat, Pelindo Marine Siaga 24/7 Jelang Lebaran 1447 H",https://beritajatim.com/jaga-nadi-logistik-ujung-barat-pelindo-marine-siaga-24-7-jelang-lebaran-1447-h
ann_e2d4f8275a99,2463,False,[],"[""DisasterEvent""]","[""lamongan""]",[],False,candidate_unverified,copy_2f14cc78b3a1,2022-01-29,11:38,kompas,"[""disruption_candidate""]",kompas_regional,train,1,28 Desa di Lamongan Masih Dilanda Banjir Luapan Bengawan Njero Regional 29 Januari 2022,https://surabaya.kompas.com/read/2022/01/29/113832578/28-desa-di-lamongan-masih-dilanda-banjir-luapan-bengawan-njero
ann_e2d5e9dac9dc,4146,True,[],"[""DisasterEvent""]","[""bangkalan""]","[""CrisisPreparednessAction""]",False,candidate_unverified,copy_99382efc0c67,2025-04-02,,kontan,"[""disruption_candidate""]",kontan,validation,0,Cerita Para Pekerja Bukit Asam (PTBA) Menjaga Pasokan Energi di Hari yang Fitri,https://industri.kontan.co.id/news/cerita-para-pekerja-bukit-asam-ptba-menjaga-pasokan-energi-di-hari-yang-fitri
ann_e3476b9b732d,1863,False,[],"[""DisasterEvent""]","[""malang""]",[],False,candidate_unverified,copy_ebb4029934b0,2021-03-14,21:55,detik,"[""disruption_candidate""]",detik_news,train,1,"Saat Hujan Deras Mengguyur, Kota Malang Banjir dan 10 Pohon Tumbang",https://news.detik.com/berita-jawa-timur/d-5493251/saat-hujan-deras-mengguyur-kota-malang-banjir-dan-10-pohon-tumbang
ann_e34aaca2c196,1875,False,[],"[""DisasterEvent""]","[""batu"", ""malang"", ""pasuruan"", ""surabaya""]",[],False,candidate_unverified,copy_08648d49fbd4,2023-09-01,09:16,kompas,"[""disruption_candidate""]",kompas_regional,train,1,"Kebakaran Hutan di Gunung Arjuno Meluas hingga 700 Hektar, Helikopter Dikerahkan untuk Pemadaman Regional 1 September 2023",https://surabaya.kompas.com/read/2023/09/01/091659078/kebakaran-hutan-di-gunung-arjuno-meluas-hingga-700-hektar-helikopter
ann_e35c9da8f8c8,2166,False,"[""rice""]","[""PestDiseaseEvent""]","[""ngawi""]",[],False,candidate_unverified,copy_bd10b05e5192,2023-05-24,,kontan,"[""disruption_candidate""]",kontan,train,0,Wilmar Padi Targetkan Peningkatan Produksi Padi Sebesar 15%,https://industri.kontan.co.id/news/wilmar-padi-targetkan-peningkatan-produksi-padi-sebesar-15
ann_e36d73c63314,2021,True,[],"[""DisasterEvent""]","[""gresik"", ""surabaya""]",[],False,candidate_unverified,copy_a817d05d98c8,2026-02-16,21:47,beritajatim,"[""disruption_candidate""]",beritajatim,test,1,"Banjir Tambak Osowilangon, Pemkot Surabaya Optimalkan Rumah Pompa 24 Jam",https://beritajatim.com/banjir-tambak-osowilangon-pemkot-surabaya-optimalkan-rumah-pompa-24-jam
ann_e3e53ba8da00,1875,False,[],"[""SupplyShortage""]","[""lumajang""]","[""OtherResponseAction""]",False,candidate_unverified,copy_9f91540338d6,2022-02-22,18:52,kompas,"[""disruption_candidate""]",kompas_regional,train,1,"Petani di Lumajang Kesulitan Dapat Pupuk Subsidi, Begini Penjelasan Dinas Pertanian Regional 22 Februari 2022",https://surabaya.kompas.com/read/2022/02/22/185239878/petani-di-lumajang-kesulitan-dapat-pupuk-subsidi-begini-penjelasan-dinas
ann_e3ef32cb069c,563,False,[],"[""DisasterEvent""]","[""blitar""]",[],False,candidate_unverified,copy_82d2ccb98fa6,2021-05-21,19:28,kompas,"[""disruption_candidate""]",kompas_regional,train,1,"Gempa Bumi 6,2 Magnitudo Guncang Kabupaten Blitar, Tidak Berpotensi Tsunami Regional 21 Mei 2021",https://regional.kompas.com/read/2021/05/21/192815278/gempa-bumi-62-magnitudo-guncang-kabupaten-blitar-tidak-berpotensi-tsunami
ann_e3f7d5dd86e1,1839,False,[],"[""DisasterEvent""]","[""pacitan"", ""trenggalek""]",[],False,candidate_unverified,copy_2173b71b33f0,2025-07-12,12:16,kompas,"[""disruption_candidate""]",kompas_regional,validation,1,"Gempa Bumi Magnitudo 4,6 Berpusat di Pacitan, Guncangan Kuat Terasa di Trenggalek Regional 12 Juli 2025",https://surabaya.kompas.com/read/2025/07/12/121619878/gempa-bumi-magnitudo-46-berpusat-di-pacitan-guncangan-kuat-terasa-di
ann_e427e99fcdf3,1579,False,"[""broad_food""]","[""DisasterEvent""]","[""malang""]","[""DistributionIntervention"", ""FoodAssistance""]",False,candidate_unverified,copy_40a9621587c4,2025-09-21,16:43,beritajatim,"[""response_query""]",beritajatim,validation,1,Polres Malang Salurkan Bantuan Pasca Banjir Sitiarjo,https://beritajatim.com/polres-malang-salurkan-bantuan-pasca-banjir-sitiarjo
ann_e44e94437b47,1745,False,[],"[""DisasterEvent""]","[""lumajang"", ""malang""]",[],False,candidate_unverified,copy_9bdd18632982,2021-12-05,13:03,kompas,"[""disruption_candidate""]",kompas_money,train,1,"Pastikan Layanan Lancar, TelkomGroup Lakukan Rerouting Jaringan di Lumajang dan Sekitarnya usai Semeru Erupsi Money 5 Desember 2021",https://money.kompas.com/read/2021/12/05/130300626/pastikan-layanan-lancar-telkomgroup-lakukan-rerouting-jaringan-di-lumajang-dan
ann_e45f7d563be3,1193,False,[],"[""DisasterEvent""]","[""blitar""]",[],False,candidate_unverified,copy_4f536314cb28,2022-10-17,08:37,kompas,"[""disruption_candidate""]",kompas_regional,train,1,"Banjir di Blitar Selatan, Ribuan Warga Terdampak, Sebagian Masih Terjebak di Rumah Regional 17 Oktober 2022",https://surabaya.kompas.com/read/2022/10/17/083755678/banjir-di-blitar-selatan-ribuan-warga-terdampak-sebagian-masih-terjebak-di
ann_e46074e35ae0,2600,False,"[""broad_food""]","[""DisasterEvent""]","[""gresik"", ""surabaya""]",[],False,candidate_unverified,copy_1d325c6c1d07,2025-08-18,19:28,beritajatim,"[""disruption_candidate""]",beritajatim,validation,1,"Pasca Kebakaran, KMP Gili Iyang Rute Gresik-Bawean Diperbaiki di Pelabuhan Kamal Madura",https://beritajatim.com/pasca-kebakaran-kmp-gili-iyang-rute-gresik-bawean-diperbaiki-di-pelabuhan-kamal-madura
ann_e496fa72071c,1646,False,[],"[""DisasterEvent""]","[""gresik""]",[],False,candidate_unverified,copy_839eb2611233,2025-02-07,20:30,detik,"[""disruption_candidate""]",detik_finance,validation,1,Terungkap! Ini Alasan ESDM Belum Kasih Freeport Izin Ekspor,https://finance.detik.com/energi/d-7768323/terungkap-ini-alasan-esdm-belum-kasih-freeport-izin-ekspor
ann_e4a699b70195,1782,False,"[""chili""]","[""DisasterEvent""]","[""lumajang""]",[],False,candidate_unverified,copy_4ff430835751,2025-11-24,10:38,beritajatim,"[""disruption_candidate""]",beritajatim,validation,1,165 Warga Lumajang Jalani Perawatan Pascabencana Erupsi Awan Panas Semeru,https://beritajatim.com/165-warga-lumajang-jalani-perawatan-pasca-erupsi-awan-panas-semeru
ann_e4e096a87176,1799,False,"[""cooking_oil""]","[""SupplyShortage""]","[""magetan""]","[""MarketOperationAction""]",False,candidate_unverified,copy_10bb47923a7b,2022-02-18,16:55,beritajatim,"[""disruption_candidate""]",beritajatim,train,1,"Tinjau Operasi Pasar Migor Magetan, Khofifah: Distributor Harus Dicek",https://beritajatim.com/tinjau-operasi-pasar-migor-magetan-khofifah-distributor-harus-dicek
ann_e4e921da12d5,1414,False,"[""broad_food"", ""chili"", ""shallot""]","[""WeatherDisruption""]","[""pasuruan""]",[],False,candidate_unverified,copy_db0f6d66a286,2025-02-24,17:05,beritajatim,"[""disruption_candidate""]",beritajatim,validation,1,Harga Cabai dan Bawang Merah Meroket Jelang Ramadhan,https://beritajatim.com/harga-cabai-dan-bawang-merah-meroket-jelang-ramadhan
ann_e4f76f968fee,10792,False,"[""broad_food"", ""corn"", ""fish"", ""rice""]","[""DisasterEvent"", ""SupplyShortage"", ""WeatherDisruption""]","[""ngawi"", ""ponorogo""]","[""CrisisPreparednessAction"", ""DistributionIntervention"", ""FoodAssistance"", ""ReserveRelease""]",False,candidate_unverified,copy_a144cfac7488,2025-06-24,,kontan,"[""disruption_candidate"", ""response_query""]",kontan,validation,0,"Penyangga Tatanan Negara Indonesia, Itulah Petani",https://jelajahekonomi.kontan.co.id/news/penyangga-tatanan-negara-indonesia-itulah-petani
ann_e517e0715815,2698,False,"[""chili""]","[""DisasterEvent"", ""ProductionDisruption""]",[],[],False,candidate_unverified,copy_42a00b0cf58f,2025-01-12,,kontan,"[""disruption_candidate""]",kontan,validation,0,"Harga Cabai Meroket, Petani: Produktivitas Turun Karena Hujan",https://industri.kontan.co.id/news/harga-cabai-meroket-petani-produktivitas-turun-karena-hujan
ann_e525e9c8781b,4312,False,"[""broad_food"", ""rice""]","[""SupplyShortage"", ""WeatherDisruption""]","[""lamongan""]",[],False,candidate_unverified,copy_12ed504e7daf,2023-08-14,16:14,kompas,"[""disruption_candidate""]",kompas_money,train,1,"Pertanian Jadi Bantalan Ekonomi RI, Wapres Ma’ruf: Pertanian Cukupi Supply Beras Sepanjang Krisis Money 14 Agustus 2023",https://money.kompas.com/read/2023/08/14/161436426/pertanian-jadi-bantalan-ekonomi-ri-wapres-maruf-pertanian-cukupi-supply-beras
ann_e53fb7e0605e,2251,False,[],"[""DisasterEvent""]","[""mojokerto"", ""sidoarjo""]",[],False,candidate_unverified,copy_833ed968a6e0,2023-03-02,00:31,beritajatim,"[""disruption_candidate""]",beritajatim,train,1,"Kebakaran Mojokerto, Bangunan Semi Permanen Ludes",https://beritajatim.com/kebakaran-mojokerto-bangunan-semi-permanen-ludes
ann_e55247cab580,3969,False,"[""broad_food"", ""chicken_eggs"", ""cooking_oil"", ""rice"", ""sugar""]","[""SupplyShortage""]","[""bojonegoro"", ""tuban""]","[""CrisisPreparednessAction"", ""MarketOperationAction""]",False,candidate_unverified,copy_ac0ada15b171,2023-10-03,16:05,beritajatim,"[""disruption_candidate""]",beritajatim,train,1,"Gubernur Jatim Tinjau Pasar Murah, Masyarakat Tuban Menyambut Antusias",https://beritajatim.com/gubernur-jatim-tinjau-pasar-murah-masyarakat-tuban-menyambut-antusias
ann_e572636188a3,1364,False,"[""soybean""]","[""DisasterEvent""]","[""bondowoso"", ""situbondo""]",[],False,candidate_unverified,copy_f856162a07f5,2025-10-27,12:16,kompas,"[""disruption_candidate""]",kompas_regional,validation,1,"Pabrik Tahu Terbakar, Damkar Situbondo Kewalahan dan Minta Bantuan Damkar Bondowoso Regional 27 Oktober 2025",https://surabaya.kompas.com/read/2025/10/27/121604078/pabrik-tahu-terbakar-damkar-situbondo-kewalahan-dan-minta-bantuan-damkar
ann_e57dd19b7d9e,2034,False,"[""fish""]","[""DisasterEvent""]","[""lamongan"", ""tuban""]",[],False,candidate_unverified,copy_8603136ebe51,2022-05-23,20:04,kompas,"[""disruption_candidate""]",kompas_regional,train,1,"Banjir Rob Landa Sejumlah Wilayah di Tuban, Lurah Karangsari: Ini Terparah dan Lama Surutnya Regional 23 Mei 2022",https://surabaya.kompas.com/read/2022/05/23/200443978/banjir-rob-landa-sejumlah-wilayah-di-tuban-lurah-karangsari-ini-terparah
ann_e5805c431062,2108,True,"[""fish""]","[""SupplyShortage""]","[""lamongan""]","[""CrisisPreparednessAction"", ""InspectionEnforcement""]",False,candidate_unverified,copy_db6c9fe14d10,2023-12-29,17:08,beritajatim,"[""disruption_candidate""]",beritajatim,train,1,"Sapa Nelayan Lamongan, Anies Baswedan Janjikan Bansos Plus",https://beritajatim.com/sapa-nelayan-lamongan-anies-baswedan-janjikan-bansos-plus
ann_e5b1e78ec654,2063,False,"[""broad_food"", ""chili""]","[""DisasterEvent"", ""WeatherDisruption""]","[""sidoarjo""]",[],False,candidate_unverified,copy_1de749215bcb,2021-11-12,10:54,beritajatim,"[""disruption_candidate""]",beritajatim,train,1,Bupati Sidoarjo Kunjungi Korban Angin Puting Beliung di Candi,https://beritajatim.com/bupati-sidoarjo-kunjungi-korban-angin-puting-beliung-di-candi
ann_e5b777a6a814,2344,False,[],"[""DisasterEvent""]","[""jember""]","[""DistributionIntervention""]",False,candidate_unverified,copy_bf727d6343ce,2021-01-15,17:02,beritajatim,"[""disruption_candidate""]",beritajatim,train,1,"Banjir Kepung Jember 5 Hari, Ribuan Warga Jadi Korban",https://beritajatim.com/banjir-kepung-jember-5-hari-ribuan-warga-jadi-korban
ann_e5ba822f0daf,1724,False,[],"[""DisasterEvent""]","[""magetan""]",[],False,candidate_unverified,copy_1e15deee5c4b,2022-03-27,11:23,kompas,"[""disruption_candidate""]",kompas_regional,train,1,Hujan Es dan Angin Kencang Tumbangkan Pohon Berusia Ratusan Tahun di Magetan Regional 27 Maret 2022,https://surabaya.kompas.com/read/2022/03/27/112334078/hujan-es-dan-angin-kencang-tumbangkan-pohon-berusia-ratusan-tahun-di
ann_e5c751060cef,1688,False,[],"[""DisasterEvent""]","[""mojokerto""]","[""CrisisPreparednessAction""]",False,candidate_unverified,copy_dac65df9639e,2026-05-27,19:23,beritajatim,"[""response_query""]",beritajatim,test,1,"Gudang Ban Bekas di Mojokerto Terbakar Hebat, Tujuh Mobil Damkar Diterjunkan",https://beritajatim.com/gudang-ban-bekas-di-mojokerto-terbakar-hebat-tujuh-mobil-damkar-diterjunkan
ann_e5e2cba871b2,1826,False,[],"[""DisasterEvent"", ""WeatherDisruption""]","[""malang"", ""surabaya""]",[],False,candidate_unverified,copy_199e78c9a943,2025-10-22,17:10,kompas,"[""disruption_candidate""]",kompas_regional,validation,1,"Hujan Deras Guyur Kota Malang, BPBD Catat 22 Titik Banjir Regional 22 Oktober 2025",https://surabaya.kompas.com/read/2025/10/22/171055578/hujan-deras-guyur-kota-malang-bpbd-catat-22-titik-banjir
ann_e624e8fa9b57,5124,True,"[""broad_food"", ""rice""]","[""DisasterEvent""]","[""batu"", ""surabaya""]","[""CrisisPreparednessAction""]",False,candidate_unverified,copy_72d2d971701a,2021-11-05,10:46,beritajatim,"[""disruption_candidate""]",beritajatim,train,1,"Gercep, Khofifah ‘Turun Gunung’ Langsung Tangani Banjir Bandang Kota Batu",https://beritajatim.com/gercep-khofifah-turun-gunung-langsung-tangani-banjir-bandang-kota-batu
ann_e640eff1fca3,1663,False,"[""broad_food"", ""rice""]","[""ProductionDisruption"", ""WeatherDisruption""]","[""pacitan""]",[],False,candidate_unverified,copy_437182b8b807,2026-04-01,12:33,beritajatim,"[""disruption_candidate""]",beritajatim,test,1,"Petani Pacitan Hadapi Ancaman Kekeringan, Disarankan Tanam Varietas Tahan Kering",https://beritajatim.com/petani-pacitan-hadapi-ancaman-kekeringan-disarankan-tanam-varietas-tahan-kering
ann_e6757d3d4d6e,1419,False,[],"[""DisasterEvent""]","[""malang""]","[""DistributionIntervention""]",False,candidate_unverified,copy_14f98965669d,2021-04-10,21:00,detik,"[""disruption_candidate"", ""response_query""]",detik_finance,train,1,"Malang Diguncang Gempa M 6,7, Stok BBM dan LPG Dipastikan Aman",https://finance.detik.com/energi/d-5527715/malang-diguncang-gempa-m-6-7-stok-bbm-dan-lpg-dipastikan-aman
ann_e67c475218ba,2864,False,"[""broad_food"", ""corn"", ""rice""]","[""DisasterEvent"", ""WeatherDisruption""]","[""banyuwangi"", ""situbondo""]",[],False,candidate_unverified,copy_f6fdd9880376,2021-02-01,20:25,beritajatim,"[""disruption_candidate""]",beritajatim,train,1,"Banjir Landa Banyuwangi, Rendam Ratusan Rumah dan Jalur Pantura",https://beritajatim.com/banjir-landa-banyuwangi-rendam-ratusan-rumah-dan-jalur-pantura
ann_e6806d74485b,2648,False,[],"[""DisasterEvent"", ""WeatherDisruption""]","[""kediri"", ""malang"", ""ponorogo"", ""situbondo"", ""trenggalek"", ""tulungagung""]","[""CrisisPreparednessAction""]",False,candidate_unverified,copy_c9bd6d29abfc,2022-09-30,08:21,kompas,"[""disruption_candidate""]",kompas_regional,train,1,"BMKG Prediksi Musim Hujan Datang Lebih Awal, BPBD Kabupaten Malang Antisipasi Bencana Regional 30 September 2022",https://surabaya.kompas.com/read/2022/09/30/082114878/bmkg-prediksi-musim-hujan-datang-lebih-awal-bpbd-kabupaten-malang
ann_e6a33d2759e0,1856,False,[],"[""DisasterEvent""]","[""batu"", ""mojokerto"", ""sidoarjo""]",[],False,candidate_unverified,copy_fef354d6d4f4,2025-04-04,06:32,kompas,"[""disruption_candidate""]",kompas_regional,validation,1,Warga Sidoarjo yang Tewas dalam Longsor di Jalur Pacet-Cangar Dievakuasi Regional 4 April 2025,https://regional.kompas.com/read/2025/04/04/063201378/warga-sidoarjo-yang-tewas-dalam-longsor-di-jalur-pacet-cangar-dievakuasi
ann_e6a8e3444735,2854,False,[],"[""DisasterEvent""]","[""blitar""]","[""ProcurementAction""]",False,candidate_unverified,copy_efeaa6cbcaf7,2025-01-29,15:54,beritajatim,"[""response_query""]",beritajatim,validation,1,Korban Banjir Tagih Bantuan yang Dijanjikan Pemkab Blitar,https://beritajatim.com/korban-banjir-tagih-bantuan-yang-dijanjikan-pemkab-blitar
ann_e6c0af357e9f,8516,False,"[""broad_food"", ""chili"", ""corn"", ""garlic"", ""rice"", ""shallot"", ""soybean"", ""sugar""]","[""SupplyShortage""]","[""gresik"", ""mojokerto"", ""nganjuk"", ""pasuruan"", ""surabaya""]","[""DistributionIntervention"", ""OtherResponseAction"", ""ProductionAssistance""]",False,candidate_unverified,copy_392fe510a545,2024-12-05,12:12,beritajatim,"[""disruption_candidate""]",beritajatim,train,1,"Demand Pupuk, Ekspektasi Petani, dan Inovasi Pengusaha",https://beritajatim.com/demand-pupuk-ekspektasi-petani-dan-inovasi-pengusaha
ann_e6da7db76fd6,3242,False,[],"[""DisasterEvent""]","[""bangkalan"", ""banyuwangi"", ""lamongan"", ""malang"", ""mojokerto"", ""ngawi"", ""sampang"", ""sidoarjo"", ""situbondo"", ""surabaya""]",[],False,candidate_unverified,copy_cbd072447fc4,2025-12-10,,kontan,"[""disruption_candidate""]",kontan,validation,0,Kemendagri Tetapkan 43 Daerah Paling Inovatif di Ajang IGA 2025,https://nasional.kontan.co.id/news/kemendagri-tetapkan-43-daerah-paling-inovatif-di-ajang-iga-2025
ann_e6de47356dea,1663,True,[],"[""DisasterEvent"", ""WeatherDisruption""]","[""pasuruan""]",[],False,candidate_unverified,copy_dbed0910c0a3,2023-06-14,15:35,beritajatim,"[""disruption_candidate""]",beritajatim,train,1,"Atasi Kekeringan di Kabupaten Pasuruan, Wabup: Perbaikan Saluran Air Masih Dilakukan",https://beritajatim.com/atasi-kekeringan-di-kabupaten-pasuruan-wabup-perbaikan-saluran-air-masih-dilakukan
ann_e6f780d34105,2222,False,"[""chili"", ""sugar""]","[""DisasterEvent""]","[""kediri""]",[],False,candidate_unverified,copy_4083729eec1a,2022-11-25,17:33,kompas,"[""disruption_candidate""]",kompas_regional,train,1,"Peduli Korban Gempa Cianjur, Warga Kediri Santuni Pelajar hingga Kirim Sambal Pecel Regional 25 November 2022",https://surabaya.kompas.com/read/2022/11/25/173320778/peduli-korban-gempa-cianjur-warga-kediri-santuni-pelajar-hingga-kirim
ann_e6fe289c156f,1152,False,"[""rice""]","[""WeatherDisruption""]","[""malang""]",[],False,candidate_unverified,copy_f041c232f4f6,2022-03-10,12:36,kompas,"[""disruption_candidate""]",kompas_regional,train,1,"Gunakan ""Headset"" Saat Panen Padi, Petani di Malang Tewas Tersambar Petir, HP Terbakar Regional 10 Maret 2022",https://surabaya.kompas.com/read/2022/03/10/123638678/gunakan-headset-saat-panen-padi-petani-di-malang-tewas-tersambar-petir-hp
ann_e772691e70cb,958,False,[],"[""DisasterEvent""]","[""blitar"", ""malang""]",[],False,candidate_unverified,copy_32af60a2a3d1,2021-05-21,20:14,beritajatim,"[""disruption_candidate""]",beritajatim,train,1,"Gempa Berkekuatan 6,2 SR Kembali Guncang Malang",https://beritajatim.com/gempa-berkekuatan-62-sr-kembali-guncang-malang
ann_e7966bf6ea23,2784,False,[],"[""DisasterEvent""]","[""jombang"", ""mojokerto""]",[],False,candidate_unverified,copy_2a8fce98cb6c,2024-12-10,21:23,kompas,"[""disruption_candidate""]",kompas_regional,train,1,"Hari Keempat Banjir di Jombang, Kondisinya Kian Parah dan Meluas Regional 10 Desember 2024",https://surabaya.kompas.com/read/2024/12/10/212313378/hari-keempat-banjir-di-jombang-kondisinya-kian-parah-dan-meluas
ann_e79cc46d16d6,2141,False,"[""beef"", ""broad_food""]","[""PestDiseaseEvent""]","[""sumenep""]",[],False,candidate_unverified,copy_80e8500b51fa,2022-06-09,15:51,kompas,"[""disruption_candidate""]",kompas_regional,train,1,"Kasus PMK Meluas, Peternak dan Pengusaha Daging Sapi di Sumenep Terancam Gulung Tikar Regional 9 Juni 2022",https://surabaya.kompas.com/read/2022/06/09/155135178/kasus-pmk-meluas-peternak-dan-pengusaha-daging-sapi-di-sumenep-terancam
ann_e7b744cf1c44,2906,False,[],"[""DisasterEvent""]","[""malang""]",[],False,candidate_unverified,copy_7ac2485a7c47,2026-04-30,08:45,kompas,"[""disruption_candidate""]",kompas_regional,test,1,"Fakta Baru Kebakaran Gudang Rokok di Malang, Sengaja Dibakar demi Tutupi Penggelapan Rp 950 Juta Regional 30 April 2026",https://surabaya.kompas.com/read/2026/04/30/084518378/fakta-baru-kebakaran-gudang-rokok-di-malang-sengaja-dibakar-demi-tutupi
ann_e7ca4f060ea7,1643,False,"[""rice""]","[""DisasterEvent""]","[""ponorogo""]","[""CrisisPreparednessAction""]",False,candidate_unverified,copy_864a1e852a5f,2021-09-05,19:40,kompas,"[""disruption_candidate""]",kompas_regional,train,1,"Lusa, Jokowi Akan Resmikan Bendungan Bendo Ponorogo untuk Pengairan 7.800 Hektar Sawah Regional 5 September 2021",https://regional.kompas.com/read/2021/09/05/194050378/lusa-jokowi-akan-resmikan-bendungan-bendo-ponorogo-untuk-pengairan-7800
ann_e7d02be6f828,2141,False,"[""broad_food"", ""chicken_eggs"", ""chili"", ""cooking_oil"", ""garlic"", ""rice"", ""shallot""]","[""ProductionDisruption"", ""SupplyShortage""]","[""magetan""]",[],False,candidate_unverified,copy_afa1e6e4fc42,2022-03-05,08:47,beritajatim,"[""disruption_candidate""]",beritajatim,train,1,"Harga Cabai Segar Naik, Warga Magetan Beralih ke Cabai Kering",https://beritajatim.com/harga-cabai-segar-naik-warga-magetan-beralih-ke-cabai-kering
ann_e7da02405179,2999,False,[],"[""DisasterEvent""]","[""lumajang"", ""malang"", ""nganjuk""]",[],False,candidate_unverified,copy_580139141921,2022-09-13,,kontan,"[""disruption_candidate""]",kontan,train,0,Abipraya Bangun Kembali Jalan Nasional Lumajang Pasca Erupsi Semeru,https://pressrelease.kontan.co.id/news/abipraya-bangun-kembali-jalan-nasional-lumajang-pasca-erupsi-semeru
ann_e7f5478fcca0,1902,False,[],"[""DisasterEvent""]","[""lumajang""]","[""DistributionIntervention""]",False,candidate_unverified,copy_53bf3af1a91c,2025-10-25,15:50,kompas,"[""response_query""]",kompas_regional,validation,1,"Banjir Rendam 400 Rumah di Lumajang, BPBD Kirim Air Bersih dan Makanan Regional 25 Oktober 2025",https://surabaya.kompas.com/read/2025/10/25/155045378/banjir-rendam-400-rumah-di-lumajang-bpbd-kirim-air-bersih-dan-makanan
ann_e7fd3210a65a,1932,True,[],"[""DisasterEvent""]","[""malang""]","[""CrisisPreparednessAction"", ""InspectionEnforcement""]",False,candidate_unverified,copy_6824bb9e7cf9,2025-05-24,11:31,beritajatim,"[""disruption_candidate"", ""response_query""]",beritajatim,validation,1,"Gudang Pabrik Rokok Atlas di Malang Terbakar, Kerugian Ditaksir Capai Rp5 M",https://beritajatim.com/gudang-rokok-atlas-terbakar-kerugian-rp5-miliar-malang
ann_e80223eb2440,3906,True,"[""broad_food"", ""cooking_oil""]","[""SupplyShortage""]",[],"[""CrisisPreparednessAction"", ""OtherResponseAction""]",False,candidate_unverified,copy_2f175c92ab26,2023-01-30,,kontan,"[""response_query""]",kontan,train,0,"Suplai Minyakita Berkurang, Mendag Minta Produsen Naikkan Produksi 50%",https://nasional.kontan.co.id/news/suplai-minyakita-berkurang-mendag-minta-produsen-naikkan-produksi-50
ann_e84f09840282,1558,False,[],"[""DisasterEvent""]","[""malang"", ""surabaya""]","[""DistributionIntervention""]",False,candidate_unverified,copy_23aa1b85b398,2021-04-10,20:54,beritajatim,"[""disruption_candidate""]",beritajatim,train,1,Sarana dan Fasilitas Distribusi Energi Jatim Dipastikan Aman,https://beritajatim.com/sarana-dan-fasilitas-distribusi-energi-jatim-dipastikan-aman
ann_e87747232b2c,1231,False,[],"[""DisasterEvent""]","[""batu"", ""mojokerto"", ""surabaya""]",[],False,candidate_unverified,copy_18b3b30c2ac7,2025-04-03,18:58,kompas,"[""disruption_candidate""]",kompas_regional,validation,1,"Longsor Timbun 2 Mobil di Pacet Mojokerto, Satu Orang Ditemukan Meninggal Regional 3 April 2025",https://surabaya.kompas.com/read/2025/04/03/185834478/longsor-timbun-2-mobil-di-pacet-mojokerto-satu-orang-ditemukan-meninggal
ann_e89c62fb6dfb,2733,True,"[""rice""]","[""DisasterEvent""]","[""malang"", ""tuban""]",[],False,candidate_unverified,copy_ead5e3bd2095,2025-07-17,23:02,beritajatim,"[""disruption_candidate""]",beritajatim,validation,1,"DPRD Tuban Kawal Penuh,Persoalan Banjir di Area Sawah Plumpang",https://beritajatim.com/dprd-tuban-kawal-penuhpersoalan-banjir-di-area-sawah-plumpang
ann_e8a64c32072a,2400,False,[],"[""DisasterEvent""]","[""kediri"", ""lumajang""]",[],False,candidate_unverified,copy_6e6d390c75a2,2021-12-05,20:24,beritajatim,"[""disruption_candidate""]",beritajatim,train,1,"Peduli Bencana Gunung Semeru, Pemkot Kediri Kirim Tim BPBD dan Bantuan",https://beritajatim.com/peduli-bencana-gunung-semeru-pemkot-kediri-kirim-tim-bpbd-dan-bantuan
ann_e9296cd092ca,1720,False,"[""broad_food"", ""rice""]","[""DisasterEvent"", ""PestDiseaseEvent"", ""ProductionDisruption""]","[""bangkalan"", ""bojonegoro"", ""lamongan"", ""mojokerto"", ""ngawi"", ""pamekasan"", ""sampang"", ""sidoarjo"", ""sumenep"", ""surabaya"", ""tuban""]",[],False,candidate_unverified,copy_966240c074d3,2023-02-21,17:24,kompas,"[""disruption_candidate""]",kompas_regional,train,1,"2.101 Hektare Sawah di Jatim Terendam Banjir, 186 Hektare Gagal Panen Regional 21 Februari 2023",https://surabaya.kompas.com/read/2023/02/21/172417078/2101-hektare-sawah-di-jatim-terendam-banjir-186-hektare-gagal-panen
ann_e92a7e05901c,3184,False,"[""beef"", ""broad_food"", ""chicken_eggs"", ""chicken_meat"", ""chili"", ""rice"", ""sugar""]","[""ProductionDisruption"", ""SupplyShortage"", ""WeatherDisruption""]","[""sumenep""]","[""InspectionEnforcement""]",False,candidate_unverified,copy_c7d8d6ab602e,2026-02-11,17:02,beritajatim,"[""disruption_candidate""]",beritajatim,test,1,Harga Cabai Rawit di Sumenep Tembus Rp100 Ribu per Kg Jelang Ramadhan,https://beritajatim.com/harga-cabai-rawit-di-sumenep-tembus-rp100-ribu-per-kg-jelang-ramadhan
ann_e92c2bd3c099,1762,False,"[""broad_food"", ""cooking_oil"", ""rice"", ""sugar""]","[""DisasterEvent""]","[""blitar"", ""gresik"", ""malang"", ""trenggalek""]",[],False,candidate_unverified,copy_69c4063cb194,2022-10-29,21:34,beritajatim,"[""disruption_candidate""]",beritajatim,train,1,Petrokimia Gresik Salurkan 500 Paket Sembako ke Warga Cermen,https://beritajatim.com/petrokimia-gresik-salurkan-500-paket-sembako-ke-warga-cermen
ann_e969076d03ec,2128,False,"[""rice""]","[""DisasterEvent"", ""ProductionDisruption"", ""WeatherDisruption""]",[],[],False,candidate_unverified,copy_39cf4a052bd5,2026-03-16,,kontan,"[""disruption_candidate""]",kontan,test,0,BMKG Prediksi 75 Persen Wilayah di Jatim Alami Kemarau Lebih Panjang pada 2026,https://regional.kontan.co.id/news/bmkg-prediksi-75-persen-wilayah-di-jatim-alami-kemarau-lebih-panjang-pada-2026
ann_e97c410969fb,1831,False,[],"[""DisasterEvent""]","[""banyuwangi"", ""malang"", ""surabaya""]",[],False,candidate_unverified,copy_a1f69fc25faf,2021-04-10,22:24,detik,"[""disruption_candidate""]",detik_news,train,1,Pakar Sebut Lempeng Lokasi Gempa Malang Terus Bergeser 7 Cm per Tahun,https://news.detik.com/berita-jawa-timur/d-5527857/pakar-sebut-lempeng-lokasi-gempa-malang-terus-bergeser-7-cm-per-tahun
ann_e9853a24ae2a,2381,True,"[""broad_food""]","[""DisasterEvent""]","[""tuban""]","[""DistributionIntervention"", ""FoodAssistance""]",False,candidate_unverified,copy_cdfb8e47cdcb,2025-06-12,00:33,beritajatim,"[""disruption_candidate"", ""response_query""]",beritajatim,validation,1,Pertamina Patra Niaga FT Tuban Salurkan 100 Kompor Untuk Warga Terdampak Banjir di Sidomukti,https://beritajatim.com/pertamina-patra-niaga-ft-tuban-salurkan-100-kompor-untuk-warga-terdampak-banjir-di-sidomukti
ann_e9a0d1bd4b93,1398,False,"[""corn""]","[""DisasterEvent"", ""WeatherDisruption""]",[],[],False,candidate_unverified,copy_18040f4cd2a7,2025-10-01,,kontan,"[""disruption_candidate""]",kontan,validation,0,"Produksi Jagung Pipilan Diprediksi Naik 1,19 Juta Ton pada Januari-November 2025",https://nasional.kontan.co.id/news/produksi-jagung-pipilan-diprediksi-naik-119-juta-ton-pada-januari-november-2025
ann_e9dc6e2b3288,2348,False,[],"[""DisasterEvent""]","[""gresik""]",[],False,candidate_unverified,copy_5c986557593d,2026-02-12,21:20,beritajatim,"[""disruption_candidate""]",beritajatim,test,1,"Luapan Sungai Avour Jebolkan Tanggul di Wringinanom Gresik, Rumah Warga Sempat Terendam Banjir",https://beritajatim.com/luapan-sungai-avour-jebolkan-tanggul-di-wringinanom-gresik-rumah-warga-sempat-terendam-banjir
ann_e9f0cd2695ab,2469,False,[],"[""DisasterEvent""]","[""pamekasan""]","[""DistributionIntervention"", ""InspectionEnforcement""]",False,candidate_unverified,copy_c1f11ee608b9,2021-12-11,12:33,beritajatim,"[""response_query""]",beritajatim,train,1,302 Unit Rumah Rusak Akibat Angin Kencang di Pamekasan,https://beritajatim.com/302-unit-rumah-rusak-akibat-angin-kencang-di-pamekasan
ann_e9f1bd7b86c9,2225,True,[],"[""DisasterEvent""]","[""banyuwangi"", ""bondowoso"", ""jember""]",[],False,candidate_unverified,copy_f449f126c0cd,2025-06-16,19:30,kompas,"[""disruption_candidate""]",kompas_regional,validation,1,"Gunung Raung Erupsi, Bupati Banyuwangi Minta Masyarakat Tetap Tenang Regional 16 Juni 2025",https://surabaya.kompas.com/read/2025/06/16/193038478/gunung-raung-erupsi-bupati-banyuwangi-minta-masyarakat-tetap-tenang
ann_ea61264dfc73,1635,False,[],"[""DisasterEvent""]","[""kediri""]",[],False,candidate_unverified,copy_db241dc572b9,2025-05-17,13:20,kompas,"[""disruption_candidate""]",kompas_regional,validation,1,"Banjir dan Longsor Terjang Kediri, Satu Warga Hilang Terseret Arus Regional 17 Mei 2025",https://surabaya.kompas.com/read/2025/05/17/132029978/banjir-dan-longsor-terjang-kediri-satu-warga-hilang-terseret-arus
ann_ea7b28639595,1762,False,"[""broad_food""]","[""DisasterEvent""]","[""banyuwangi"", ""lumajang""]",[],False,candidate_unverified,copy_d43e842ed812,2021-12-07,19:45,beritajatim,"[""disruption_candidate""]",beritajatim,train,1,Banyuwangi Kirim Bantuan Logistik dan Relawan Untuk Korban Erupsi Semeru,https://beritajatim.com/banyuwangi-kirim-bantuan-logistik-dan-relawan-untuk-korban-erupsi-semeru
ann_eaa34abf8b45,654,False,[],"[""DisasterEvent""]","[""malang"", ""surabaya""]",[],False,candidate_unverified,copy_dfd67f31d9fa,2021-04-10,14:46,kompas,"[""disruption_candidate""]",kompas_regional,train,1,"Gempa Guncang Malang, Terasa hingga Yogyakarta, Ini Posisi Pusat Gempa Regional 10 April 2021",https://regional.kompas.com/read/2021/04/10/144657278/gempa-guncang-malang-terasa-hingga-yogyakarta-ini-posisi-pusat-gempa
ann_eab002b1de8f,1347,False,[],"[""DisasterEvent""]","[""blitar"", ""lumajang"", ""malang"", ""trenggalek""]",[],False,candidate_unverified,copy_15a78ebc48fb,2022-12-21,,kontan,"[""disruption_candidate""]",kontan,train,0,"BMKG Mencatat Gempa Magnitudo 4,8 di Trenggalek, Karangkates, Blitar, dan Lumajang",https://regional.kontan.co.id/news/bmkg-mencatat-gempa-magnitudo-48-di-trenggalek-karangkates-blitar-dan-lumajang
ann_eacb8b616633,2166,False,[],"[""DisasterEvent""]","[""sampang""]","[""DistributionIntervention"", ""FoodAssistance""]",False,candidate_unverified,copy_bcebd29adaf2,2026-02-02,08:27,kompas,"[""response_query""]",kompas_regional,test,1,"Angin Kencang dan Hujan Guyur Sampang, 14 Rumah dan 1 Sekolah Rusak Regional 2 Februari 2026",https://surabaya.kompas.com/read/2026/02/02/082713178/angin-kencang-dan-hujan-guyur-sampang-14-rumah-dan-1-sekolah-rusak
ann_eaeddf4d0faa,1212,False,[],"[""DisasterEvent"", ""WeatherDisruption""]","[""pacitan"", ""ponorogo""]",[],False,candidate_unverified,copy_230834b75f4a,2026-01-01,19:43,beritajatim,"[""disruption_candidate""]",beritajatim,test,1,"Hujan Deras, Jalur Pacitan–Ponorogo Terhambat Pohon Tumbang",https://beritajatim.com/hujan-deras-lalu-lintas-pacitan-ponorogo-terhambat-pohon-tumbang
ann_eb0b14e35318,2619,False,[],"[""DisasterEvent"", ""WeatherDisruption""]","[""magetan"", ""ponorogo""]","[""CrisisPreparednessAction""]",False,candidate_unverified,copy_4679861a20df,2026-03-05,20:30,kompas,"[""disruption_candidate"", ""response_query""]",kompas_regional,test,1,"Hujan Deras dan Angin Kencang Landa Magetan, Pohon-pohon Tumbang dan Tanah Longsor Regional 5 Maret 2026",https://surabaya.kompas.com/read/2026/03/05/203027378/hujan-deras-dan-angin-kencang-landa-magetan-pohon-pohon-tumbang-dan-tanah
ann_eb2402d5a0be,2007,False,[],"[""DisasterEvent""]","[""banyuwangi"", ""bondowoso"", ""malang"", ""situbondo"", ""surabaya""]",[],False,candidate_unverified,copy_3abb77f8067a,2025-12-17,12:21,beritajatim,"[""disruption_candidate""]",beritajatim,validation,1,Fraksi PDIP DPRD Jatim Desak Percepatan Perbaikan Jalur Rawan Longsor Pacet dan Malang-Pujon,https://beritajatim.com/raksi-pdip-dprd-jatim-desak-percepatan-perbaikan-jalan-rawan-longsor-pacet-malang-pujon
ann_eb2a43241e2a,2176,False,"[""broad_food"", ""rice"", ""sugar""]","[""DisasterEvent""]","[""banyuwangi"", ""gresik""]",[],False,candidate_unverified,copy_9b0c211990ad,2021-05-06,23:36,beritajatim,"[""disruption_candidate""]",beritajatim,train,1,JIIPE Gelontor Ratusan Sembako di Delapan Desa Ring Satu,https://beritajatim.com/jiipe-gelontor-ratusan-sembako-di-delapan-desa-ring-satu
ann_eb77f5aee6d9,4019,False,[],"[""DisasterEvent"", ""WeatherDisruption""]","[""magetan"", ""ngawi""]",[],False,candidate_unverified,copy_79c3bbef022c,2026-03-05,13:14,beritajatim,"[""disruption_candidate""]",beritajatim,test,1,"Cuaca Ekstrem Terjang Magetan, Belasan Titik Terdampak Pohon Tumbang dan Rumah Rusak",https://beritajatim.com/cuaca-ekstrem-terjang-magetan-belasan-titik-terdampak-pohon-tumbang-dan-rumah-rusak
ann_ebb5656755bd,2131,False,[],"[""DisasterEvent""]","[""banyuwangi"", ""bondowoso"", ""jember"", ""situbondo""]",[],False,candidate_unverified,copy_10d139594ca9,2025-09-26,12:39,beritajatim,"[""disruption_candidate""]",beritajatim,validation,1,"Update Gempa Bumi M5,7 Banyuwangi, Berdampak juga di Bondowoso hingga Bali",https://beritajatim.com/update-gempa-bumi-m57-banyuwangi-berdampak-juga-di-bondowoso-hingga-bali
ann_ebf851397b1b,2142,False,"[""broad_food"", ""rice""]","[""SupplyShortage""]",[],"[""CrisisPreparednessAction""]",False,candidate_unverified,copy_706fcf02cf6b,2024-04-17,20:51,kompas,"[""disruption_candidate""]",kompas_money,train,1,"Antisipasi Darurat Pangan, Kementan Percepat Realisasi Pompanisasi dan PAT Padi Gogo Money 17 April 2024",https://money.kompas.com/read/2024/04/17/205151326/antisipasi-darurat-pangan-kementan-percepat-realisasi-pompanisasi-dan-pat-padi
ann_ec5015089218,3703,False,"[""broad_food""]","[""DisasterEvent""]","[""kediri""]","[""DistributionIntervention"", ""FoodAssistance""]",False,candidate_unverified,copy_fe79ede8ea37,2023-06-06,17:12,beritajatim,"[""response_query""]",beritajatim,train,1,Pemkot Kediri Salurkan Bantuan untuk Korban Kebakaran,https://beritajatim.com/pemkot-kediri-salurkan-bantuan-untuk-korban-kebakaran
ann_ec951b891ff4,4376,False,[],"[""DisasterEvent""]","[""jember""]","[""CrisisPreparednessAction"", ""OtherResponseAction""]",False,candidate_unverified,copy_c6452f628b6a,2026-03-30,21:35,beritajatim,"[""response_query""]",beritajatim,test,1,Strategi Hemat Energi Tanpa Mengorbankan Produktivitas,https://beritajatim.com/strategi-hemat-energi-tanpa-mengorbankan-produktivitas
ann_ecb7a9455412,1809,False,"[""corn"", ""rice"", ""sugar""]","[""PestDiseaseEvent"", ""ProductionDisruption""]","[""bojonegoro"", ""gresik"", ""surabaya""]","[""OtherResponseAction""]",False,candidate_unverified,copy_5687c2e19f33,2021-04-15,18:30,beritajatim,"[""disruption_candidate""]",beritajatim,train,1,PG dan BRI Jamin Akses Permodalan Petani Jatim,https://beritajatim.com/pg-dan-bri-jamin-akses-permodalan-petani-jatim
ann_ece50989f1f4,1913,False,[],"[""DisasterEvent""]","[""jember""]",[],False,candidate_unverified,copy_cbdafac02b38,2021-10-01,17:44,kompas,"[""disruption_candidate""]",kompas_regional,train,1,Pemkab Jember Didorong Bentuk Dinas Pemadam Kebakaran Regional 1 Oktober 2021,https://regional.kompas.com/read/2021/10/01/174419978/pemkab-jember-didorong-bentuk-dinas-pemadam-kebakaran
ann_ed00388bfa0b,2626,True,[],"[""DisasterEvent"", ""WeatherDisruption""]","[""pasuruan""]",[],False,candidate_unverified,copy_e43407e86fc8,2025-11-13,11:32,beritajatim,"[""disruption_candidate""]",beritajatim,validation,1,6 Kecamatan Banjir dan 4 Rumah Rusak di Pasuruan Akibat Cuaca Ekstrem,https://beritajatim.com/6-kecamatan-banjir-dan-4-rumah-rusak-di-pasuruan-akibat-cuaca-ekstrem
ann_ed12ea28aa8c,2588,False,[],"[""DisasterEvent""]","[""pacitan"", ""ponorogo""]",[],False,candidate_unverified,copy_757e4089f5e0,2026-01-27,09:07,beritajatim,"[""disruption_candidate""]",beritajatim,test,1,"Pacitan Diguncang Gempa M 5,5, Getaran Terasa Sampai Ponorogo dan Picu Kepanikan Warga",https://beritajatim.com/pacitan-diguncang-gempa-m-55-getaran-terasa-sampai-ponorogo-dan-picu-kepanikan-warga
ann_ed2d8e812963,3022,False,"[""broad_food""]","[""DisasterEvent""]","[""bojonegoro"", ""lamongan"", ""malang""]","[""ProductionAssistance""]",False,candidate_unverified,copy_3c5ee87494aa,2022-01-11,21:06,beritajatim,"[""disruption_candidate""]",beritajatim,train,1,"Rumuskan Solusi Banjir Bengawan Njero, Lamongan Undang BBWS dan DPU SDA Jatim, Apa Hasilnya?",https://beritajatim.com/rumuskan-solusi-banjir-bengawan-njero-lamongan-undang-bbws-dan-dpu-sda-jatim-apa-hasilnya
ann_ed4b814bdc79,1500,True,"[""rice""]","[""WeatherDisruption""]",[],"[""CrisisPreparednessAction""]",False,candidate_unverified,copy_eb6af99f7d77,2023-08-09,,kontan,"[""disruption_candidate"", ""response_query""]",kontan,train,0,"Antisipasi EL Nino, Pemerintah Siapkan KUR Alsintan Rp 5 Miliar untuk Petani",https://nasional.kontan.co.id/news/antisipasi-el-nino-pemerintah-siapkan-kur-alsintan-rp-5-miliar-untuk-petani
ann_ed53dfff8696,1787,False,[],"[""DisasterEvent""]","[""pasuruan""]","[""DistributionIntervention""]",False,candidate_unverified,copy_3470d3457216,2025-11-24,15:22,kompas,"[""disruption_candidate""]",kompas_regional,validation,1,265 Kepala Keluarga Terdampak Banjir di Pasuruan Terima Bantuan Air Bersih Regional 24 November 2025,https://surabaya.kompas.com/read/2025/11/24/152249778/265-kepala-keluarga-terdampak-banjir-di-pasuruan-terima-bantuan-air-bersih
ann_ed5a1ac35ee4,1936,False,"[""shallot""]","[""DisasterEvent""]","[""nganjuk""]",[],False,candidate_unverified,copy_d28b997f69dd,2024-04-24,20:55,detik,"[""disruption_candidate""]",detik_finance,train,1,Harga Bawang Merah Diprediksi Turun 30 Hari Lagi,https://finance.detik.com/berita-ekonomi-bisnis/d-7309148/harga-bawang-merah-diprediksi-turun-30-hari-lagi
ann_ed8fde5d3cf6,3275,False,[],"[""DisasterEvent""]","[""batu"", ""blitar"", ""malang""]",[],False,candidate_unverified,copy_ff97d564a57f,2021-05-21,23:58,detik,"[""disruption_candidate""]",detik_news,train,1,"Cerita Sandiaga Uno Saat Diguncang Gempa Blitar M 5,9",https://news.detik.com/berita-jawa-timur/d-5578265/cerita-sandiaga-uno-saat-diguncang-gempa-blitar-m-5-9
ann_eda6ffb63fb5,3097,False,[],"[""WeatherDisruption""]","[""bojonegoro"", ""lamongan""]","[""DistributionIntervention""]",False,candidate_unverified,copy_f637496f4941,2024-03-19,15:36,kompas,"[""disruption_candidate"", ""response_query""]",kompas_money,train,1,Kementan Percepat Pompanisasi di Lamongan untuk Optimasi Lahan Rawa hingga Tingkatkan IP Money 19 Maret 2024,https://money.kompas.com/read/2024/03/19/153631626/kementan-percepat-pompanisasi-di-lamongan-untuk-optimasi-lahan-rawa-hingga
ann_edaf59d14053,1763,False,"[""broad_food""]","[""DisasterEvent""]","[""jombang""]","[""DistributionIntervention"", ""FoodAssistance""]",False,candidate_unverified,copy_590c1a2fb1aa,2025-06-09,17:36,beritajatim,"[""response_query""]",beritajatim,validation,1,"Peduli Korban Banjir, Kapolres Jombang dan BPBD Salurkan Bantuan Sembako",https://beritajatim.com/peduli-korban-banjir-kapolres-jombang-dan-bpbd-salurkan-bantuan-sembako
ann_edcc6d66abb6,1130,False,[],"[""PestDiseaseEvent""]","[""mojokerto""]",[],False,candidate_unverified,copy_87c76e3137a7,2022-05-12,11:09,beritajatim,"[""disruption_candidate""]",beritajatim,train,1,30 Ekor Sapi di Kabupaten Mojokerto Sembuh dari Wabah PMK,https://beritajatim.com/30-ekor-sapi-di-kabupaten-mojokerto-sembuh-dari-wabah-pmk
ann_edf195e033b7,1592,False,[],"[""DisasterEvent"", ""WeatherDisruption""]","[""madiun"", ""surabaya""]",[],False,candidate_unverified,copy_a67e5bd63b36,2024-12-05,22:28,beritajatim,"[""disruption_candidate""]",beritajatim,train,1,Jalan Alternatif Kota Madiun ke Caruban Lumpuh Akibat Banjir,https://beritajatim.com/jalan-alternatif-madiun-ke-caruban-lumpuh-akibat-banjir
ann_ee37c8f30372,2927,False,[],"[""DisasterEvent""]","[""jember"", ""lumajang""]",[],False,candidate_unverified,copy_0fe52be025ea,2021-12-05,23:37,detik,"[""disruption_candidate""]",detik_news,train,1,RSD dr. Soebandi Jember Terima Rujukan Dua Pasien Korban Erupsi Semeru,https://news.detik.com/berita-jawa-timur/d-5841929/rsd-dr-soebandi-jember-terima-rujukan-dua-pasien-korban-erupsi-semeru
ann_ee43e1e8f736,1810,True,[],"[""DisasterEvent"", ""WeatherDisruption""]","[""pamekasan""]",[],False,candidate_unverified,copy_a941960a68d0,2025-11-03,21:18,beritajatim,"[""disruption_candidate""]",beritajatim,validation,1,14 Rumah dan 3 Pohon Tumbang Akibat Hujan Deras Disertai Angin di Pamekasan,https://beritajatim.com/14-rumah-dan-3-pohon-tumbang-akibat-hujan-deras-disertai-angin-di-pamekasan
ann_ee4b413fddc8,1066,False,[],"[""DisasterEvent""]","[""pacitan"", ""ponorogo""]",[],False,candidate_unverified,copy_452b89d68823,2023-06-08,00:46,beritajatim,"[""disruption_candidate""]",beritajatim,train,1,"Gempa Bumi Guncang Pacitan, Terasa Hingga Ponorogo",https://beritajatim.com/gempa-bumi-guncang-pacitan-terasa-hingga-ponorogo
ann_ee5f31996bca,1619,False,"[""rice""]","[""WeatherDisruption""]",[],[],False,candidate_unverified,copy_f1ee8abbc8ce,2023-07-18,22:26,kompas,"[""disruption_candidate""]",kompas_regional,train,1,"Hadapi El Nino, Mentan Targetkan Banten Produksi 1,5 Juta Ton Beras Regional 18 Juli 2023",https://regional.kompas.com/read/2023/07/18/222621078/hadapi-el-nino-mentan-targetkan-banten-produksi-15-juta-ton-beras
ann_ee64e820cb06,4257,False,"[""broad_food"", ""chili""]","[""PestDiseaseEvent""]","[""ngawi""]","[""InspectionEnforcement"", ""MarketOperationAction"", ""OtherResponseAction""]",False,candidate_unverified,copy_89c7ae46bcaa,2025-12-17,22:47,detik,"[""disruption_candidate"", ""response_query""]",detik_news,validation,1,"Pastikan Harga Stabil, Ibas Tinjau dan Dialog dengan Petani Cabai di Ngawi",https://news.detik.com/berita/d-8265168/pastikan-harga-stabil-ibas-tinjau-dan-dialog-dengan-petani-cabai-di-ngawi
ann_ee8c5a2cf145,1603,False,[],"[""DisasterEvent"", ""WeatherDisruption""]","[""situbondo""]",[],False,candidate_unverified,copy_1b2dc87d56b6,2025-12-15,14:03,kompas,"[""disruption_candidate""]",kompas_regional,validation,1,BPBD: 21 Rumah Diterjang Banjir dari Luapan Sungai di Situbondo Jatim Regional 15 Desember 2025,https://surabaya.kompas.com/read/2025/12/15/140329478/bpbd-21-rumah-diterjang-banjir-dari-luapan-sungai-di-situbondo-jatim
ann_eea3d33c0265,1473,False,"[""rice""]","[""ProductionDisruption""]",[],"[""ImportExportAction"", ""ReserveRelease""]",False,candidate_unverified,copy_4e74b8975016,2024-02-28,10:33,kompas,"[""response_query""]",kompas_money,train,1,"Mentan Klaim Beras Surplus, tapi Kenapa Impor Ditambah? Money 28 Februari 2024",https://money.kompas.com/read/2024/02/28/103300926/mentan-klaim-beras-surplus-tapi-kenapa-impor-ditambah-
ann_eea6f91054c8,2831,False,[],"[""DisasterEvent"", ""WeatherDisruption""]","[""jember""]",[],False,candidate_unverified,copy_97cf84ded881,2025-12-04,15:19,kompas,"[""disruption_candidate""]",kompas_regional,validation,1,"Ketua KNKT Inspeksi Jalur KA di Jember, Ingatkan Ancaman Cuaca Ekstrem Regional 4 Desember 2025",https://surabaya.kompas.com/read/2025/12/04/151905778/ketua-knkt-inspeksi-jalur-ka-di-jember-ingatkan-ancaman-cuaca-ekstrem
ann_eeb7538995f4,1532,False,[],"[""DisasterEvent""]","[""gresik"", ""lamongan"", ""mojokerto"", ""pasuruan"", ""sidoarjo"", ""surabaya""]",[],False,candidate_unverified,copy_67d9f6b617ef,2023-06-19,23:57,detik,"[""disruption_candidate""]",detik_news,train,1,"Di Luar Perkiraan BMKG, Gempa Mojokerto Dipicu Sesar yang Tak Terpetakan",https://news.detik.com/berita/d-6781958/di-luar-perkiraan-bmkg-gempa-mojokerto-dipicu-sesar-yang-tak-terpetakan
ann_eec6bfbbcdaf,2951,False,"[""broad_food""]","[""DisasterEvent""]","[""banyuwangi""]","[""DistributionIntervention""]",False,candidate_unverified,copy_4ede88365525,2026-02-28,16:36,beritajatim,"[""response_query""]",beritajatim,test,1,Gubernur Khofifah Berbagai Bansos dan Tali Asih untuk Warga Banyuwangi,https://beritajatim.com/gubernur-khofifah-berbagai-bansos-dan-tali-asih-untuk-warga-banyuwangi
ann_eed0d292757c,1681,False,"[""corn"", ""rice""]","[""PestDiseaseEvent"", ""ProductionDisruption""]","[""lumajang""]",[],False,candidate_unverified,copy_06b8afca8490,2024-07-09,06:07,beritajatim,"[""disruption_candidate""]",beritajatim,train,1,"Terancam Gagal Panen, Petani di Lumajang Resah Diserang Tikus",https://beritajatim.com/terancam-gagal-panen-petani-di-lumajang-resah-diserang-tikus
ann_eed23389106f,1373,True,"[""shallot""]","[""DisasterEvent"", ""SupplyShortage""]","[""nganjuk""]","[""CrisisPreparednessAction"", ""OtherResponseAction""]",False,candidate_unverified,copy_bf70e3f72a55,2024-04-24,,kontan,"[""disruption_candidate""]",kontan,train,0,Badan Pangan Perkirakan Harga Bawang Merah akan Normal Dalam Satu Bulan ke Depan,https://nasional.kontan.co.id/news/badan-pangan-perkirakan-harga-bawang-merah-akan-normal-dalam-satu-bulan-ke-depan
ann_eedc242ac362,3449,False,"[""broad_food"", ""corn"", ""rice"", ""soybean"", ""wheat""]","[""PestDiseaseEvent""]","[""tuban""]",[],False,candidate_unverified,copy_1f1d624e0fc1,2023-09-05,19:24,beritajatim,"[""disruption_candidate""]",beritajatim,train,1,Watimpres Pakde Karwo Panen Jagung di Tuban,https://beritajatim.com/watimpres-pakde-karwo-panen-jagung-di-tuban
ann_eeec81b799f1,1673,False,[],"[""DisasterEvent""]","[""gresik"", ""malang""]",[],False,candidate_unverified,copy_26935c781ae2,2026-01-08,19:50,beritajatim,"[""disruption_candidate""]",beritajatim,test,1,"Longsor di Pulau Bawean Gresik Terjadi Lagi, Penebangan Pohon Jadi Sorotan Utama",https://beritajatim.com/longsor-di-pulau-bawean-gresik-terjadi-lagi-penebangan-pohon-jadi-sorotan-utama
ann_ef07f3b2fa61,2217,False,"[""broad_food"", ""rice""]","[""WeatherDisruption""]","[""malang""]","[""DistributionIntervention""]",False,candidate_unverified,copy_c6dca43232fb,2023-11-03,14:45,kompas,"[""disruption_candidate""]",kompas_regional,train,1,"Harga Beras di Kabupaten Malang Mulai Terkendali, Bulog Jual CBP Af Seharga Rp 9.950 Per Kilogram Regional 3 November 2023",https://surabaya.kompas.com/read/2023/11/03/144522378/harga-beras-di-kabupaten-malang-mulai-terkendali-bulog-jual-cbp-af-seharga
ann_ef2f1411e83c,2836,True,[],"[""DisasterEvent"", ""WeatherDisruption""]","[""pacitan"", ""ponorogo""]","[""CrisisPreparednessAction"", ""InspectionEnforcement""]",False,candidate_unverified,copy_58a8effb2a73,2026-05-22,16:10,kompas,"[""response_query""]",kompas_regional,test,1,"Talud Jembatan Plapar Ponorogo Longsor, Truk Dialihkan ke Wonogiri Regional 22 Mei 2026",https://surabaya.kompas.com/read/2026/05/22/161007678/talud-jembatan-plapar-ponorogo-longsor-truk-dialihkan-ke-wonogiri
ann_ef7cd89a5533,1634,False,"[""fish""]","[""DisasterEvent""]","[""gresik"", ""lamongan"", ""surabaya"", ""tuban""]",[],False,candidate_unverified,copy_934bbc240338,2024-09-02,21:05,kompas,"[""disruption_candidate""]",kompas_regional,train,1,Pesisir Barat Surabaya Berpotensi Terdampak Banjir Rob hingga Kamis Regional 2 September 2024,https://surabaya.kompas.com/read/2024/09/02/210538878/pesisir-barat-surabaya-berpotensi-terdampak-banjir-rob-hingga-kamis
ann_ef8172315aa3,2283,False,"[""rice""]","[""DisasterEvent""]","[""blitar"", ""malang""]",[],False,candidate_unverified,copy_5dd225916525,2026-01-07,09:55,beritajatim,"[""disruption_candidate""]",beritajatim,test,1,Percikan Knalpot Diesel Hanguskan Gudang Penggilingan Padi di Blitar,https://beritajatim.com/percikan-knalpot-diesel-hanguskan-gudang-penggilingan-padi-di-blitar
ann_ef9c55a8cfdf,2957,False,[],"[""DisasterEvent"", ""WeatherDisruption""]","[""surabaya""]",[],False,candidate_unverified,copy_a7c75b39804b,2021-10-25,21:19,kompas,"[""disruption_candidate""]",kompas_regional,train,1,"Potensi Bencana Alam di Jatim Tinggi, Gubernur Khofifah Minta Daerah Tingkatkan Kesiapsiagaan Regional 25 Oktober 2021",https://regional.kompas.com/read/2021/10/25/211915578/potensi-bencana-alam-di-jatim-tinggi-gubernur-khofifah-minta-daerah
ann_efa5c9da3436,3013,False,"[""broad_food"", ""chili"", ""rice""]","[""DisasterEvent""]","[""lumajang"", ""surabaya""]",[],False,candidate_unverified,copy_72e0c1f9c17d,2021-12-07,16:40,beritajatim,"[""disruption_candidate""]",beritajatim,train,1,PKS Jatim: Pemerintah Harus Pikirkan Hunian Korban Erupsi Semeru,https://beritajatim.com/pks-jatim-pemerintah-harus-pikirkan-hunian-korban-erupsi-semeru
ann_efa9100ec111,4674,False,[],"[""SupplyShortage""]",[],"[""ImportExportAction"", ""ProcurementAction""]",False,candidate_unverified,copy_662ee22aa429,2025-02-26,22:00,bisnis,"[""response_query""]",bisnis,validation,1,"Stok BBM SPBU Shell & BP Sempat Langka, ESDM Bantah Gegara Izin Impor Lama",https://ekonomi.bisnis.com/read/20250226/44/1842895/stok-bbm-spbu-shell-bp-sempat-langka-esdm-bantah-gegara-izin-impor-lama
ann_f00597d9b241,2364,False,[],"[""DisasterEvent"", ""WeatherDisruption""]","[""surabaya""]",[],False,candidate_unverified,copy_9b07c7190787,2026-03-01,,kontan,"[""disruption_candidate""]",kontan,test,0,"Tarif 0% ke AS Dongkrak Daya Saing, Industri Kopi Soroti Produksi yang Stagnan",https://industri.kontan.co.id/news/tarif-0-ke-as-dongkrak-daya-saing-industri-kopi-soroti-produksi-yang-stagnan
ann_f033d1c5e418,2369,False,"[""broad_food"", ""rice""]","[""DisasterEvent""]","[""ponorogo""]",[],False,candidate_unverified,copy_5833e9ec9593,2025-02-05,17:17,beritajatim,"[""disruption_candidate""]",beritajatim,validation,1,Fenomena Tanah Asem-asem di Ponorogo Akibatkan Panen Padi Terancam Mundur,https://beritajatim.com/fenomena-tanah-asem-asem-di-ponorogo-akibatkan-panen-padi-terancam-mundur
ann_f04e5318a645,2708,False,[],"[""DisasterEvent""]","[""pacitan"", ""ponorogo"", ""surabaya"", ""trenggalek""]",[],False,candidate_unverified,copy_ae5a87423130,2026-03-05,07:57,kompas,"[""disruption_candidate""]",kompas_regional,test,1,"Jalur Pacitan-Ponorogo-Trenggalek Rawan Longsor, DPRD Jatim Dorong Mitigasi Jelang Mudik Lebaran Regional 5 Maret 2026",https://surabaya.kompas.com/read/2026/03/05/075723078/jalur-pacitan-ponorogo-trenggalek-rawan-longsor-dprd-jatim-dorong-mitigasi
ann_f050ffb93fd3,1921,False,[],"[""DisasterEvent"", ""WeatherDisruption""]","[""sampang""]","[""CrisisPreparednessAction""]",False,candidate_unverified,copy_2461492afd50,2025-10-24,20:27,beritajatim,"[""disruption_candidate""]",beritajatim,validation,1,"Cuaca Ekstrem Landa Kabupaten Sampang, BPBD Imbau Warga Waspada",https://beritajatim.com/cuaca-ekstrem-landa-kabupaten-sampang-bpbd-imbau-warga-waspada
ann_f09d8084cebd,2653,False,"[""broad_food"", ""corn"", ""rice""]","[""WeatherDisruption""]","[""kediri""]","[""CrisisPreparednessAction"", ""ReserveRelease""]",False,candidate_unverified,copy_21c40f07c373,2023-08-26,10:22,beritajatim,"[""disruption_candidate""]",beritajatim,train,1,"Jaga Stok Pangan, Bupati Kediri Genjot Produktivitas Beras",https://beritajatim.com/jaga-stok-pangan-bupati-kediri-genjot-produktivitas-beras
ann_f0a266bba849,2134,False,[],"[""SupplyShortage""]","[""gresik""]",[],False,candidate_unverified,copy_342ddc4eb77b,2021-07-06,10:31,kompas,"[""disruption_candidate""]",kompas_nasional,train,1,"Pastikan Ketersediaan Oksigen, Menko PMK Datangi Produsen Oksigen Terbesar di Indonesia News 6 Juli 2021",https://nasional.kompas.com/read/2021/07/06/10311901/pastikan-ketersediaan-oksigen-menko-pmk-datangi-produsen-oksigen-terbesar-di
ann_f0ce326643a9,2034,False,"[""broad_food""]","[""SupplyShortage""]","[""madiun""]","[""DistributionIntervention"", ""InspectionEnforcement"", ""ProcurementAction""]",False,candidate_unverified,copy_105d97f0538c,2022-07-06,14:05,kompas,"[""disruption_candidate""]",kompas_regional,train,1,"Diperiksa Soal Korupsi Pupuk Bersubsidi, Wakil Ketua KP3: Saat Itu Tak Ada Keluhan Petani Regional 6 Juli 2022",https://surabaya.kompas.com/read/2022/07/06/140539378/diperiksa-soal-korupsi-pupuk-bersubsidi-wakil-ketua-kp3-saat-itu-tak-ada
ann_f130e5eb4497,1597,False,"[""fish""]","[""DisasterEvent""]","[""jember""]",[],False,candidate_unverified,copy_7d7e92c8a876,2026-02-03,22:03,beritajatim,"[""disruption_candidate""]",beritajatim,test,1,Nelayan Temukan Jenazah ASN Pemkab Jember yang Terseret Banjir Bandang,https://beritajatim.com/nelayan-temukan-jenazah-asn-pemkab-jember-yang-terseret-banjir-bandang
ann_f14687c4df74,2110,True,"[""rice""]","[""SupplyShortage""]","[""pamekasan"", ""sumenep""]","[""CrisisPreparednessAction"", ""MarketOperationAction""]",False,candidate_unverified,copy_6dc9bca223b9,2024-02-28,19:42,beritajatim,"[""disruption_candidate""]",beritajatim,train,1,Bulog Sub Divre Madura Ungkap Penyebab Tingginya Harga Beras,https://beritajatim.com/bulog-sub-divre-madura-ungkap-penyebab-tingginya-harga-beras
ann_f1892e1254df,2228,False,"[""fish""]","[""DisasterEvent""]","[""jember""]",[],False,candidate_unverified,copy_9c41f99876b4,2021-11-08,19:32,kompas,"[""disruption_candidate""]",kompas_regional,train,1,"Raperda APBD Jember 2022, Pemkab Prioritas Sektor Pertanian dan Perikanan Regional 8 November 2021",https://regional.kompas.com/read/2021/11/08/193243378/raperda-apbd-jember-2022-pemkab-prioritas-sektor-pertanian-dan-perikanan
ann_f18ed067382d,1782,False,[],"[""DisasterEvent""]","[""mojokerto""]","[""CrisisPreparednessAction""]",False,candidate_unverified,copy_9665e0606e03,2022-02-24,19:55,beritajatim,"[""response_query""]",beritajatim,train,1,Tahun Ini Pemkab Mojokerto Fokus Penanganan Banjir,https://beritajatim.com/tahun-ini-pemkab-mojokerto-fokus-penanganan-banjir
ann_f1bc0da3328b,2221,False,"[""broad_food""]","[""DisasterEvent""]","[""pasuruan""]","[""DistributionIntervention"", ""FoodAssistance""]",False,candidate_unverified,copy_592252350a6d,2026-01-21,17:10,beritajatim,"[""response_query""]",beritajatim,test,1,"Banjir Belum Surut, Warga Pasuruan Dirikan Dapur Umum Mandiri di Tingkat Desa",https://beritajatim.com/banjir-belum-surut-warga-pasuruan-dirikan-dapur-umum-mandiri-di-tingkat-desa
ann_f234feaa2e4d,1780,True,[],"[""DisasterEvent"", ""WeatherDisruption""]","[""pasuruan""]",[],False,candidate_unverified,copy_6a2c09852eb7,2025-12-04,11:33,kompas,"[""disruption_candidate""]",kompas_regional,validation,1,BPBD Pasuruan Imbau Warga Waspadai Angin Kencang Usai 5 Rumah Warga Rusak Tertimpa Pohon Regional 4 Desember 2025,https://surabaya.kompas.com/read/2025/12/04/113356378/bpbd-pasuruan-imbau-warga-waspadai-angin-kencang-usai-5-rumah-warga-rusak
ann_f2528ef619ed,1755,False,[],"[""DisasterEvent""]","[""malang""]",[],False,candidate_unverified,copy_c294b7775823,2021-03-19,22:56,beritajatim,"[""disruption_candidate""]",beritajatim,train,1,"Kerugian Kebakaran SPBU di Malang Capai Rp750 Juta, Sopir Mikrolet Dalam Pencarian",https://beritajatim.com/kerugian-kebakaran-spbu-di-malang-capai-rp750-juta-sopir-mikrolet-dalam-pencarian
ann_f258bdbc1017,3311,True,"[""broad_food"", ""rice""]","[""ProductionDisruption""]","[""jember""]","[""CrisisPreparednessAction"", ""DistributionIntervention"", ""MarketOperationAction"", ""OtherResponseAction"", ""ProductionAssistance"", ""ReserveRelease""]",False,candidate_unverified,copy_cff1ea819aac,2023-09-29,19:55,beritajatim,"[""disruption_candidate""]",beritajatim,train,1,Pabrik Pupuk Organik Tak Cukup untuk Atasi Kesulitan Petani Jember,https://beritajatim.com/pabrik-pupuk-organik-tak-cukup-untuk-atasi-kesulitan-petani-jember
ann_f2681a7e8c09,1942,True,[],"[""DisasterEvent"", ""WeatherDisruption""]","[""bangkalan"", ""blitar"", ""pacitan"", ""ponorogo"", ""sampang"", ""trenggalek"", ""tulungagung""]","[""CrisisPreparednessAction""]",False,candidate_unverified,copy_c56aa4ed5799,2025-09-11,,kontan,"[""disruption_candidate""]",kontan,validation,0,Peringatan Dini BMKG: Hujan Lebat Mengguyur Pacitan hingga Sampang Pagi Ini,https://regional.kontan.co.id/news/peringatan-dini-bmkg-hujan-lebat-mengguyur-pacitan-hingga-sampang-pagi-ini
ann_f2b31499e5eb,2671,False,[],"[""DisasterEvent""]","[""lumajang"", ""malang""]",[],False,candidate_unverified,copy_1b5a17aabbcf,2025-09-16,21:04,beritajatim,"[""disruption_candidate""]",beritajatim,validation,1,"Fenomena Kemarau Basah Landa Lumajang, Banjir dan Longsor Mengancam",https://beritajatim.com/fenomena-kemarau-basah-landa-lumajang-banjir-dan-longsor-mengancam
ann_f2d54f0fc608,2683,False,"[""rice""]","[""PestDiseaseEvent"", ""WeatherDisruption""]","[""mojokerto"", ""surabaya""]",[],False,candidate_unverified,copy_11b4814cdddc,2024-03-30,10:23,beritajatim,"[""disruption_candidate""]",beritajatim,train,1,Harga Gabah Petani di Mojokerto Anjlok Jelang Panen Raya,https://beritajatim.com/harga-gabah-petani-di-mojokerto-anjlok-jelang-panen-raya
ann_f2e5adfcf1b3,2403,False,[],"[""DisasterEvent""]","[""jombang""]",[],False,candidate_unverified,copy_0a6ead833150,2025-06-09,12:39,kompas,"[""disruption_candidate""]",kompas_regional,validation,1,"Banjir di Jombang, Belasan Desa Terendam Regional 9 Juni 2025",https://surabaya.kompas.com/read/2025/06/09/123933778/banjir-di-jombang-belasan-desa-terendam
ann_f2f26a2259d1,1635,False,[],"[""DisasterEvent"", ""WeatherDisruption""]","[""bangkalan"", ""banyuwangi"", ""batu"", ""blitar"", ""gresik"", ""jember"", ""kediri"", ""lamongan"", ""lumajang"", ""malang"", ""mojokerto"", ""nganjuk"", ""pasuruan"", ""probolinggo"", ""sampang"", ""situbondo"", ""sumenep"", ""surabaya"", ""trenggalek"", ""tuban""]",[],False,candidate_unverified,copy_56a36a33872b,2022-09-05,17:37,beritajatim,"[""disruption_candidate""]",beritajatim,train,1,Waspada! BMKG Ingatkan Warga Jatim Soal Bencana Hidrometeorologi,https://beritajatim.com/waspada-bmkg-ingatkan-warga-jatim-soal-bencana-hidrometeorologi
ann_f3618c251048,1272,False,[],"[""DisasterEvent""]","[""madiun""]",[],False,candidate_unverified,copy_ba68ebd44a77,2025-09-22,10:37,beritajatim,"[""disruption_candidate""]",beritajatim,validation,1,Hujan Disertai Angin Kencang di Madiun Rusakkan Puluhan Rumah,https://beritajatim.com/hujan-disertai-angin-kencang-di-madiun-rusakkan-puluhan-rumah
ann_f372d42e2bba,5664,False,[],"[""DisasterEvent""]","[""jember""]","[""CrisisPreparednessAction""]",False,candidate_unverified,copy_32825a94fd18,2023-10-06,07:19,beritajatim,"[""response_query""]",beritajatim,train,1,"Pagi Rakor Karhutla, Malam Lereng Argopuro Jember Terbakar",https://beritajatim.com/pagi-rakor-karhutla-malam-lereng-argopuro-jember-terbakar
ann_f39f11f8b1fc,2825,False,"[""broad_food"", ""chili"", ""shallot""]","[""PestDiseaseEvent""]","[""banyuwangi"", ""lumajang"", ""malang"", ""nganjuk"", ""pasuruan"", ""probolinggo"", ""surabaya""]","[""MarketOperationAction""]",False,candidate_unverified,copy_693add2201ff,2024-10-18,07:01,beritajatim,"[""disruption_candidate""]",beritajatim,train,1,Sugirah Beber Kunci Banyuwangi Raih Tiga Besar TPID Tingkat Provinsi Jatim,https://beritajatim.com/sugirah-beber-kunci-banyuwangi-raih-tiga-besar-tpid-tingkat-provinsi-jatim
ann_f3d1401bb585,2188,False,"[""broad_food"", ""chicken_eggs"", ""chili"", ""cooking_oil"", ""garlic"", ""rice"", ""shallot""]","[""ProductionDisruption"", ""SupplyShortage""]","[""magetan""]",[],False,candidate_unverified,copy_434971d22ca7,2021-12-19,17:21,beritajatim,"[""disruption_candidate""]",beritajatim,train,1,"Jelang Nataru, Harga Sembako di Magetan Naik",https://beritajatim.com/jelang-nataru-harga-sembako-di-magetan-naik
ann_f3d1d748f42e,2111,True,[],"[""DisasterEvent"", ""WeatherDisruption""]","[""gresik"", ""jombang"", ""mojokerto"", ""surabaya""]",[],False,candidate_unverified,copy_7c7115391c6e,2025-06-12,13:21,kompas,"[""disruption_candidate""]",kompas_regional,validation,1,"Banjir Luapan Kali Lamong, Pemprov Jatim Akan Bangun Dinding Penahan dan Kolam Retensi Regional 12 Juni 2025",https://surabaya.kompas.com/read/2025/06/12/132152678/banjir-luapan-kali-lamong-pemprov-jatim-akan-bangun-dinding-penahan-dan
ann_f3dec871777b,1745,False,[],"[""DisasterEvent""]","[""blitar"", ""malang""]",[],False,candidate_unverified,copy_61597a233e49,2021-05-22,15:46,kompas,"[""disruption_candidate""]",kompas_regional,train,1,"Agar Bantuan Gempa Blitar Cepat Cair, Khofifah: Data Kerusakan Segera Diajukan ke BNPB Regional 22 Mei 2021",https://regional.kompas.com/read/2021/05/22/154612678/agar-bantuan-gempa-blitar-cepat-cair-khofifah-data-kerusakan-segera
ann_f3f689295346,1876,False,"[""broad_food"", ""chicken_eggs"", ""cooking_oil""]","[""DisasterEvent""]","[""gresik""]",[],False,candidate_unverified,copy_7bd2d91ec720,2025-12-24,21:28,beritajatim,"[""disruption_candidate""]",beritajatim,validation,1,Petrokimia Gresik Ringankan Beban Korban Banjir Kali Lamong Lewat Bantuan Sembako,https://beritajatim.com/petrokimia-gresik-ringankan-beban-korban-banjir-kali-lamong-lewat-bantuan-sembako
ann_f400a56c8e4f,2860,False,[],"[""DisasterEvent"", ""WeatherDisruption""]","[""surabaya""]",[],False,candidate_unverified,copy_98ce6cdbc3cc,2026-01-16,17:11,kompas,"[""disruption_candidate""]",kompas_regional,test,1,"Kampung Taman Pelangi Dibongkar, Eri Cahyadi Akan Perbaiki Drainase Atasi Banjir Surabaya Regional 16 Januari 2026",https://surabaya.kompas.com/read/2026/01/16/171139278/kampung-taman-pelangi-dibongkar-eri-cahyadi-akan-perbaiki-drainase-atasi
ann_f40653846202,2344,False,"[""broad_food""]","[""SupplyShortage""]",[],"[""DistributionIntervention"", ""OtherResponseAction"", ""ProductionAssistance""]",False,candidate_unverified,copy_01d9a5d5a5c4,2021-02-03,10:34,kompas,"[""disruption_candidate""]",kompas_money,train,1,"Dukung Ketahanan Pangan Nasional, Kementan Galakkan Program Percepatan Tanam Money 3 Februari 2021",https://money.kompas.com/read/2021/02/03/103447026/dukung-ketahanan-pangan-nasional-kementan-galakkan-program-percepatan-tanam
ann_f429ecb7aab1,1800,True,"[""broad_food"", ""chili"", ""corn"", ""shallot""]","[""SupplyShortage""]","[""batu"", ""malang""]","[""CrisisPreparednessAction"", ""InspectionEnforcement""]",False,candidate_unverified,copy_0592d2b29f6f,2022-09-09,14:38,beritajatim,"[""disruption_candidate""]",beritajatim,train,1,Begini Cara Pemkot Batu Kendalikan Inflasi dan Ketahanan Pangan,https://beritajatim.com/begini-cara-pemkot-batu-kendalikan-inflasi-dan-ketahanan-pangan
ann_f44a9477bf55,2305,False,[],"[""DisasterEvent"", ""WeatherDisruption""]","[""malang""]",[],False,candidate_unverified,copy_e28749221398,2026-01-27,15:24,beritajatim,"[""disruption_candidate""]",beritajatim,test,1,Satlantas Polres Malang Petakan Jalur Tengkorak dan Titik Rawan Bencana Jelang Ramadhan,https://beritajatim.com/satlantas-polres-malang-petakan-jalur-tengkorak-dan-titik-rawan-bencana-jelang-ramadhan
ann_f480b735ab79,2487,False,[],"[""DisasterEvent""]","[""pasuruan""]",[],False,candidate_unverified,copy_b624e9a9e1b9,2025-12-02,11:19,kompas,"[""disruption_candidate""]",kompas_regional,validation,1,"Pabrik Botol Plastik di Pasuruan Kebakaran, Api Sempat Buat Panik Warga Sekitar Regional 2 Desember 2025",https://surabaya.kompas.com/read/2025/12/02/111937978/pabrik-botol-plastik-di-pasuruan-kebakaran-api-sempat-buat-panik-warga
ann_f48262525392,3146,False,[],"[""DisasterEvent"", ""WeatherDisruption""]","[""surabaya""]","[""CrisisPreparednessAction"", ""DistributionIntervention"", ""FoodAssistance""]",False,candidate_unverified,copy_9ed9e95e2ae3,2025-12-25,,kontan,"[""disruption_candidate"", ""response_query""]",kontan,validation,0,Pertamina Patra Niaga Perkuat Pasokan Energi Jelang Nataru 2025/2026,https://industri.kontan.co.id/news/pertamina-patra-niaga-perkuat-pasokan-energi-jelang-nataru-20252026
ann_f4b479f7b1a7,2090,False,[],"[""DisasterEvent"", ""WeatherDisruption""]","[""lamongan"", ""mojokerto"", ""pasuruan""]","[""CrisisPreparednessAction""]",False,candidate_unverified,copy_86df8ffb3818,2026-03-25,16:12,beritajatim,"[""disruption_candidate""]",beritajatim,test,1,"Modifikasi Cuaca Jatim Berakhir, Tiga Wilayah Masih Dikepung Banjir",https://beritajatim.com/modifikasi-cuaca-jatim-berakhir-tiga-wilayah-masih-dikepung-banjir
ann_f4fbd3157020,3795,True,[],"[""DisasterEvent""]","[""surabaya""]","[""CrisisPreparednessAction"", ""DistributionIntervention"", ""OtherResponseAction""]",False,candidate_unverified,copy_994bea013557,2025-03-26,,kontan,"[""disruption_candidate"", ""response_query""]",kontan,validation,0,Dirut Pertamina Pastikan Pasokan Energi area Jawa Timur sampai Nusa Tenggara Aman,https://native.kontan.co.id/news/dirut-pertamina-pastikan-pasokan-energi-area-jawa-timur-sampai-nusa-tenggara-aman
ann_f5296c54bcea,1668,False,[],"[""DisasterEvent"", ""WeatherDisruption""]","[""bojonegoro""]",[],False,candidate_unverified,copy_5970e8f7797b,2024-02-21,13:58,beritajatim,"[""disruption_candidate""]",beritajatim,train,1,Dua Titik Bantaran Sungai di Padangan Bojonegoro Longsor,https://beritajatim.com/dua-titik-bantaran-sungai-di-padangan-bojonegoro-longsor
ann_f52d7195c507,3468,False,[],"[""DisasterEvent"", ""WeatherDisruption""]","[""banyuwangi""]","[""CrisisPreparednessAction""]",False,candidate_unverified,copy_32693f48aeff,2026-02-09,10:26,beritajatim,"[""disruption_candidate""]",beritajatim,test,1,"Puluhan Rumah di Banyuwangi Rusak Diterjang Angin Kencang, BPBD Salurkan Bantuan Darurat",https://beritajatim.com/puluhan-rumah-di-banyuwangi-rusak-diterjang-angin-kencang-bpbd-salurkan-bantuan-darurat
ann_f537d7bda135,1470,False,"[""broad_food""]","[""DisasterEvent""]","[""gresik""]",[],False,candidate_unverified,copy_ff20a0c2a12d,2021-01-02,22:11,detik,"[""disruption_candidate""]",detik_news,train,1,"Gresik Masih Terselimuti Banjir, Polisi Terjun Berikan Bantuan",https://news.detik.com/berita-jawa-timur/d-5318771/gresik-masih-terselimuti-banjir-polisi-terjun-berikan-bantuan
ann_f541ad2818dd,2635,True,[],"[""DisasterEvent"", ""WeatherDisruption""]","[""kediri""]","[""CrisisPreparednessAction""]",False,candidate_unverified,copy_b40769a24bf8,2022-10-14,07:42,kompas,"[""disruption_candidate""]",kompas_regional,train,1,"Antisipasi Bencana akibat Cuaca Ekstrem, Pemkot Kediri Pangkas Pohon hingga Benahi Drainase Regional 14 Oktober 2022",https://regional.kompas.com/read/2022/10/14/074219978/antisipasi-bencana-akibat-cuaca-ekstrem-pemkot-kediri-pangkas-pohon-hingga
ann_f560624d6ea0,2194,False,[],"[""DisasterEvent"", ""WeatherDisruption""]","[""jombang""]",[],False,candidate_unverified,copy_2a486e8d5165,2022-03-11,12:13,kompas,"[""disruption_candidate""]",kompas_regional,train,1,"Sekolah di Jombang Terendam Banjir, Ratusan Siswa Diliburkan Regional 11 Maret 2022",https://surabaya.kompas.com/read/2022/03/11/121308078/sekolah-di-jombang-terendam-banjir-ratusan-siswa-diliburkan
ann_f575e67c4868,1733,False,[],"[""DisasterEvent""]","[""tuban""]",[],False,candidate_unverified,copy_453acd2478a0,2025-12-10,05:54,kompas,"[""disruption_candidate""]",kompas_regional,validation,1,Puluhan Rumah Warga di Tuban Rusak Diterjang Angin Puting Beliung Regional 10 Desember 2025,https://surabaya.kompas.com/read/2025/12/10/055443178/puluhan-rumah-warga-di-tuban-rusak-diterjang-angin-puting-beliung
ann_f5b90dc60ba8,6931,False,[],"[""DisasterEvent""]","[""gresik""]","[""ProcurementAction""]",False,candidate_unverified,copy_faf435da1b77,2025-08-10,,kontan,"[""response_query""]",kontan,validation,0,"Industri Kimia Waspadai Tekanan dari Banjir Impor, Geopolitik dan Daya Beli",https://industri.kontan.co.id/news/industri-kimia-waspadai-tekanan-dari-banjir-impor-geopolitik-dan-daya-beli
ann_f5ebf650d948,1652,True,"[""soybean""]","[""DisasterEvent""]","[""bondowoso""]","[""CrisisPreparednessAction""]",False,candidate_unverified,copy_3c2ad41917d0,2025-07-19,09:38,beritajatim,"[""response_query""]",beritajatim,validation,1,"Pabrik Tahu di Bondowoso Terbakar, Api Merambat ke Salon Kecantikan",https://beritajatim.com/pabrik-tahu-di-bondowoso-terbakar-api-merambat-ke-salon-kecantikan
ann_f5f66a871af8,1901,False,[],"[""DisasterEvent""]","[""lumajang""]","[""OtherResponseAction""]",False,candidate_unverified,copy_589050285d97,2023-02-15,10:27,kompas,"[""response_query""]",kompas_regional,train,1,"Minibus Terbakar di SPBU Petahunan Lumajang, Diduga Selesai Kulak BBM Bersubsidi Regional 15 Februari 2023",https://surabaya.kompas.com/read/2023/02/15/102715378/minibus-terbakar-di-spbu-petahunan-lumajang-diduga-selesai-kulak-bbm
ann_f63d1b0e2eb9,1994,False,[],"[""DisasterEvent""]","[""malang""]",[],False,candidate_unverified,copy_ceb94fbacead,2024-12-10,15:45,beritajatim,"[""disruption_candidate""]",beritajatim,train,1,Banjir Malang Selatan Rusak 59 Infrastruktur Publik,https://beritajatim.com/banjir-malang-selatan-rusak-59-infrastruktur-publik
ann_f6925537ae95,2302,False,[],"[""DisasterEvent""]","[""malang"", ""mojokerto"", ""pasuruan""]",[],False,candidate_unverified,copy_97c087c14d03,2021-02-05,,kontan,"[""disruption_candidate""]",kontan,train,0,Misteri dentuman di Malang Selasa (2/2) dijelaskan oleh BMKG,https://regional.kontan.co.id/news/ini-jawaban-bmkg-tentang-misteri-dentuman-di-malang-selasa-22
ann_f6b2e6f433a3,4004,True,[],"[""DisasterEvent""]","[""gresik"", ""tuban""]",[],False,candidate_unverified,copy_d252c2be687c,2024-04-26,,kontan,"[""disruption_candidate""]",kontan,train,0,PT Uni-Charm Indonesia Tbk Dukung Korban Bencana Alam di Jatim lewat Donasi Produk,https://pressrelease.kontan.co.id/news/pt-uni-charm-indonesia-tbk-dukung-korban-bencana-alam-di-jatim-lewat-donasi-produk
ann_f6d36d769f2f,4553,False,"[""sugar""]","[""ProductionDisruption"", ""WeatherDisruption""]","[""banyuwangi"", ""jember""]","[""CrisisPreparednessAction""]",False,candidate_unverified,copy_06211890d5fe,2022-07-25,,kontan,"[""disruption_candidate"", ""response_query""]",kontan,train,0,"Gaet Petani, PTPN III Melalui Pabrik Glenmore Telah Memproduksi 13.100 Ton Gula",https://industri.kontan.co.id/news/gaet-petani-ptpn-iii-melalui-pabrik-glenmore-telah-memproduksi-13100-ton-gula
ann_f6db447507e8,1986,False,[],"[""WeatherDisruption""]","[""sidoarjo"", ""surabaya""]",[],False,candidate_unverified,copy_82670739bff5,2022-09-27,,kontan,"[""disruption_candidate""]",kontan,train,0,"Panasnya Pol, Ini Penyebab Suhu Maksimum di Surabaya Dekati 37°C Menurut BMKG",https://regional.kontan.co.id/news/panasnya-pol-ini-penyebab-suhu-maksimum-di-surabaya-dekati-37c-menurut-bmkg
ann_f6ea66cc789f,1550,False,[],"[""DisasterEvent""]","[""gresik""]","[""DistributionIntervention"", ""FoodAssistance""]",False,candidate_unverified,copy_9bf5e152dfd8,2025-12-06,12:19,kompas,"[""disruption_candidate"", ""response_query""]",kompas_regional,validation,1,Hujan dan Angin Kencang Rusak 115 Rumah Warga di Driyorejo Gresik Regional 6 Desember 2025,https://regional.kompas.com/read/2025/12/06/121949478/hujan-dan-angin-kencang-rusak-115-rumah-warga-di-driyorejo-gresik
ann_f7056a824a40,1226,False,"[""broad_food"", ""chili"", ""cooking_oil""]","[""WeatherDisruption""]",[],[],False,candidate_unverified,copy_fe81c7c10fee,2021-12-26,,kontan,"[""disruption_candidate""]",kontan,train,0,"Harga Minyak Goreng Masih Mahal, Ini yang Dilakukan Kemendag",https://nasional.kontan.co.id/news/harga-minyak-goreng-masih-mahal-ini-yang-dilakukan-kemendag
ann_f7064263add2,2829,False,[],"[""DisasterEvent""]","[""surabaya""]","[""ProcurementAction""]",False,candidate_unverified,copy_ffb17d17a9bb,2021-02-16,18:42,beritajatim,"[""disruption_candidate""]",beritajatim,train,1,Menko PMK Upayakan Pengadaan Mesin Plasma Konvelesen,https://beritajatim.com/menko-pmk-upayakan-pengadaan-mesin-plasma-konvelesen
ann_f70f4b51bde4,2797,False,"[""rice""]","[""PestDiseaseEvent""]","[""bojonegoro""]",[],False,candidate_unverified,copy_74d48a7c6766,2021-08-08,,kontan,"[""disruption_candidate""]",kontan,train,0,"Kembangkan teknologi bio presisi tanaman padi, IPB berkolaborasi dengan Prima Agro",https://industri.kontan.co.id/news/kembangkan-teknologi-bio-presisi-tanaman-padi-ipb-berkolaborasi-dengan-prima-agro
ann_f72807158b4b,2200,False,"[""broad_food""]","[""DisasterEvent""]","[""malang""]",[],False,candidate_unverified,copy_039e5837785b,2021-04-11,23:51,beritajatim,"[""disruption_candidate""]",beritajatim,train,1,Kisah Haru Ayah Sukri Saat Gempa di Malang,https://beritajatim.com/kisah-haru-ayah-sukri-saat-gempa-di-malang
ann_f7296bf898de,2446,False,"[""broad_food"", ""chili""]","[""DisasterEvent""]","[""tuban""]","[""DistributionIntervention""]",False,candidate_unverified,copy_2741061dbfe3,2025-12-10,21:40,kompas,"[""disruption_candidate"", ""response_query""]",kompas_regional,validation,1,Wabup Tuban Tinjau Rumah Warga Terdampak Angin Puting Beliung dan Serahkan Bantuan Regional 10 Desember 2025,https://surabaya.kompas.com/read/2025/12/10/214003578/wabup-tuban-tinjau-rumah-warga-terdampak-angin-puting-beliung-dan-serahkan
ann_f74592befa94,2786,False,[],"[""SupplyShortage""]",[],[],False,candidate_unverified,copy_b9abbb5ad807,2021-06-25,,kontan,"[""disruption_candidate""]",kontan,train,0,"Gencar koordinasi, Kemenkes pastikan stok tabung oksigen untuk sektor medis aman",https://nasional.kontan.co.id/news/gencar-koordinasi-kemenkes-pastikan-stok-tabung-oksigen-untuk-sektor-medis-aman
ann_f74d6b71ce1f,2489,True,"[""broad_food"", ""rice""]","[""DisasterEvent"", ""ProductionDisruption""]","[""magetan"", ""pacitan"", ""ponorogo""]","[""CrisisPreparednessAction""]",False,candidate_unverified,copy_e78f9f154dc1,2023-01-21,13:46,beritajatim,"[""disruption_candidate""]",beritajatim,train,1,"Harga Beras di Magetan Terus Naik, Ini Penyebabnya",https://beritajatim.com/harga-beras-di-magetan-terus-naik-ini-penyebabnya
ann_f763bfdeaf6c,1597,False,"[""broad_food"", ""rice""]","[""DisasterEvent"", ""ProductionDisruption"", ""WeatherDisruption""]","[""lumajang""]",[],False,candidate_unverified,copy_4b3397644941,2025-11-03,16:18,kompas,"[""disruption_candidate""]",kompas_regional,validation,1,"Banjir Terjang Lumajang, 88 Hektar Sawah di 5 Kecamatan Terendam Regional 3 November 2025",https://surabaya.kompas.com/read/2025/11/03/161830478/banjir-terjang-lumajang-88-hektar-sawah-di-5-kecamatan-terendam
ann_f76e9936d475,1491,False,[],"[""DisasterEvent"", ""WeatherDisruption""]","[""situbondo""]",[],False,candidate_unverified,copy_4ade43dbf4bf,2026-01-13,21:29,kompas,"[""disruption_candidate""]",kompas_regional,test,1,"Belasan Rumah di Situbondo Rusak Terdampak Puting Beliung, Tak Ada Korban Jiwa Regional 13 Januari 2026",https://surabaya.kompas.com/read/2026/01/13/212937578/belasan-rumah-di-situbondo-rusak-terdampak-puting-beliung-tak-ada-korban
ann_f7719ad63255,2997,True,"[""rice""]","[""DisasterEvent"", ""WeatherDisruption""]","[""malang"", ""surabaya""]","[""CrisisPreparednessAction"", ""ReserveRelease""]",False,candidate_unverified,copy_8ca095c1dfd4,2023-10-10,13:59,beritajatim,"[""disruption_candidate""]",beritajatim,train,1,Pj Wali Kota Malang Ikuti Instruksi Khofifah Soal Cadangan Beras Pemerintah,https://beritajatim.com/pj-wali-kota-malang-ikuti-instruksi-khofifah-soal-cadangan-beras-pemerintah
ann_f787922c274a,3118,True,"[""cooking_oil"", ""rice"", ""sugar""]","[""SupplyShortage""]","[""sumenep"", ""surabaya""]",[],False,candidate_unverified,copy_6a3e9179841d,2023-03-01,20:40,beritajatim,"[""disruption_candidate""]",beritajatim,train,1,Khofifah Lepas KRI Malahayati 362 Bawa Bantuan Logistik ke Masalembu,https://beritajatim.com/khofifah-lepas-kri-malahayati-362-bawa-bantuan-logistik-ke-masalembu
ann_f7a83631d445,3278,False,[],"[""DisasterEvent"", ""WeatherDisruption""]","[""bangkalan"", ""banyuwangi"", ""batu"", ""blitar"", ""bojonegoro"", ""bondowoso"", ""gresik"", ""jember"", ""kediri"", ""lamongan"", ""lumajang"", ""madiun"", ""magetan"", ""malang"", ""mojokerto"", ""nganjuk"", ""ngawi"", ""pacitan"", ""pamekasan"", ""pasuruan"", ""ponorogo"", ""probolinggo"", ""sampang"", ""sidoarjo"", ""situbondo"", ""sumenep"", ""surabaya"", ""trenggalek"", ""tuban"", ""tulungagung""]",[],False,candidate_unverified,copy_40c9b9033316,2026-01-22,08:25,beritajatim,"[""disruption_candidate""]",beritajatim,test,1,"Awas Cuaca Ekstrem Jawa Timur Meningkat! Waspada Banjir, Longsor dan Angin Kencang",https://beritajatim.com/awas-cuaca-ekstrem-jawa-timur-meningkat-waspada-banjir-longsor-dan-angin-kencang
ann_f7ae0cbe7a1e,3287,False,"[""beef"", ""broad_food"", ""chicken_eggs"", ""chicken_meat"", ""chili"", ""cooking_oil"", ""garlic"", ""shallot"", ""sugar""]","[""SupplyShortage"", ""WeatherDisruption""]",[],"[""CrisisPreparednessAction"", ""ProcurementAction""]",False,candidate_unverified,copy_5488bacad471,2022-01-10,,kontan,"[""disruption_candidate"", ""response_query""]",kontan,train,0,Kemendag Pastikan Stok Bahan Pokok Aman Walau Ada Kenaikan Harga,https://industri.kontan.co.id/news/kemendag-pastikan-stok-bahan-pokok-aman-walau-ada-kenaikan-harga
ann_f7b3b25aca92,3560,False,"[""corn"", ""rice""]","[""PestDiseaseEvent""]","[""lamongan""]","[""ProductionAssistance""]",False,candidate_unverified,copy_f301b2a8d089,2026-05-30,21:37,kompas,"[""response_query""]",kompas_regional,test,1,Dongkrak Produktivitas dan Hilirisasi Pertanian di Lamongan News 30 Mei 2026,https://regional.kompas.com/read/2026/05/30/21372241/dongkrak-produktivitas-dan-hilirisasi-pertanian-di-lamongan
ann_f7baba476724,2329,False,[],"[""DisasterEvent"", ""WeatherDisruption""]","[""kediri"", ""madiun"", ""magetan"", ""nganjuk"", ""ngawi"", ""pacitan"", ""ponorogo"", ""trenggalek"", ""tulungagung""]",[],False,candidate_unverified,copy_9f5c5211ae93,2023-03-17,,kontan,"[""disruption_candidate""]",kontan,train,0,"BMKG Catat Gempa Terkini Magnitudo 5,2 Guncang Yogyakarta, Terasa Sampai Jawa Timur",https://momsmoney.kontan.co.id/news/bmkg-catat-gempa-terkini-magnitudo-52-guncang-yogyakarta-terasa-sampai-jawa-timur
ann_f7c70b1455aa,2475,False,[],"[""DisasterEvent""]","[""surabaya""]","[""InspectionEnforcement""]",False,candidate_unverified,copy_5c2b8e99a68a,2026-05-13,16:17,beritajatim,"[""response_query""]",beritajatim,test,1,DPRD Surabaya Bongkar Dugaan Dapur MBG Tak Higienis di Hadapan Natalius Pigai,https://beritajatim.com/dprd-surabaya-bongkar-dugaan-dapur-mbg-tak-higienis-di-hadapan-natalius-pigai
ann_f7fb23f093ba,2550,False,"[""broad_food"", ""chicken_eggs"", ""chicken_meat"", ""chili"", ""cooking_oil"", ""rice"", ""shallot""]","[""WeatherDisruption""]","[""madiun""]","[""InspectionEnforcement""]",False,candidate_unverified,copy_2acd13989f9f,2026-02-10,21:14,kompas,"[""disruption_candidate"", ""response_query""]",kompas_money,test,1,"Jelang Ramadhan, Harga Cabai Rawit di Madiun Melonjak hingga Rp 80.000 Per Kilogram Money 10 Februari 2026",https://money.kompas.com/read/2026/02/10/211400226/jelang-ramadhan-harga-cabai-rawit-di-madiun-melonjak-hingga-rp-80.000-per
ann_f88bbae022e2,1394,False,"[""broad_food"", ""rice""]","[""WeatherDisruption""]","[""banyuwangi""]","[""FoodAssistance"", ""ReserveRelease""]",False,candidate_unverified,copy_631463017e0c,2023-12-27,15:12,beritajatim,"[""disruption_candidate""]",beritajatim,train,1,"Jokowi Serahkan BLT El Nino, Warga Banyuwangi Gembira",https://beritajatim.com/jokowi-serahkan-blt-el-nino-warga-banyuwangi-gembira
ann_f8a0ab914e3d,3348,False,"[""corn"", ""rice""]","[""SupplyShortage""]","[""banyuwangi"", ""gresik"", ""jember"", ""ponorogo""]","[""DistributionIntervention"", ""OtherResponseAction""]",False,candidate_unverified,copy_062de607d9e3,2021-04-01,18:59,kompas,"[""disruption_candidate""]",kompas_money,train,1,"2,1 Juta Ton Pupuk Subsidi Disiapkan untuk 6 Minggu ke Depan Money 1 April 2021",https://money.kompas.com/read/2021/04/01/185951826/21-juta-ton-pupuk-subsidi-disiapkan-untuk-6-minggu-ke-depan
ann_f90979de298a,1866,True,[],"[""DisasterEvent"", ""WeatherDisruption""]","[""pamekasan""]",[],False,candidate_unverified,copy_25cf019bbf82,2026-01-17,12:32,beritajatim,"[""disruption_candidate""]",beritajatim,test,1,"Hujan Deras Picu Longsor di Pasean Pamekasan, Jalan Desa Lumpuh Total",https://beritajatim.com/longsor-pasean-pamekasan-hujan-deras-jalan-lumpuh
ann_f91030042cf2,2025,False,[],"[""DisasterEvent""]","[""magetan""]",[],False,candidate_unverified,copy_2e393f34ef35,2025-11-10,23:36,beritajatim,"[""disruption_candidate""]",beritajatim,validation,1,Kronologi Warga Poncol Tewas Tertimpa Longsor di Janggan Magetan,https://beritajatim.com/kronologi-warga-poncol-tewas-tertimpa-longsor-di-janggan-magetan
ann_f93ccd76f15f,1698,False,[],"[""DisasterEvent""]","[""jember""]",[],False,candidate_unverified,copy_288e6237baed,2026-02-14,17:38,beritajatim,"[""disruption_candidate""]",beritajatim,test,1,"Jember Dikepung Banjir, Bupati Fawait Sebut Dua Persoalan",https://beritajatim.com/jember-dikepung-banjir-bupati-fawait-sebut-dua-persoalan
ann_f95088a24b39,2344,False,"[""broad_food""]","[""DisasterEvent""]","[""sidoarjo""]","[""DistributionIntervention""]",False,candidate_unverified,copy_0031ad93fdf6,2025-12-12,13:24,kompas,"[""disruption_candidate"", ""response_query""]",kompas_regional,validation,1,33 Lembaga Zakat Jatim Kirim 103 Ton Bantuan ke Bencana Sumatera Regional 12 Desember 2025,https://surabaya.kompas.com/read/2025/12/12/132443778/33-lembaga-zakat-jatim-kirim-103-ton-bantuan-ke-bencana-sumatera
ann_f951d12cf252,1981,False,[],"[""DisasterEvent""]","[""magetan""]",[],False,candidate_unverified,copy_2469815c06d7,2025-11-10,21:12,kompas,"[""disruption_candidate""]",kompas_regional,validation,1,"Magetan Diguyur Hujan 4 Jam, Satu Pengendara Motor Tewas Tertimbun Talut Jalan yang Longsor Regional 10 November 2025",https://surabaya.kompas.com/read/2025/11/10/211229578/magetan-diguyur-hujan-4-jam-satu-pengendara-motor-tewas-tertimbun-talut
ann_f9b1cacec45a,2056,True,[],"[""DisasterEvent"", ""WeatherDisruption""]","[""surabaya""]",[],False,candidate_unverified,copy_c0708324b8c7,2025-11-07,06:09,kompas,"[""disruption_candidate""]",kompas_regional,validation,1,"Cuaca Ekstrem, Pemkot Surabaya Bersihkan Saluran dan Tambah Rumah Pompa Regional 7 November 2025",https://surabaya.kompas.com/read/2025/11/07/060919778/cuaca-ekstrem-pemkot-surabaya-bersihkan-saluran-dan-tambah-rumah-pompa
ann_fa0e618083f4,2399,False,[],"[""DisasterEvent"", ""WeatherDisruption""]","[""blitar""]",[],False,candidate_unverified,copy_c038590e2541,2024-03-13,22:43,kompas,"[""disruption_candidate""]",kompas_regional,train,1,8 Rumah dan 2 Pemotor Tertimpa Pohon akibat Angin Kencang di Blitar Regional 13 Maret 2024,https://surabaya.kompas.com/read/2024/03/13/224311478/8-rumah-dan-2-pemotor-tertimpa-pohon-akibat-angin-kencang-di-blitar
ann_fa284148bcfc,849,False,[],"[""DisasterEvent""]","[""pasuruan""]",[],False,candidate_unverified,copy_99adc335d117,2021-12-12,23:53,detik,"[""disruption_candidate""]",detik_news,train,1,Komunitas Barbershop Pasuruan Gelar Cukur Massal Bantu Korban Erupsi Semeru,https://news.detik.com/berita-jawa-timur/d-5852011/komunitas-barbershop-pasuruan-gelar-cukur-massal-bantu-korban-erupsi-semeru
ann_fa61eff5e77e,1920,False,[],"[""DisasterEvent""]","[""situbondo""]","[""DistributionIntervention"", ""FoodAssistance""]",False,candidate_unverified,copy_ea0d68b8da29,2026-03-09,20:59,beritajatim,"[""response_query""]",beritajatim,test,1,"Kebakaran Hanguskan Rumah Semi Permanen di Sumbermalang Situbondo, Kerugian Capai Rp25 Juta",https://beritajatim.com/kebakaran-hanguskan-rumah-semi-permanen-di-sumbermalang-situbondo-kerugian-capai-rp25-juta
ann_fa61f45c80da,1502,False,"[""chili""]","[""DisasterEvent""]","[""lumajang""]",[],False,candidate_unverified,copy_cb873b37c4a8,2025-11-21,11:37,beritajatim,"[""disruption_candidate""]",beritajatim,validation,1,"161 Ternak di Lumajang Selamat dari Erupsi Semeru, Pemkab Siapkan Bantuan Pakan",https://beritajatim.com/161-ternak-lumajang-terdampak-erupsi-semeru-bantuan-pakan
ann_fa6a8033fc1f,1892,False,[],"[""DisasterEvent""]","[""lumajang""]",[],False,candidate_unverified,copy_f8eb80783650,2021-12-04,,kontan,"[""disruption_candidate""]",kontan,train,0,"Gunung Semeru erupsi, Bupati Lumajang: Kecamatan Pronojiwo dan Candipuro gelap",https://regional.kontan.co.id/news/gunung-semeru-erupsi-bupati-lumajang-kecamatan-pronojiwo-dan-candipuro-gelap
ann_fa81500b418f,1858,True,"[""broad_food"", ""fish""]","[""PestDiseaseEvent""]","[""kediri""]",[],False,candidate_unverified,copy_d2885c4c36c2,2022-01-08,17:21,beritajatim,"[""disruption_candidate""]",beritajatim,train,1,Wali Kota Kediri Bagikan 2 Ribu Ikan Cupang dan Guppy,https://beritajatim.com/wali-kota-kediri-bagikan-2-ribu-ikan-cupang-dan-guppy
ann_fa9622bebe87,1226,False,[],"[""DisasterEvent""]","[""blitar"", ""jombang"", ""kediri"", ""lumajang"", ""malang"", ""mojokerto"", ""ngawi"", ""surabaya"", ""trenggalek""]",[],False,candidate_unverified,copy_7da4e3590863,2021-04-10,17:37,kompas,"[""disruption_candidate""]",kompas_regional,train,1,Satu Orang Tewas Tertimpa Batu Besar Saat Gempa Malang Regional 10 April 2021,https://regional.kompas.com/read/2021/04/10/173742178/satu-orang-tewas-tertimpa-batu-besar-saat-gempa-malang
ann_fab9bcec633b,1559,False,[],"[""DisasterEvent""]","[""banyuwangi"", ""gresik""]",[],False,candidate_unverified,copy_4b361e5c6afa,2022-06-15,18:16,beritajatim,"[""disruption_candidate""]",beritajatim,train,1,Banjir Rob Terjang Empat Desa di Gresik,https://beritajatim.com/banjir-rob-terjang-empat-desa-di-gresik
ann_fac110eaa4bb,2382,True,[],"[""DisasterEvent"", ""WeatherDisruption""]","[""bangkalan"", ""banyuwangi"", ""batu"", ""blitar"", ""bojonegoro"", ""bondowoso"", ""gresik"", ""jember"", ""jombang"", ""kediri"", ""lamongan"", ""lumajang"", ""madiun"", ""magetan"", ""malang"", ""mojokerto"", ""nganjuk"", ""ngawi"", ""pacitan"", ""pamekasan"", ""pasuruan"", ""probolinggo"", ""sampang"", ""sidoarjo"", ""situbondo"", ""sumenep"", ""surabaya"", ""trenggalek"", ""tuban"", ""tulungagung""]",[],False,candidate_unverified,copy_dd0f60d563d4,2024-02-15,12:12,beritajatim,"[""disruption_candidate""]",beritajatim,train,1,Ali Kuncoro Imbau Warga Mojokerto Hati-Hati di Cuaca Ekstrem,https://beritajatim.com/ali-kuncoro-imbau-warga-mojokerto-hati-hati-di-cuaca-ekstrem
ann_facd922372b5,1907,False,[],"[""DisasterEvent"", ""WeatherDisruption""]","[""blitar"", ""malang"", ""surabaya""]",[],False,candidate_unverified,copy_113baeb9cde1,2021-03-07,23:00,detik,"[""disruption_candidate""]",detik_finance,train,1,"Wira-wiri Kereta ke Blitar Terganggu Akibat Longsor, KAI Minta Maaf",https://finance.detik.com/infrastruktur/d-5484724/wira-wiri-kereta-ke-blitar-terganggu-akibat-longsor-kai-minta-maaf
ann_fad770a09c4d,1464,True,[],"[""DisasterEvent""]","[""blitar"", ""kediri""]",[],False,candidate_unverified,copy_5cb93646d7a5,2021-05-21,21:13,kompas,"[""disruption_candidate""]",kompas_regional,train,1,"Dampak Gempa 5,9 Magnitudo di Blitar, Nenek Baru Operasi Patah Kaki Lari ke Luar Rumah, Gedung Kampus Retak Regional 21 Mei 2021",https://regional.kompas.com/read/2021/05/21/211355078/dampak-gempa-59-magnitudo-di-blitar-nenek-baru-operasi-patah-kaki-lari-ke
ann_fb169cf6a4c4,2161,False,[],"[""DisasterEvent"", ""WeatherDisruption""]","[""magetan""]","[""ProcurementAction""]",False,candidate_unverified,copy_38a1a4fe416a,2025-11-25,06:10,kompas,"[""response_query""]",kompas_regional,validation,1,"Curah Hujan Tinggi di Magetan Rusak 13 Titik Irigasi, Ratusan Hektare Lahan Pertanian Terancam Regional 25 November 2025",https://surabaya.kompas.com/read/2025/11/25/061001278/curah-hujan-tinggi-di-magetan-rusak-13-titik-irigasi-ratusan-hektare-lahan
ann_fb1733f2a02c,1870,False,[],"[""DisasterEvent""]","[""jember""]",[],False,candidate_unverified,copy_66ab9359c6f9,2024-12-01,09:06,beritajatim,"[""disruption_candidate""]",beritajatim,train,1,"Banjir Terpa Tiga Desa, Pemkab Jember Tangani 41 Balita dan 66 Lansia",https://beritajatim.com/banjir-terpa-tiga-desa-pemkab-jember-tangani-41-balita-dan-66-lansia
ann_fb3fd20b7fe5,1683,False,[],"[""DisasterEvent""]","[""surabaya""]","[""InspectionEnforcement""]",False,candidate_unverified,copy_66e2045079e6,2026-05-08,17:25,beritajatim,"[""response_query""]",beritajatim,test,1,"Gudang Proyek di Surabaya Terbakar Saat Salat Jumat, Diduga Akibat Kompor Lupa Dimatikan",https://beritajatim.com/gudang-proyek-di-surabaya-terbakar-saat-salat-jumat-diduga-akibat-kompor-lupa-dimatikan
ann_fb4849c0e394,3411,False,"[""fish""]","[""PestDiseaseEvent""]","[""banyuwangi"", ""nganjuk""]",[],False,candidate_unverified,copy_4607fcb22f1d,2021-07-04,17:21,detik,"[""disruption_candidate""]",detik_finance,train,1,"Bantu Petani Lewat Electrifying Agriculture, PLN Salurkan Rp 4,8 M",https://finance.detik.com/energi/d-5630874/bantu-petani-lewat-electrifying-agriculture-pln-salurkan-rp-4-8-m
ann_fb57a9dbc3ad,2477,False,[],"[""DisasterEvent""]","[""gresik"", ""surabaya""]",[],False,candidate_unverified,copy_2ea129de36ea,2024-10-16,23:11,beritajatim,"[""disruption_candidate""]",beritajatim,train,1,Keandalan Mobil Damkar Bronto Skylift Petrokimia Gresik yang Turut Memadamkan Kebakaran di Pabrik Freeport,https://beritajatim.com/keandalan-mobil-damkar-bronto-skylift-petrokimia-gresik-yang-turut-memadamkan-kebakaran-di-pabrik-freeport
ann_fb7556e1648b,3124,True,"[""broad_food"", ""chili""]","[""DisasterEvent""]","[""sidoarjo"", ""surabaya""]","[""CrisisPreparednessAction"", ""ReserveRelease""]",False,candidate_unverified,copy_d97d22c990ae,2022-03-02,16:47,kompas,"[""disruption_candidate""]",kompas_regional,train,1,4 Desa di Kecamatan Porong Sidoarjo Terendam Banjir Regional 2 Maret 2022,https://surabaya.kompas.com/read/2022/03/02/164725778/4-desa-di-kecamatan-porong-sidoarjo-terendam-banjir
ann_fb96c58bb7b4,2071,False,"[""beef"", ""broad_food"", ""chicken_eggs"", ""chili"", ""garlic"", ""rice"", ""shallot"", ""sugar""]","[""WeatherDisruption""]","[""surabaya""]",[],False,candidate_unverified,copy_ad935fb3d754,2024-12-20,22:14,kompas,"[""disruption_candidate""]",kompas_regional,train,1,"Kunjungi Pasar Surabaya, Zulhas Pastikan Beras Tak Terdampak Kenaikan PPN 12 Persen Regional 20 Desember 2024",https://surabaya.kompas.com/read/2024/12/20/221409178/kunjungi-pasar-surabaya-zulhas-pastikan-beras-tak-terdampak-kenaikan-ppn-12
ann_fb9f6c44f45e,2233,False,"[""corn"", ""rice""]","[""PestDiseaseEvent"", ""ProductionDisruption""]","[""gresik""]",[],False,candidate_unverified,copy_00a0af23ef47,2022-02-01,17:56,beritajatim,"[""disruption_candidate""]",beritajatim,train,1,PG Kawal 13.099 Hektare Lahan Pertanian untuk Pengendalian Hama,https://beritajatim.com/pg-kawal-13-099-hektare-lahan-pertanian-untuk-pengendalian-hama
ann_fbc5fbf2e724,2884,False,[],"[""DisasterEvent"", ""ProductionDisruption""]","[""pasuruan""]","[""CrisisPreparednessAction"", ""DistributionIntervention"", ""FoodAssistance"", ""ProductionAssistance""]",False,candidate_unverified,copy_92de3f53e69a,2026-03-26,19:46,kompas,"[""disruption_candidate"", ""response_query""]",kompas_regional,test,1,"Tinjau Banjir Rejoso Pasuruan, Khofifah Sebut 10 Pompa Air Tak Maksimal karena Sungai Meluap Regional 26 Maret 2026",https://surabaya.kompas.com/read/2026/03/26/194614578/tinjau-banjir-rejoso-pasuruan-khofifah-sebut-10-pompa-air-tak-maksimal
ann_fbef3f3cf370,2345,False,"[""fish"", ""rice""]","[""PestDiseaseEvent"", ""ProductionDisruption""]","[""madiun""]",[],False,candidate_unverified,copy_a89a4af18a4b,2022-06-21,19:16,kompas,"[""disruption_candidate""]",kompas_regional,train,1,"Ribuan Hektar Sawah Terancam Gagal Panen akibat Hama Wereng, Ini Langkah Bupati Madiun Regional 21 Juni 2022",https://surabaya.kompas.com/read/2022/06/21/191602478/ribuan-hektar-sawah-terancam-gagal-panen-akibat-hama-wereng-ini-langkah
ann_fbfae13af548,2459,False,[],"[""PestDiseaseEvent""]","[""madiun"", ""surabaya""]",[],False,candidate_unverified,copy_e33f28a01f50,2026-01-22,20:44,kompas,"[""disruption_candidate""]",kompas_regional,test,1,"Kasus Petani Selamatkan Dua Ekor Landak Jawa di Madiun, Hakim Putus Hukuman Percobaan tapi Jaksa Langsung Banding Regional 22 Januari 2026",https://surabaya.kompas.com/read/2026/01/22/204415678/kasus-petani-selamatkan-dua-ekor-landak-jawa-di-madiun-hakim-putus-hukuman
ann_fc05d83a8c5f,2106,False,[],"[""DisasterEvent""]","[""nganjuk"", ""surabaya"", ""trenggalek""]",[],False,candidate_unverified,copy_872d39863b98,2021-02-15,10:42,beritajatim,"[""disruption_candidate""]",beritajatim,train,1,"Update Longsor Nganjuk, BPBD Jatim: 16 Korban Hilang, 2 Meninggal, 2 Selamat dan 14 Luka Ringan",https://beritajatim.com/update-longsor-nganjuk-bpbd-jatim-16-korban-hilang-2-meninggal-2-selamat-dan-14-luka-ringan
ann_fc130040fd80,3685,False,[],"[""SupplyShortage""]",[],[],False,candidate_unverified,copy_b0547ab8d7a9,2021-07-30,21:00,detik,"[""disruption_candidate""]",detik_finance,train,1,Harga Obat Terapi COVID-19 Meroket dan Langka,https://finance.detik.com/berita-ekonomi-bisnis/d-5663394/harga-obat-terapi-covid-19-meroket-dan-langka
ann_fc1a22884294,1729,False,[],"[""DisasterEvent"", ""WeatherDisruption""]","[""situbondo""]",[],False,candidate_unverified,copy_f615b3051575,2025-12-09,14:08,kompas,"[""disruption_candidate""]",kompas_regional,validation,1,"Tanah Longsor Timpa Rumah Seorang Warga di Situbondo, Tak Ada Korban Jiwa Regional 9 Desember 2025",https://surabaya.kompas.com/read/2025/12/09/140848178/tanah-longsor-timpa-rumah-seorang-warga-di-situbondo-tak-ada-korban-jiwa
ann_fc1cd51d3c54,1865,False,"[""broad_food""]","[""DisasterEvent""]","[""bojonegoro"", ""lumajang""]","[""CrisisPreparednessAction""]",False,candidate_unverified,copy_1fed82635370,2021-12-05,19:27,beritajatim,"[""disruption_candidate""]",beritajatim,train,1,BPBD Bojonegoro Kirim Personil Bantu Evakuasi Korban Erupsi Semeru,https://beritajatim.com/bpbd-bojonegoro-kirim-personil-bantu-evakuasi-korban-erupsi-semeru
ann_fc1d63eb7162,1690,False,[],"[""DisasterEvent""]","[""banyuwangi"", ""malang"", ""surabaya""]",[],False,candidate_unverified,copy_1587a6af09d4,2021-04-10,,kontan,"[""disruption_candidate""]",kontan,train,0,Penyebab gempa Malang menurut peneliti bencana ITS Surabaya,https://regional.kontan.co.id/news/penyebab-gempa-malang-menurut-peneliti-bencana-its-surabaya
ann_fc482cd8fa9d,2059,False,[],"[""DisasterEvent""]","[""banyuwangi""]","[""DistributionIntervention""]",False,candidate_unverified,copy_b723a5dce368,2022-10-19,16:04,kompas,"[""response_query""]",kompas_regional,train,1,Korban Banjir Banyuwangi Kesulitan Air Bersih Regional 19 Oktober 2022,https://surabaya.kompas.com/read/2022/10/19/160432678/korban-banjir-banyuwangi-kesulitan-air-bersih
ann_fc5a1532668c,3074,False,[],"[""DisasterEvent""]",[],[],False,candidate_unverified,copy_b0603b714e44,2026-03-24,18:15,detik,"[""disruption_candidate""]",detik_finance,test,1,Industri Keramik RI Dihantam Produk Impor China & India,https://finance.detik.com/industri/d-8413423/industri-keramik-ri-dihantam-produk-impor-china-india
ann_fc5b9b17642a,1910,False,"[""fish""]","[""DisasterEvent""]","[""kediri""]",[],False,candidate_unverified,copy_727d66296de4,2023-04-12,22:16,kompas,"[""disruption_candidate""]",kompas_regional,train,1,"Niat Mancing Ikan di Sungai, Kakak Adik Ini Malah Dapat Buaya 2 Meter Regional 12 April 2023",https://regional.kompas.com/read/2023/04/12/221645178/niat-mancing-ikan-di-sungai-kakak-adik-ini-malah-dapat-buaya-2-meter
ann_fc791573a66e,2759,False,"[""broad_food"", ""chicken_eggs"", ""chicken_meat"", ""chili"", ""cooking_oil"", ""garlic"", ""rice"", ""shallot""]","[""SupplyShortage""]","[""malang""]","[""CrisisPreparednessAction"", ""InspectionEnforcement""]",False,candidate_unverified,copy_ca3e86ef8a30,2026-02-10,23:14,beritajatim,"[""response_query""]",beritajatim,test,1,"Jelang Ramadan, Satgas Pangan Polresta Malang Kota Sidak Pasar Bunulrejo",https://beritajatim.com/jelang-ramadan-satgas-pangan-polresta-malang-kota-sidak-pasar-bunulrejo
ann_fcd9add7a566,3090,True,[],"[""DisasterEvent"", ""WeatherDisruption""]","[""sidoarjo""]",[],False,candidate_unverified,copy_7bef3eb0e190,2026-02-10,10:01,kompas,"[""disruption_candidate""]",kompas_regional,test,1,"Cuaca Ekstrem, PPLS Fokus Jaga Stabilitas Kolam Lumpur Lapindo Sidoarjo Regional 10 Februari 2026",https://surabaya.kompas.com/read/2026/02/10/100137978/cuaca-ekstrem-ppls-fokus-jaga-stabilitas-kolam-lumpur-lapindo-sidoarjo
ann_fce7efb9d260,2574,False,[],"[""DisasterEvent""]","[""lumajang"", ""malang""]",[],False,candidate_unverified,copy_b8cae19211e4,2025-11-19,23:19,detik,"[""disruption_candidate""]",detik_news,validation,1,"3 Desa di Lumajang Terdampak Erupsi Gunung Semeru, 300 Warga Mengungsi",https://news.detik.com/berita/d-8219221/3-desa-di-lumajang-terdampak-erupsi-gunung-semeru-300-warga-mengungsi
ann_fcf165d0bdf6,1995,False,"[""chili"", ""rice""]","[""PestDiseaseEvent"", ""ProductionDisruption""]","[""madiun""]",[],False,candidate_unverified,copy_36eb1d0b1406,2022-05-26,23:37,beritajatim,"[""disruption_candidate""]",beritajatim,train,1,"Diserang Wereng Coklat, Ratusan Hektar Tanaman Padi di Madiun Gagal Panen",https://beritajatim.com/diserang-wereng-coklat-ratusan-hektar-tanaman-padi-di-madiun-gagal-panen
ann_fcf512722fb7,1880,False,[],"[""DisasterEvent""]","[""blitar"", ""kediri"", ""malang"", ""tulungagung""]",[],False,candidate_unverified,copy_b81e83086ed0,2022-11-28,05:44,beritajatim,"[""disruption_candidate""]",beritajatim,train,1,"Damkar Malang, Kediri, Tulungagung Padamkan Kebakaran Pasar Kesamben Blitar",https://beritajatim.com/damkar-malang-kediri-tulungagung-padamkan-kebakaran-pasar-kesamben-blitar
ann_fd04cc104db5,1136,False,[],"[""DisasterEvent"", ""WeatherDisruption""]","[""mojokerto""]",[],False,candidate_unverified,copy_f02bcde8b547,2023-03-01,,kontan,"[""disruption_candidate""]",kontan,train,0,BPS: Curah Hujan yang Tinggi Bisa Mengancam Musim Panen Raya,https://nasional.kontan.co.id/news/bps-curah-hujan-yang-tinggi-bisa-mengancam-musim-panen-raya
ann_fd237736f0d0,2403,False,[],"[""DisasterEvent""]","[""surabaya""]","[""CrisisPreparednessAction""]",False,candidate_unverified,copy_8e2dc351c835,2025-11-28,22:58,kompas,"[""response_query""]",kompas_regional,validation,1,"Simulasi Bencana di Kawasan Industri Surabaya, Belajar Tetap Tenang di Tengah Ancaman Nyata Regional 28 November 2025",https://surabaya.kompas.com/read/2025/11/28/225843978/simulasi-bencana-di-kawasan-industri-surabaya-belajar-tetap-tenang-di
ann_fd288ee25278,2791,True,[],"[""DisasterEvent""]","[""magetan""]","[""CrisisPreparednessAction""]",False,candidate_unverified,copy_52c9dab3934a,2022-11-27,17:24,beritajatim,"[""response_query""]",beritajatim,train,1,Tebing 15 Meter Longsor Timpa Tembok Warga di Wonomulyo Magetan,https://beritajatim.com/tebing-15-meter-longsor-timpa-tembok-warga-di-wonomulyo-magetan
ann_fd478820e187,2051,False,[],"[""DisasterEvent""]","[""banyuwangi""]",[],False,candidate_unverified,copy_99b3fb7c5fe4,2025-11-19,15:21,beritajatim,"[""disruption_candidate""]",beritajatim,validation,1,"Elpiji Ngebros, Gudang Perabotan di Kelurahan Tukangkayu Banyuwangi Terbakar",https://beritajatim.com/elpiji-ngebros-gudang-perabotan-di-kelurahan-tukangkayu-banyuwangi-terbakar
ann_fd49b1dbff0b,2159,False,[],"[""DisasterEvent""]","[""blitar""]",[],False,candidate_unverified,copy_202932f2c687,2024-06-30,21:30,kompas,"[""disruption_candidate""]",kompas_regional,train,1,"Longsor di Blitar Timbun 4 Pekerja Kandang Ayam, Pencarian Terus Dilakukan Regional 30 Juni 2024",https://surabaya.kompas.com/read/2024/06/30/213026778/longsor-di-blitar-timbun-4-pekerja-kandang-ayam-pencarian-terus-dilakukan
ann_fd8f6e0502af,2293,False,[],"[""DisasterEvent""]","[""jember""]",[],False,candidate_unverified,copy_302496602dd4,2025-12-16,15:59,kompas,"[""disruption_candidate""]",kompas_regional,validation,1,"Dampak Banjir dan Longsor di Jember, 3 Jembatan Rusak, 19 Desa dan 1.217 KK Terdampak Regional 16 Desember 2025",https://surabaya.kompas.com/read/2025/12/16/155905178/dampak-banjir-dan-longsor-di-jember-3-jembatan-rusak-19-desa-dan-1217-kk
ann_fd9ae68ca24e,2105,False,[],"[""DisasterEvent""]","[""pacitan"", ""ponorogo""]",[],False,candidate_unverified,copy_32cce358be0c,2023-02-11,10:09,beritajatim,"[""disruption_candidate""]",beritajatim,train,1,Banjir Rendam Beberapa Kecamatan di Ponorogo,https://beritajatim.com/banjir-rendam-beberapa-kecamatan-di-ponorogo
ann_fd9ca2e1142e,3127,False,[],"[""DisasterEvent""]","[""blitar"", ""jombang"", ""madiun"", ""malang"", ""surabaya""]",[],False,candidate_unverified,copy_f9086c4ab6d3,2021-02-21,18:04,beritajatim,"[""disruption_candidate""]",beritajatim,train,1,"Banjir Jakarta Ganggu Perjalanan Kereta Api, KAI Daop 7 Madiun Mohon Maaf",https://beritajatim.com/banjir-jakarta-ganggu-perjalanan-kereta-api-kai-daop-7-madiun-mohon-maaf
ann_fdb3bbf33873,2351,False,[],"[""SupplyShortage""]","[""gresik""]",[],False,candidate_unverified,copy_fc043eed0147,2022-07-14,15:55,beritajatim,"[""disruption_candidate""]",beritajatim,train,1,"Teknologi Baru, Petrokimia Gresik Uji Coba Penyemprotan Pupuk Granul dengan Drone",https://beritajatim.com/teknologi-baru-petrokimia-gresik-uji-coba-penyemprotan-pupuk-granul-dengan-drone
ann_fde1d49c3d18,3408,False,"[""sugar""]","[""DisasterEvent"", ""PestDiseaseEvent""]","[""bojonegoro"", ""jombang"", ""madiun"", ""mojokerto"", ""nganjuk"", ""ngawi""]",[],False,candidate_unverified,copy_26d973251f88,2024-04-19,,kontan,"[""disruption_candidate""]",kontan,train,0,"Dukung Swasembada Gula, Perhutani Gandeng PG Rajawali I Penuhi Bahan Baku Tebu Giling",https://pressrelease.kontan.co.id/news/dukung-swasembada-gula-perhutani-gandeng-pg-rajawali-i-penuhi-bahan-baku-tebu-giling
ann_fde27c8de13c,4035,False,[],"[""DisasterEvent""]","[""sidoarjo""]",[],False,candidate_unverified,copy_ef12d8bf6fec,2025-11-11,21:27,beritajatim,"[""disruption_candidate""]",beritajatim,validation,1,"Hujan Guyur Sidoarjo hingga Jalan Raya Terendam, Golkar Sindir Pemkab Soal Janji Penanganan Banjir",https://beritajatim.com/hujan-guyur-sidoarjo-hingga-jalan-raya-terendam-golkar-sindir-pemkab-soal-janji-penanganan-banjir
ann_fdf51bcd3196,1926,False,[],"[""DisasterEvent"", ""WeatherDisruption""]","[""magetan""]",[],False,candidate_unverified,copy_5d47ebd0f5ee,2025-02-26,18:50,kompas,"[""disruption_candidate""]",kompas_regional,validation,1,"Hujan Lebat, Tebing Longsor di Magetan dan Hantam Rumah Warga Regional 26 Februari 2025",https://surabaya.kompas.com/read/2025/02/26/185045178/hujan-lebat-tebing-longsor-di-magetan-dan-hantam-rumah-warga
ann_fe26bed53c2e,4108,False,"[""sugar""]","[""SupplyShortage""]","[""blitar"", ""malang""]","[""OtherResponseAction"", ""ProductionAssistance""]",False,candidate_unverified,copy_66b1fc77cc4e,2023-04-15,23:31,beritajatim,"[""response_query""]",beritajatim,train,1,Anggota DPR Cak Udin Terima Aspirasi Petani Tebu di Malang Raya,https://beritajatim.com/anggota-dpr-cak-udin-terima-aspirasi-petani-tebu-di-malang-raya
ann_fe4cbc62fe66,1502,False,"[""chili""]","[""WeatherDisruption""]","[""kediri"", ""lamongan"", ""tuban""]",[],False,candidate_unverified,copy_71c81444dec4,2024-07-29,,kontan,"[""disruption_candidate""]",kontan,train,0,"Harga Cabai Rawit Naik, Kementan Sebut Akibat Kekeringan",https://nasional.kontan.co.id/news/harga-cabai-rawit-naik-kementan-sebut-akibat-kekeringan
ann_fe5ac75faca0,3209,False,"[""broad_food"", ""rice"", ""sugar""]","[""DisasterEvent""]","[""gresik"", ""lumajang""]","[""DistributionIntervention""]",False,candidate_unverified,copy_f31a06500c48,2022-12-06,17:10,kompas,"[""disruption_candidate""]",kompas_money,train,1,Petrokimia Gresik Kirim Bantuan 1.000 Paket Sembako untuk Korban Erupsi Gunung Semeru Money 6 Desember 2022,https://money.kompas.com/read/2022/12/06/171000526/petrokimia-gresik-kirim-bantuan-1.000-paket-sembako-untuk-korban-erupsi-gunung
ann_fe63dcac30a0,1289,False,[],"[""DisasterEvent""]","[""jember"", ""pacitan"", ""trenggalek""]",[],False,candidate_unverified,copy_670420a5f97a,2022-12-06,,kontan,"[""disruption_candidate""]",kontan,train,0,"Gempa Magnitudo 6,2 Mengguncang Jember, Aktivitas Warga Tetap Normal",https://regional.kontan.co.id/news/gempa-magnitudo-62-mengguncang-jember-aktivitas-warga-tetap-normal
ann_fe70b0716da8,2063,False,[],"[""DisasterEvent""]","[""pasuruan""]","[""DistributionIntervention"", ""FoodAssistance""]",False,candidate_unverified,copy_55006be989fa,2026-01-22,11:58,kompas,"[""disruption_candidate"", ""response_query""]",kompas_regional,test,1,"Update Banjir Pasuruan, Ratusan KK di Rejoso dan Winongan Masih Terendam hingga 60 Cm Regional 22 Januari 2026",https://surabaya.kompas.com/read/2026/01/22/115809178/update-banjir-pasuruan-ratusan-kk-di-rejoso-dan-winongan-masih-terendam
ann_fe765fdff3dc,3426,True,"[""rice""]","[""PestDiseaseEvent"", ""ProductionDisruption"", ""WeatherDisruption""]","[""jember""]","[""CrisisPreparednessAction"", ""OtherResponseAction"", ""ProductionAssistance""]",False,candidate_unverified,copy_76f37d27d144,2023-11-01,22:18,beritajatim,"[""disruption_candidate""]",beritajatim,train,1,"Terjepit Kemarau dan Mahalnya Pupuk, Panen Padi Petani Jember Susut Drastis",https://beritajatim.com/terjepit-kemarau-dan-mahalnya-pupuk-panen-padi-petani-jember-susut-drastis
ann_fe884c6e11f9,1746,True,"[""rice""]","[""SupplyShortage"", ""WeatherDisruption""]","[""malang""]","[""CrisisPreparednessAction"", ""DistributionIntervention"", ""FoodAssistance"", ""ReserveRelease""]",False,candidate_unverified,copy_eff3bfcfc2bc,2024-02-21,20:59,beritajatim,"[""disruption_candidate""]",beritajatim,train,1,Menko PMK: Beras Mahal Karena Cadangan di Dunia Kosong,https://beritajatim.com/menko-pmk-beras-mahal-karena-cadangan-di-dunia-kosong
ann_ff119bd50411,1734,False,[],"[""DisasterEvent""]","[""jember"", ""malang""]","[""DistributionIntervention""]",False,candidate_unverified,copy_2f1b18d7ee32,2026-02-14,11:32,beritajatim,"[""disruption_candidate""]",beritajatim,test,1,"Banjir Landa 23 Desa di Jember, 7.445 Keluarga Jadi Korban",https://beritajatim.com/banjir-landa-23-desa-di-jember-7-445-keluarga-jadi-korban
ann_ff3acee47a6b,1240,False,"[""broad_food""]","[""DisasterEvent""]","[""gresik"", ""lumajang"", ""sidoarjo""]",[],False,candidate_unverified,copy_1892f4121aff,2021-12-19,22:53,detik,"[""disruption_candidate""]",detik_news,train,1,Saat Polisi Sidoarjo Serahkan Langsung Bantuan ke Korban Erupsi Semeru,https://news.detik.com/berita-jawa-timur/d-5862079/saat-polisi-sidoarjo-serahkan-langsung-bantuan-ke-korban-erupsi-semeru
ann_ff42dc410626,3086,False,"[""fish"", ""rice""]","[""ProductionDisruption"", ""WeatherDisruption""]","[""banyuwangi""]","[""CrisisPreparednessAction"", ""ProductionAssistance""]",False,candidate_unverified,copy_0e97ba15c6b8,2026-05-08,07:56,kompas,"[""disruption_candidate"", ""response_query""]",kompas_regional,test,1,"Dulu Berebut Air, Kini Petani Banyuwangi Bisa Bertahan Hadapi Kemarau Regional 8 Mei 2026",https://surabaya.kompas.com/read/2026/05/08/075655578/dulu-berebut-air-kini-petani-banyuwangi-bisa-bertahan-hadapi-kemarau
ann_ff8242061dbb,2683,False,[],"[""DisasterEvent""]","[""bangkalan"", ""gresik"", ""kediri"", ""ngawi"", ""pacitan"", ""pamekasan"", ""probolinggo"", ""sampang"", ""sumenep"", ""surabaya"", ""trenggalek"", ""tuban""]",[],False,candidate_unverified,copy_834517e4af8a,2024-03-23,16:37,beritajatim,"[""disruption_candidate""]",beritajatim,train,1,Pusat Krisis Kesehatan Pastikan Korban Parah Gempa Tuban Sudah Tertangani,https://beritajatim.com/pusat-krisis-kesehatan-pastikan-korban-parah-gempa-tuban-sudah-tertangani
