article_id	publisher_id	source_channel_key	publication_datetime	article_relevance	extraction_source	extraction_model	title
ann_01007436f46c	kompas	kompas_money	2024-07-23	yes	pilot	codex-semantic-pass	Sistem Produksi Pangan di Simpang Jalan Money 23 Juli 2024
ann_01d55215fe18	beritajatim	beritajatim	2026-04-16	yes	pilot	codex-semantic-pass	Polda Jatim Bongkar Beras SPHP Oplosan, Isi Disunat Jadi 4,9 Kg per Karung
ann_01de5dde810e	kompas	kompas_money	2021-01-13	no	pilot	codex-semantic-pass	Anggaran Bansos 2020 Tak Terealisasi 100 Persen, Risma: Kendalanya Data Tidak Lengkap Money 13 Januari 2021
ann_03617f79c5af	beritajatim	beritajatim	2026-03-03	yes	pilot	codex-semantic-pass	Inflasi Kota Kediri Februari 2026 Tembus 0,87 Persen, BPS dan TPID Siapkan Antisipasi Jelang Lebaran
ann_04853c464290	kontan	kontan	2024-06-19	no	pilot	codex-semantic-pass	SKK Migas Ungkap Wilayah Jawa Barat Kekurangan Pasokan Gas untuk Industri
ann_0530d0b3e773	beritajatim	beritajatim	2026-04-16	no	pilot	codex-semantic-pass	Polres Lamongan Ungkap Kasus Penyalahgunaan BBM Bersubsidi, 2 Tersangka Diamankan
ann_05bdd9d40764	kompas	kompas_money	2024-06-19	no	pilot	codex-semantic-pass	Gara-gara Infrastruktur Pipa Belum Tersambung, Jabar Kekurangan Pasokan Gas saat Jatim Kelebihan Money 19 Juni 2024
ann_05e2fa9b8de0	detik	detik_news	2024-04-26	no	pilot	codex-semantic-pass	KKP Amankan Kapal Ilegal Berbendera Malaysia Tangkap Ikan di Selat Malaka
ann_092421e063aa	kompas	kompas_regional	2023-10-29	no	pilot	codex-semantic-pass	Ketahuan Hendak Curi 4 Karung Beras, Pencuri di Kota Malang Malah Tantang Pemilik Toko Untuk Carok Regional 29 Oktober 2023
ann_0a83877926d8	kompas	kompas_nasional	2022-04-20	yes	pilot	codex-semantic-pass	Jokowi: Meski Ada BLT, Saya Ingin Harga Minyak Goreng Dekati Normal News 20 April 2022
ann_0a8ee5070768	kompas	kompas_regional	2025-07-30	yes	pilot	codex-semantic-pass	Pemkab Lumajang Siapkan 127 Paket Sembako untuk Warga Sumberlangsep yang Terisolir, Besok Diantar Regional 30 Juli 2025
ann_0b3678bb4346	beritajatim	beritajatim	2022-03-15	yes	pilot	codex-semantic-pass	Petro Jamin Ketersediaan Pupuk Non Subsidi Petani Tebu
ann_0b5b3e6c9588	bisnis	bisnis	2025-06-30	yes	pilot	codex-semantic-pass	Usai Harga Pokok Produksi, Bapanas Bakal Revisi Harga Acuan Ayam Hidup
ann_0e349bb7c15b	kompas	kompas_money	2026-05-04	yes	pilot	codex-semantic-pass	Produksi Jagung Maret 2026 Turun 14 Persen, Bagaimana Prospeknya? Money 4 Mei 2026
ann_0f06f1a1393f	kompas	kompas_regional	2026-03-03	yes	pilot	codex-semantic-pass	Sektor Perikanan Indonesia Terdampak Konflik AS-Israel Vs Iran, Ini Kata Menteri KKP Regional 3 Maret 2026
ann_0f647db789d4	kompas	kompas_regional	2022-06-26	yes	pilot	codex-semantic-pass	Sempat Langka, Harga Cabai Rawit Merah di Lumajang Tembus Rp 120 Ribu Regional 26 Juni 2022
ann_0ff7adb4c624	kontan	kontan	2024-12-22	yes	pilot	codex-semantic-pass	Dukung Anak Bebas Stunting, Alfamidi Salurkan 32.000 Telur
ann_118d30b891b9	kompas	kompas_regional	2025-03-14	yes	pilot	codex-semantic-pass	Hati-hati Minyak Goreng Premium Palsu di Malang, Ini Cara Membedakannya Regional 14 Maret 2025
ann_1224f825cb3a	beritajatim	beritajatim	2024-01-26	yes	pilot	codex-semantic-pass	Atikoh Ganjar Doakan Petani Bawang Merah Probolinggo Sejahtera
ann_12855d4dceb6	kontan	kontan	2023-07-21	yes	pilot	codex-semantic-pass	Fluktuasi Harga Telur dan Ayam, BPN: Jadi Bentuk Kesetimbangan Baru
ann_138ed3c56f49	beritajatim	beritajatim	2023-06-15	yes	pilot	codex-semantic-pass	Pemkot Kediri Minta Tempat Pengolahan Pangan Besertifikasi
ann_15c0683dce65	beritajatim	beritajatim	2024-03-27	yes	pilot	codex-semantic-pass	Produksi Miras Ilegal, Kakek 61 Tahun di Malang Diciduk Polisi
ann_16ff068bf9b4	kompas	kompas_regional	2023-02-02	yes	pilot	codex-semantic-pass	Sebut Data Stok Beras Tidak Sesuai Fakta, Djarot: Bilangnya Surplus, tapi... Regional 2 Februari 2023
ann_175d6a5dbc05	beritajatim	beritajatim	2025-07-15	yes	pilot	codex-semantic-pass	Petani Ponorogo Usulkan Semprot Wereng Pakai Drone, Ini Kata Bupati
ann_188f385ebe7f	kontan	kontan	2025-10-30	yes	pilot	codex-semantic-pass	Pasokan Ikan Sarden Menyusut, APIKI Minta Pemerintah Longgarkan Impor Bahan Baku
ann_18b594b3b73e	kompas	kompas_regional	2026-04-16	yes	pilot	codex-semantic-pass	Kasus Beras SPHP Oplosan, Polda Jatim Sebut Pelaku Kantongi Untung Rp 91 Juta Per Bulan Regional 16 April 2026
ann_1960e66dd08a	bisnis	bisnis	2023-07-20	yes	pilot	codex-semantic-pass	Laku Diekspor, Bapanas Dorong Hilirisasi Porang Dalam Negeri
ann_19dd3dadf52a	kompas	kompas_nasional	2023-07-24	yes	pilot	codex-semantic-pass	Antisipasi Dampak El Nino, Jokowi Perintahkan Perbanyak Pasar Murah News 24 Juli 2023
ann_1ca9b7f7b80d	kompas	kompas_regional	2024-11-04	no	pilot	codex-semantic-pass	27 Rumah di Tulungagung Rusak Disapu Hujan Deras dan Angin Kencang Regional 4 November 2024
ann_1cc3eaf85db9	kompas	kompas_money	2023-01-10	no	pilot	codex-semantic-pass	Produksi WK Pangkah PGN Saka Lampaui Target APBN 2022 Money 10 Januari 2023
ann_1d55cdd4ac16	beritajatim	beritajatim	2023-02-15	yes	pilot	codex-semantic-pass	Dam Jebol, Tanaman Padi Petani di Mojokerto Terancam Gagal Panen
ann_1dade8275210	kompas	kompas_money	2024-10-17	yes	pilot	codex-semantic-pass	Cuaca Ekstrem, Bulog Jamin Stok Pangan Aman Money 17 Oktober 2024
ann_1e2e277a2a8e	kompas	kompas_regional	2023-03-24	yes	pilot	codex-semantic-pass	Fenomena El Nino Diperkirakan Terjadi Saat Panen Raya, Ini Kata Moeldoko Regional 24 Maret 2023
ann_1e348acf7d7f	bisnis	bisnis	2026-04-18	yes	pilot	codex-semantic-pass	Produksi Gula Nasional Diproyeksikan Capai 3,04 Juta Ton pada 2026
ann_20266dac9ac0	kompas	kompas_regional	2023-08-28	no	pilot	codex-semantic-pass	"Modus Baru Penyalahgunaan Solar Bersubsidi, Bapak dan Anak Asal Banjarnegara Ini Beli ""Barcode"" dari Para Sopir Regional 28 Agustus 2023"
ann_211d44e65899	kontan	kontan	2022-02-17	no	pilot	codex-semantic-pass	Semen Gresik Fasilitasi 361 Petani Sanggem untuk Menggarap Lahan Seluas 119,25 hektar
ann_2156b19dcc35	beritajatim	beritajatim	2023-09-25	yes	pilot	codex-semantic-pass	Operasi Pasar Belum Efektif Tekan Harga Beras di Kota Blitar
ann_2209390d3b6c	kompas	kompas_nasional	2026-04-07	no	pilot	codex-semantic-pass	Warga Jatim Antre Berjam-jam Beli LPG 3 Kg, Bahlil: Sudah Clear, Kita Operasi Pasar News 7 April 2026
ann_230e2f656d73	beritajatim	beritajatim	2024-04-24	yes	pilot	codex-semantic-pass	Genjot Produktivitas Tebu, Disbun Jatim Gelar Bimtek Bongkar Ratoon
ann_245d6bf1d29c	kontan	kontan	2024-06-04	yes	pilot	codex-semantic-pass	Kementan Sebut Inovasi CSA Ubah Penyuluhan Pertanian Jadi Lebih Menarik
ann_24c597a80858	detik	detik_finance	2025-11-21	yes	pilot	codex-semantic-pass	Mendag Wanti-wanti Harga Ayam hingga Cabai Naik saat Nataru
ann_2781c68375c8	kompas	kompas_regional	2024-03-25	yes	pilot	codex-semantic-pass	Produksi Miras Ilegal, Dua Orang Saudara Sepupu di Malang Diamankan Polisi Regional 25 Maret 2024
ann_290a6533fb90	kontan	kontan	2023-02-13	yes	pilot	codex-semantic-pass	Harga Ayam Ras di Tingkat Produsen di Bawah HAP, Ini Permintaan Peternak
ann_29395691c891	kompas	kompas_money	2026-02-25	yes	pilot	codex-semantic-pass	Pemkab Jember Siapkan Tiga Skema Tahan Lonjakan Harga Bapok Ramadhan Money 25 Februari 2026
ann_2a84a61c53f4	kompas	kompas_regional	2024-09-07	yes	pilot	codex-semantic-pass	Kemarau, Volume Air Waduk Bendo Ponorogo Menyusut hingga 39 Persen Regional 7 September 2024
ann_2ad55f74470f	kompas	kompas_money	2026-02-24	yes	pilot	codex-semantic-pass	Pupuk Subsidi untuk Tambak Kembali Dialokasikan Tahun Ini Money 24 Februari 2026
ann_2da8a83600ff	detik	detik_news	2023-08-01	yes	pilot	codex-semantic-pass	Antisipasi Dampak El Nino, Pemprov DKI Bagi-bagi Benih Tanaman Cepat Panen
ann_2f139d9f4575	beritajatim	beritajatim	2026-04-04	yes	pilot	codex-semantic-pass	Dirut Perum Bulog Cek Gudang Geneng Ngawi, Pastikan Stok Beras Aman
ann_2fd915acff95	beritajatim	beritajatim	2022-07-17	yes	pilot	codex-semantic-pass	Pemkab Jember Gamang, Penanganan Wabah PMK Ternak Lamban
ann_32b72b6685a2	kompas	kompas_money	2026-04-21	yes	pilot	codex-semantic-pass	Asuransi Usaha Tani Padi Lindungi Petani dari Risiko Fenomena Iklim El Nino Godzilla Money 21 April 2026
ann_332d8940286f	kompas	kompas_nasional	2021-04-12	yes	pilot	codex-semantic-pass	Mensos Risma Beri Santunan Rp 120 Juta untuk 8 Ahli Waris Korban Gempa Malang News 12 April 2021
ann_342ad42da2fa	kompas	kompas_nasional	2024-02-13	yes	pilot	codex-semantic-pass	Atasi Kelangkaan Beras, Kementan Bakal Tingkatkan Produksi Lewat Percepat Tanam Padi News 13 Februari 2024
ann_34358d4359c0	beritajatim	beritajatim	2026-05-20	yes	pilot	codex-semantic-pass	Wali Kota Vinanda Ajukan 3 Raperda Strategis, Fokus Jalan Kota hingga Ketahanan Pangan
ann_3509f2a4d6a8	kompas	kompas_money	2025-03-06	no	pilot	codex-semantic-pass	Permen Terbit, Freeport Dapat Izin Ekspor Konsentrat hingga Juni 2025 Money 6 Maret 2025
ann_359c8136ddab	kontan	kontan	2024-10-21	yes	pilot	codex-semantic-pass	Kemenperin Dorong IKM Mamin Terapkan Keamanan Produksi Pangan
ann_3671e54d9083	kompas	kompas_regional	2024-06-06	yes	pilot	codex-semantic-pass	Usaha Miras Ilegal di Malang Digerebek, Sekali Produksi Hasilkan 800 Liter Regional 6 Juni 2024
ann_378f7cee27c6	kompas	kompas_nasional	2021-01-20	yes	pilot	codex-semantic-pass	Kunjungi Korban Banjir Jember, Risma Bantu Masak di Dapur Umum News 20 Januari 2021
ann_39812f606584	beritajatim	beritajatim	2024-11-02	yes	pilot	codex-semantic-pass	Disperta Mojokerto Dorong Petani Tingkatkan Produktivitas
ann_3ae4dc71cd72	kompas	kompas_money	2021-03-29	yes	pilot	codex-semantic-pass	Impor Gula 75.000 Ton, RNI Amankan Stok Jelang Puasa dan Lebaran Money 29 Maret 2021
ann_3bd3943ea0aa	beritajatim	beritajatim	2021-11-17	yes	pilot	codex-semantic-pass	Petani Tuban Dikenalkan Penyemprotan Pupuk Organik Cair dengan Drone
ann_3d3314dc1670	kompas	kompas_nasional	2021-09-01	yes	pilot	codex-semantic-pass	BNPB: Jatim, Bali, NTT, dan NTB Siaga Hadapi Potensi Kekeringan News 1 September 2021
ann_3e3efba48505	kontan	kontan	2023-09-12	yes	pilot	codex-semantic-pass	Syngenta Ajak 11.500 Petani Melek Digital dan Tingkatkan Produksi Tanaman
ann_3e81396104a9	kompas	kompas_money	2023-05-23	yes	pilot	codex-semantic-pass	Harga Telur Tembus Rp 40.000 Diduga karena Mahalnya Pakan Ternak Money 23 Mei 2023
ann_40533453699e	kompas	kompas_regional	2026-05-29	yes	pilot	codex-semantic-pass	Kongkalikong dengan Eks Kepala Gudang Cimory, 2 Pemalsu Tanggal Kedaluwarsa Produk Diadili Regional 29 Mei 2026
ann_40e4ade46a2e	kontan	kontan	2023-07-31	yes	pilot	codex-semantic-pass	BDSP Pacitan dan Kementan Tingkatkan Kapasitas Pendamping Petani Milenial Jatim
ann_4137d81b78b9	kompas	kompas_regional	2026-04-28	no	pilot	codex-semantic-pass	Pria di Blitar Ditangkap, Beli Solar Subsidi Pakai 12 Barcode Regional 28 April 2026
ann_423a1ecf1c21	detik	detik_food	2022-02-24	yes	pilot	codex-semantic-pass	Kian Langka, Minyak Goreng Jadi Mahar hingga Bingkisan Ngapel Pacar
ann_42bb5bcd1030	kompas	kompas_nasional	2024-10-17	yes	pilot	codex-semantic-pass	Monitoring Pembongkaran Kapal di Pelabuhan Tanjung Wangi, Direksi Bulog Percepat Bongkar Muat Beras News 17 Oktober 2024
ann_443faafd5022	kompas	kompas_regional	2021-09-14	no	pilot	codex-semantic-pass	Cegah Kebakaran Seperti Lapas Tangerang, Ini yang Dilakukan Rutan Gresik Regional 14 September 2021
ann_446610993ebe	kompas	kompas_money	2021-07-23	no	pilot	codex-semantic-pass	Pertamina Distribusikan 1.335 Ton Oksigen ke 206 Rumah Sakit Money 23 Juli 2021
ann_45c16e081951	detik	detik_finance	2023-04-16	yes	pilot	codex-semantic-pass	Mantap! 'THR' Daging dan Telur Sudah Cair
ann_46cb2181a696	kontan	kontan	2023-05-16	yes	pilot	codex-semantic-pass	Harga Telur Ayam Meroket, Ini Penyebabnya
ann_46fe6dcc5317	kompas	kompas_regional	2022-04-18	yes	pilot	codex-semantic-pass	Ibu Rumah Tangga Asal Jombang Jadi Tersangka Perdagangan Telur Busuk di Mojokerto Regional 18 April 2022
ann_47595395b6b4	kompas	kompas_money	2023-06-23	no	pilot	codex-semantic-pass	Pastikan Ketersediaan Benih Unggul Berkualitas, Ditjenbun Awasi Progres Nurseri Perkebunan Money 23 Juni 2023
ann_47901be73ac4	beritajatim	beritajatim	2026-01-22	yes	pilot	codex-semantic-pass	Gandeng BRIN, Pemkab Pasuruan Gunakan Teknologi Canggih Basmi Hama Durian
ann_483632b5f4a0	kontan	kontan	2023-07-10	yes	pilot	codex-semantic-pass	Perkuat CPP, Peraturan Penghitungan Cadang Pangan Daerah Ditargetkan Diundangkan Juli
ann_49ece00b835a	kontan	kontan	2023-09-18	yes	pilot	codex-semantic-pass	Peternak Ayam Keluhkan Harga Telur Jatuh Tapi Pakan Mahal
ann_49f1952d7df1	detik	detik_finance	2021-12-27	yes	pilot	codex-semantic-pass	Harga Cabai Rawit dan Telur Melonjak, Pemprov Jatim Pakai Jurus Ini
ann_4b8c8468554d	kompas	kompas_regional	2025-10-19	no	pilot	codex-semantic-pass	Oplos Elpiji Subsidi ke Tabung 12 Kg, 4 Pria Diringkus di Sumenep Regional 19 Oktober 2025
ann_4beefea376c2	kontan	kontan	2023-06-05	yes	pilot	codex-semantic-pass	Badan Pangan: Regulasi Harga Acuan Gula Sudah Diajukan Ke Presiden Jokowi
ann_4ed8f3905f25	detik	detik_finance	2026-02-28	no	pilot	codex-semantic-pass	Pemerintah Janji Bantuan Beras dan Minyak Goreng Tidak Ditunda
ann_4f70e5e4d252	kompas	kompas_money	2026-03-18	no	pilot	codex-semantic-pass	Bandeng Juwana Genjot Produksi Dua Kali Lipat Jelang Lebaran 2026 Money 18 Maret 2026
ann_4fcbbd47abc5	kompas	kompas_nasional	2025-11-10	no	pilot	codex-semantic-pass	Operasi Drainase Besar-besaran! Pemkot Surabaya Gempur Titik Rawan Banjir Jelang Puncak Musim Hujan News 10 November 2025
ann_51585502a4da	beritajatim	beritajatim	2024-11-02	yes	pilot	codex-semantic-pass	Kota Mojokerto Perkuat Ketahanan Pangan dengan Optimalisasi Lahan
ann_51d9b38dcb31	beritajatim	beritajatim	2022-08-12	no	pilot	codex-semantic-pass	Gelar Community Meet Up di Lamongan, Jasa Tirta I Dukung Misi Ekspedisi Bengawan Solo 2022
ann_52bc84c03c36	detik	detik_news	2022-03-09	yes	pilot	codex-semantic-pass	Wagub Ungkap DKI Bakal Rutin Dapat Stok Minyak Goreng: Tak Usah Khawatir
ann_532d4617437f	detik	detik_finance	2025-02-20	yes	pilot	codex-semantic-pass	Kementan Catat Kasus PMK Sapi Menurun, Ini Datanya
ann_53af1e40c09c	kompas	kompas_nasional	2026-01-14	no	pilot	codex-semantic-pass	BNPB Intensifkan Modifikasi Cuaca untuk Percepat Pemulihan Pascabencana di Sumatera News 14 Januari 2026
ann_53e3a9e0f651	bisnis	bisnis	2026-04-05	yes	pilot	codex-semantic-pass	Mitigasi Krisis Pangan, Pemerintah Didorong Segera Cari Sumber Impor Alternatif
ann_54ca8d84d51d	kompas	kompas_regional	2024-12-16	no	pilot	codex-semantic-pass	Sepekan Banjir di Sidoarjo, Tanggul Darurat Jadi Solusi Sementara Regional 16 Desember 2024
ann_5583fd75a38a	kompas	kompas_regional	2024-02-13	yes	pilot	codex-semantic-pass	Beras Mahal, Pemkot Madiun Dirikan Enam Wartek Jual Sembako Murah Regional 13 Februari 2024
ann_55a9c5e1a503	kompas	kompas_money	2025-10-01	no	pilot	codex-semantic-pass	Shell dan BP-AKR Keluhkan Tambahan Kuota Impor BBM Hanya 10 Persen Money 1 Oktober 2025
ann_5692144a8778	kompas	kompas_money	2023-09-13	yes	pilot	codex-semantic-pass	Jurus Pemerintah Kendalikan Inflasi Pangan Money 13 September 2023
ann_569514f855c2	kompas	kompas_nasional	2022-03-02	yes	pilot	codex-semantic-pass	Puan Minta Pemerintah Gerak Cepat soal Kenaikan Harga Kebutuhan Pokok News 2 Maret 2022
ann_56b6d548af40	detik	detik_finance	2021-03-06	no	pilot	codex-semantic-pass	Panen Raya, Bulog Diminta Maksimalkan Penyerapan Padi di Jateng
ann_56d72c692990	kompas	kompas_regional	2021-07-14	no	pilot	codex-semantic-pass	Stok Obat Menipis, Plt Bupati Nganjuk: Setiap Hari Kita Juga Deg-degan gara-gara Oksigen Regional 14 Juli 2021
ann_577c7dce0f54	kompas	kompas_money	2021-06-24	yes	pilot	codex-semantic-pass	Agar Tak Rugi Saat Gagal Panen, Mentan Ajak Petani Tulungagung Ikuti AUTP Money 24 Juni 2021
ann_578610165226	kompas	kompas_nasional	2025-08-02	no	pilot	codex-semantic-pass	Ikuti PaDi UMKM Expo 2025, 7 UMKM Binaan Pertamina Catat Potensi Transaksi Rp 4,6 Miliar News 2 Agustus 2025
ann_580ff0093821	beritajatim	beritajatim	2024-12-05	yes	pilot	codex-semantic-pass	Persiapan Nataru, Perum BULOG Cabang Kediri Salurkan Bantuan Pangan
ann_5a5ab625a060	detik	detik_news	2022-10-27	yes	pilot	codex-semantic-pass	Di Universitas Hang Tuah, LaNyalla Bahas Ketahanan Pangan dari Sisi Maritim
ann_5baf3b3e3660	kompas	kompas_regional	2022-03-24	no	pilot	codex-semantic-pass	Curhat Pedagang Kecil di Flores Timur: Harga Minyak Goreng Melonjak, tetapi Stoknya Tidak Ada... Regional 24 Maret 2022
ann_5be171c5c3ac	beritajatim	beritajatim	2023-10-11	yes	pilot	codex-semantic-pass	Beras Medium Tidak Banyak Beredar, Wali Kota Mojokerto Sidak
ann_5d57bcb01d35	kompas	kompas_money	2025-08-25	no	pilot	codex-semantic-pass	Cerita Ibu-ibu Cari Beras: Kehabisan Stok Beras di Ritel, ke Warung tapi Harga Mahal dan Kualitas Mengecewakan Money 25 Agustus 2025
ann_5e1896f82442	kompas	kompas_regional	2026-05-25	yes	pilot	codex-semantic-pass	Eks Kepala Gudang Cimory Diadili, Didakwa Edarkan Ratusan Karton Produk Kedaluwarsa Regional 25 Mei 2026
ann_5e267f08c55c	beritajatim	beritajatim	2025-07-23	yes	pilot	codex-semantic-pass	Kena Penalti, Harmonisasi Perbup Cadangan Pangan Jember Cuma Lima Menit
ann_5ed56ccf0861	kompas	kompas_regional	2025-12-18	no	pilot	codex-semantic-pass	Gubernur Mualem Ucapkan Terima Kasih Bantuan Kementan–Bapanas, Salah Satu Terbesar Diterima Aceh Regional 18 Desember 2025
ann_5f2f13f046e6	kompas	kompas_nasional	2024-10-17	yes	pilot	codex-semantic-pass	Polisi Gagalkan Penyelundupan 237.305 Benih Lobster Senilai Rp 23,6 Miliar News 17 Oktober 2024
ann_5f64c7d4550c	beritajatim	beritajatim	2024-01-29	yes	pilot	codex-semantic-pass	Satpolairud Situbondo: Waspada Cuaca Ekstrem di Selat Madura
ann_5fcb9dd54e92	beritajatim	beritajatim	2026-03-07	yes	pilot	codex-semantic-pass	Polresta Malang Kota Bongkar Sindikat Bawang Bombai Impor Ilegal
ann_610ae3eaeaaa	beritajatim	beritajatim	2026-02-28	yes	pilot	codex-semantic-pass	Bojonegoro Incar Takhta Produsen Padi Nomor 1 Nasional di 2028, Andalkan Benih “Amfibi” Gamagora 7
ann_61820ebdbb25	detik	detik_news	2021-04-12	no	pilot	codex-semantic-pass	Bupati Trenggalek Tetapkan Darurat Bencana Gempa
ann_62dba88ad303	beritajatim	beritajatim	2021-12-23	yes	pilot	codex-semantic-pass	Pemberdayaan Petani, BUMD Sumenep Serap 10 Ton Gabah Lokal
ann_63a2468ad5df	kompas	kompas_regional	2025-08-04	yes	pilot	codex-semantic-pass	Oplos Beras Premium, Warga Sidoarjo Untung Rp 13 Miliar Regional 4 Agustus 2025
ann_63f2506c000a	beritajatim	beritajatim	2026-02-02	yes	pilot	codex-semantic-pass	Hujan Disertai Angin Kencang, Atap Rumah Warga Kuniran Bojonegoro Ambruk
ann_65383b92e8c6	kompas	kompas_regional	2022-04-22	yes	pilot	codex-semantic-pass	Jual Telur Busuk Seberat 2,4 Ton, Perempuan Asal Jombang Jadi Tersangka, Ini Ceritanya Regional 22 April 2022
ann_66ce2834051e	kontan	kontan	2024-02-27	yes	pilot	codex-semantic-pass	Jagung Bioteknologi Pertama dengan Keunggulan Ganda di Indonesia Mulai Dipasarkan
ann_6851eefb50f0	kontan	kontan	2026-04-10	yes	pilot	codex-semantic-pass	Ini Faktor Utama yang Menyebabkan Harga Minyak Goreng Naik
ann_68525207661d	kompas	kompas_money	2022-12-30	yes	pilot	codex-semantic-pass	Reformasi Pupuk Subsidi Money 30 Desember 2022
ann_6881585cf441	beritajatim	beritajatim	2025-07-15	yes	pilot	codex-semantic-pass	Tingkatkan Produksi Tebu, Mas Dhito Bakal Kawal Kebutuhan Pupuk Petani Kediri
ann_68eb4297b336	kompas	kompas_regional	2024-12-16	yes	pilot	codex-semantic-pass	Banjir Rendam Sejumlah Wilayah di Sidoarjo, Ketinggian Air di Wilayah Terparah 50 Sentimeter Regional 16 Desember 2024
ann_6942d5fbef71	kompas	kompas_regional	2026-05-21	yes	pilot	codex-semantic-pass	BPOM Soroti SOP dan Distribusi Makanan SPPG Kaliwates 3 yang Sebabkan 22 Murid TK Keracunan Regional 21 Mei 2026
ann_6a322d1b8019	kontan	kontan	2023-08-27	yes	pilot	codex-semantic-pass	Pupuk Indonesia Produksi Pupuk NPK Petro Ningrat untuk Petani Tembakau
ann_6aa6035089e0	beritajatim	beritajatim	2021-03-22	yes	pilot	codex-semantic-pass	Petani Kabupaten Kediri Tolak Rencana Pemerintah Impor Beras
ann_6c6cbcddb7d5	beritajatim	beritajatim	2026-02-14	yes	pilot	codex-semantic-pass	Pastikan Stok Sembako Aman di Bulan Ramadan, Bupati Sumenep Turun Langsung ke Pasar Tradisional
ann_6ddd6a0e3955	kompas	kompas_regional	2022-03-18	yes	pilot	codex-semantic-pass	HET Dicabut, Harga Minyak Goreng Langsung Melejit, Stoknya Kini Melimpah Tak Lagi Gaib... Regional 18 Maret 2022
ann_6ef89755fccd	kontan	kontan	2023-06-26	yes	pilot	codex-semantic-pass	Cerestar (TRGU) Tingkatkan Kapasitas Produksi 600 MT Per Hari di Pabrik Gresik
ann_6f92b5cd1236	kontan	kontan	2022-06-09	no	pilot	codex-semantic-pass	Asaki Optimistis Volume Produksi Keramik Bisa Tumbuh 15% pada Tahun Ini
ann_7269372a527d	kontan	kontan	2026-01-30	no	pilot	codex-semantic-pass	Taman Safari Indonesia Rawat Kembangbiakkan 100 Satwa Endemik Langka di PCBA Jatim
ann_74148fec68c0	kontan	kontan	2025-11-19	no	pilot	codex-semantic-pass	Freeport Percepat Pemulihan Tambang Grasberg, Produksi Ditarget Meningkat 2026
ann_741bc397b87a	kompas	kompas_money	2021-06-18	yes	pilot	codex-semantic-pass	Porang Jadi Komoditas Super Prioritas, Kementan Dorong Petani Mengembangkannya Money 18 Juni 2021
ann_751731e1063f	kompas	kompas_money	2024-01-04	yes	pilot	codex-semantic-pass	Ombudsman Bantah Pupuk Subsidi di Gresik Langka Money 4 Januari 2024
ann_76b0e0517053	kontan	kontan	2021-07-08	yes	pilot	codex-semantic-pass	Pasokan gula di Jatim disebut menurun, ini kata petani tebu
ann_77cc15484c13	kompas	kompas_nasional	2025-01-22	no	pilot	codex-semantic-pass	Menteri ATR Benarkan Ada 3 SHGB Seluas 656,85 Hektar di Perairan Surabaya-Sidoarjo News 22 Januari 2025
ann_7805cfc263e9	bisnis	bisnis	2023-02-06	no	pilot	codex-semantic-pass	Moratorium Ekspor Mineral Juni 2023, Bos MIND ID: Tembaga Belum Siap
ann_78c2b60fcc2d	kompas	kompas_regional	2022-10-14	yes	pilot	codex-semantic-pass	Cadangan Beras Pemerintah Tinggal 63,3 Persen, Bapanas Dorong Bulog Tingkatkan Stok Regional 14 Oktober 2022
ann_78f18dbc33dd	kompas	kompas_money	2026-05-22	yes	pilot	codex-semantic-pass	Duduk Perkara Harga Telur Anjlok Drastis Money 22 Mei 2026
ann_79e880d4aa7f	kompas	kompas_nasional	2025-05-24	yes	pilot	codex-semantic-pass	Gibran Beri Bantuan Saat Tanam Padi Bersama Petani di Ngawi News 24 Mei 2025
ann_7a4e2b51369a	kompas	kompas_money	2022-05-12	yes	pilot	codex-semantic-pass	Apakah Daging Sapi yang Tertular Penyakit Mulut dan Kuku Aman Dimakan? Money 12 Mei 2022
ann_7af4782d55ff	beritajatim	beritajatim	2023-10-20	no	pilot	codex-semantic-pass	Pemkab Pasuruan Terima Dana BNPB untuk Atasi Kekeringan
ann_7af91de1212e	kompas	kompas_regional	2026-01-16	yes	pilot	codex-semantic-pass	2 Hari Terisolir Imbas Jalan Longsor, 40 KK di Pamekasan Mulai Sulit Peroleh Makanan Regional 16 Januari 2026
ann_7c42d4a16581	kontan	kontan	2024-01-14	no	pilot	codex-semantic-pass	Tingkatkan Perlindungan Konsumen, Kemendag Awasi Barang Sesuai K3L
ann_7c47e167ab0b	kompas	kompas_regional	2025-01-20	no	pilot	codex-semantic-pass	Hujan Deras, Sebuah Rumah di Situbondo Ambruk Regional 20 Januari 2025
ann_7d02723700f9	beritajatim	beritajatim	2025-05-15	yes	pilot	codex-semantic-pass	Dirjen Kementan Tinjau Jombang, Targetkan 81 Ribu Hektare Tanam Padi
ann_7de16cb7074a	detik	detik_news	2021-03-21	uncertain	pilot	codex-semantic-pass	Polisi Banyuwangi Akan Uji Laborat soal Viral Cabai Rawit Dicat
ann_7df570ce0f6f	beritajatim	beritajatim	2023-12-21	yes	pilot	codex-semantic-pass	Rakor Lintas Sektoral Acuan Nataru di Malang Tertib dan Aman
ann_7eb34b881752	detik	detik_finance	2022-08-25	yes	pilot	codex-semantic-pass	Harga Telur Tembus di Atas Rp 30.000/Kg, Badan Pangan Lakukan Ini
ann_7f1117054e6b	detik	detik_food	2021-09-23	yes	pilot	codex-semantic-pass	Harga Telur Ayam Anjlok Rp 17.500 Sekilo, Sama dengan Harga Telur 8 Tahun Lalu
ann_7f60e26776ff	detik	detik_finance	2025-09-18	yes	pilot	codex-semantic-pass	Harga Kedelai Lokal Anjlok, Pemerintah Turun Tangan
ann_7fb98b1fb5d7	kompas	kompas_regional	2026-03-05	yes	pilot	codex-semantic-pass	Tanggul di Banyuwangi Kerap Jebol Saat Hujan Deras, BPBD Usut Penyebabnya Regional 5 Maret 2026
ann_7fcb78d7dc13	beritajatim	beritajatim	2021-03-27	yes	pilot	codex-semantic-pass	Cabai Mahal, Banyuwangi Memikat Hati Pemerintah Pusat
ann_806491aad2d8	kontan	kontan	2021-12-13	yes	pilot	codex-semantic-pass	Petrokimia dan Satgas BUMN Jatim salurkan batuan tahap II ke korban erupsi Semeru
ann_80f03a639044	beritajatim	beritajatim	2025-08-04	yes	pilot	codex-semantic-pass	Polisi Gerebek Pabrik Beras Oplosan agar Jadi Premium dan Wangi di Sidoarjo
ann_8195fc6965e4	detik	detik_finance	2021-06-02	yes	pilot	codex-semantic-pass	Menperin Siap Buka-bukaan Aturan Impor Gula Rafinasi, Kapan?
ann_8250ce21b716	beritajatim	beritajatim	2022-01-07	yes	pilot	codex-semantic-pass	Ini yang Harus Diwaspadai Petani di Probolinggo Pada Puncak Musim Penghujan
ann_8495d0b14874	beritajatim	beritajatim	2025-04-12	yes	pilot	codex-semantic-pass	Polres Sumenep Cek Stok Pupuk Bersubsidi di Kios Pengecer
ann_851d65e6e769	beritajatim	beritajatim	2022-01-21	yes	pilot	codex-semantic-pass	Pedagang Daging Sapi di Kota Pasuruan Masih Mogok
ann_8528cffb0bfe	beritajatim	beritajatim	2021-07-29	yes	pilot	codex-semantic-pass	Antisipasi Cuaca Buruk, Sumenep Dahulukan Distribusi Bansos Beras ke Kepulauan
ann_864d0f8ee64b	kontan	kontan	2021-07-02	no	pilot	codex-semantic-pass	Apotek K-24: Saat ini, kelangkaan terjadi terutama untuk vitamin
ann_87a15ba5743b	kontan	kontan	2025-07-21	yes	pilot	codex-semantic-pass	Upaya Petani Tulungagung Beradaptasi dengan Inovasi Teknologi
ann_8844d0317407	kompas	kompas_nasional	2022-08-15	yes	pilot	codex-semantic-pass	Sorgum Diproyeksikan Gantikan Gandum, Moeldoko: Kita Tak Akan Ribut soal Mi Instan News 15 Agustus 2022
ann_88972a020882	detik	detik_news	2025-03-20	yes	pilot	codex-semantic-pass	Tito Ingatkan Kepala Daerah Jaga Arus Mudik & Stabilitas Harga Pangan
ann_88f1251c70db	beritajatim	beritajatim	2024-04-16	no	pilot	codex-semantic-pass	Industri Tepung Terigu Nasional Terpukul Permendag 36/2023
ann_89186041f29c	detik	detik_finance	2022-11-05	yes	pilot	codex-semantic-pass	Petani Minta Alat Angkut Tebu ke Jokowi: Minimal 100, Pak
ann_8a44991244a4	beritajatim	beritajatim	2023-04-20	yes	pilot	codex-semantic-pass	Wali Kota Malang Pastikan Bantuan Pangan Tepat Sasaran
ann_8c098ea51bb7	kompas	kompas_nasional	2025-07-29	no	pilot	codex-semantic-pass	BBM Langka di Jember, Anggota DPR Minta Pertamina Gerak Cepat News 29 Juli 2025
ann_8c39da977f62	detik	detik_finance	2022-12-07	yes	pilot	codex-semantic-pass	PLN Jamin Pasokan Listrik di Wilayah Bencana Erupsi Semeru Aman
ann_8cf8da2316cf	kompas	kompas_regional	2023-08-03	yes	pilot	codex-semantic-pass	Kejari Blitar Dampingi Perhutani Tertibkan 11.610 Hektare Lahan yang Diduga Diserobot Regional 3 Agustus 2023
ann_8df308b7947e	kompas	kompas_money	2024-02-06	yes	pilot	codex-semantic-pass	Tekan Harga Jagung Pakan Ternak, Bulog Sudah Gelontorkan 121 Juta Kilogram Jagung SPHP Money 6 Februari 2024
ann_8ed60d174204	kontan	kontan	2024-03-27	yes	pilot	codex-semantic-pass	Bapanas Tegaskan Pedagang untuk Jual Beras SPHP Sesuai Aturan
ann_8f9de0816ba9	beritajatim	beritajatim	2026-04-23	yes	pilot	codex-semantic-pass	Dorong Kemandirian Pangan, Pemkot Mojokerto Gencarkan Gerakan Tanam Cabai
ann_90232a02ad2c	kompas	kompas_money	2023-02-09	yes	pilot	codex-semantic-pass	Kementan Fokus Tuntaskan Arahan Presiden Tanam 1 Juta Batang Kelapa Sesuai Target Money 9 Februari 2023
ann_91d73cbb57d6	kompas	kompas_regional	2024-08-13	no	pilot	codex-semantic-pass	Timbun Solar Subsidi untuk Diecer, Warga Jember Ditangkap Regional 13 Agustus 2024
ann_91e301213b4c	bisnis	bisnis	2024-03-15	no	pilot	codex-semantic-pass	Menteri Trenggono Umumkan 7 Lokasi Pengelolaan Hasil Sedimentasi, Keran Ekspor Pasir Laut Resmi Dibuka?
ann_924e8031a8e4	kontan	kontan	2025-07-18	yes	pilot	codex-semantic-pass	Japfa Comfeed (JPFA) Perkuat Bisnis Telur dan Susu, Siap Ekspansi Ekspor ke Eropa
ann_92fffaa3985d	bisnis	bisnis	2026-02-02	yes	pilot	codex-semantic-pass	Bongkar Muat Kapal di Surabaya dan Semarang Molor, ALFI: Peti Kemas Aman
ann_933b2956eab1	detik	detik_finance	2021-07-09	uncertain	pilot	codex-semantic-pass	Mana UKM Jatim yang Ngaku Sulit Dapat Gula Rafinasi?
ann_955ef97a3c33	beritajatim	beritajatim	2021-12-20	yes	pilot	codex-semantic-pass	4.124 Hektare Tambak di Lamongan Terendam Banjir, Kerugian Rp 19 M
ann_964222991cda	bisnis	bisnis	2022-07-21	yes	pilot	codex-semantic-pass	Indonesia Ekspor Beras, Bulog: Bukan Hal yang Mustahil
ann_9b02d55318f7	kompas	kompas_nasional	2022-03-17	yes	pilot	codex-semantic-pass	Soal Minyak Goreng Langka, Mendag: Ada yang Ambil Kesempatan dalam Kesempitan News 17 Maret 2022
ann_9b9184460d80	beritajatim	beritajatim	2023-02-03	yes	pilot	codex-semantic-pass	Minyak Goreng Kita Langka di Kota Blitar, Minyak Curah Tembus 15 Ribu
ann_9b9a4ebf4a7c	detik	detik_news	2024-12-08	yes	pilot	codex-semantic-pass	Kemensos Salurkan Bantuan Rp 896,4 Juta untuk Korban Banjir Pasuruan
ann_9e271d98056a	detik	detik_food	2021-02-07	yes	pilot	codex-semantic-pass	Harga Anjlok! 5 Petani Ini Buang Sayuran hingga Buah Naga ke Sungai
ann_a013ac3bcdd1	kompas	kompas_money	2022-02-19	yes	pilot	codex-semantic-pass	Mendag Dapat Keluhan Pedagang: Harga Minyak Goreng Tidak Masuk Akal Money 19 Februari 2022
ann_a06944712e01	kompas	kompas_regional	2025-08-04	yes	pilot	codex-semantic-pass	Kasus Beras Oplosan di Sidoarjo, Polda Jatim Tetapkan 1 Tersangka Regional 4 Agustus 2025
ann_a0dc6e2f1f43	beritajatim	beritajatim	2025-03-19	yes	pilot	codex-semantic-pass	Warga Mojokerto Jual Minyak Goreng Tanpa Label BPOM dan SNI, Ditangkap Polisi
ann_a2734dacdf93	kompas	kompas_regional	2022-11-07	yes	pilot	codex-semantic-pass	Ada Kawasan Berpotensi Terisolasi karena Banjir di Trenggalek, Mensos Siapkan Dapur Umum Regional 7 November 2022
ann_a3f8bba94417	beritajatim	beritajatim	2025-02-28	yes	pilot	codex-semantic-pass	Penyusutan Lahan Sawah di Malang Capai 6.977 Hektar, DPRD Soroti Lemahnya Pengawasan
ann_a41db3c86535	kompas	kompas_money	2023-11-08	yes	pilot	codex-semantic-pass	Kurangi Pestisida, Petani di Tuban Didorong Pakai Kompos Limbah Organik Money 8 November 2023
ann_a5a2724b0066	kontan	kontan	2023-03-09	yes	pilot	codex-semantic-pass	Pupuk Indonesia Perluas Kapasitas Gudang Eksisting di 7 Lokasi
ann_a6f555f21262	kompas	kompas_regional	2024-06-19	no	pilot	codex-semantic-pass	Korban Tewas Kebakaran Gudang Elpiji di Bali Jadi 16 Orang, 2 Kritis Regional 19 Juni 2024
ann_a8d1e499b017	kompas	kompas_regional	2022-05-24	yes	pilot	codex-semantic-pass	Wabah PMK di Lumajang Meluas, Bupati Pertimbangkan Tutup Pasar Hewan Regional 24 Mei 2022
ann_a8fada8b689c	kompas	kompas_money	2023-03-31	yes	pilot	codex-semantic-pass	Bansos Beras Mulai Disalurkan Bertahap Akhir Maret 2023 Money 31 Maret 2023
ann_aa4fe7443c10	detik	detik_food	2025-03-02	no	pilot	codex-semantic-pass	5 Varietas Kopi Indonesia yang Tak Kalah Enak dari Kopi Impor
ann_aa7ea8c81058	beritajatim	beritajatim	2025-12-20	yes	pilot	codex-semantic-pass	Ditlantas Polda Jatim Batasi Operasional Angkutan Barang, Ini Jadwalnya
ann_aaf8d4da97fa	kompas	kompas_regional	2022-06-28	yes	pilot	codex-semantic-pass	Cuaca Ekstrem, Perahu Nelayan Muncar Banyuwangi Tenggelam Dihantam Gelombang Regional 28 Juni 2022
ann_ab98af5de19c	kompas	kompas_money	2021-11-04	yes	pilot	codex-semantic-pass	Hadapi Cuaca Ekstrem, Mentan Minta Kepala Daerah Persiapkan Stok Pangan untuk Kemarau Panjang Money 4 November 2021
ann_abc60677dbcf	detik	detik_finance	2022-07-31	yes	pilot	codex-semantic-pass	Wilmar Targetkan Kemitraan Lahan Padi 1.000 Ha di Medan-Palembang
ann_ad087a3038f8	kompas	kompas_regional	2022-02-20	no	pilot	codex-semantic-pass	Nestapa Petani Seluma di Balik Nikmatnya Padi Empai Regional 20 Februari 2022
ann_ad19684e91d2	kompas	kompas_nasional	2025-03-06	no	pilot	codex-semantic-pass	Peran dan Modus 8 Tersangka Kasus Barcode BBM Subsidi di Tuban dan Karawang News 6 Maret 2025
ann_ad3a6b2c336f	beritajatim	beritajatim	2022-04-18	yes	pilot	codex-semantic-pass	Emak-emak Tersangka Pemilik Telur Busuk Beraksi 2 Kali di Mojokerto
ann_afb96dc90d46	kompas	kompas_money	2023-10-07	yes	pilot	codex-semantic-pass	Ini Salah Satu Biang Kerok Harga Gula Naik Beberapa Hari Terakhir Money 7 Oktober 2023
ann_b06d36d2faf2	kompas	kompas_nasional	2023-12-29	yes	pilot	codex-semantic-pass	Kampanye di Gresik, Cak Imin Janji Sediakan Pupuk, Pakan, dan Pasar untuk Para Petambak News 29 Desember 2023
ann_b141506184ce	kompas	kompas_regional	2024-03-29	uncertain	pilot	codex-semantic-pass	Dinkes Kota Batu Temukan 2 Jajanan Takjil Diduga Mengandung Boraks Regional 29 Maret 2024
ann_b184e28c6855	beritajatim	beritajatim	2022-03-05	yes	pilot	codex-semantic-pass	Wali Kota Kediri Percepat Distribusi Minyak Goreng untuk Masyarakat
ann_b21cf5e8fd6a	kompas	kompas_regional	2021-12-01	no	pilot	codex-semantic-pass	Musim Hujan Tiba, Masyarakat Jatim Diminta Tanggap Hadapi Ancaman DBD dan Malaria Regional 1 Desember 2021
ann_b4226f27cd3f	detik	detik_finance	2023-07-24	no	pilot	codex-semantic-pass	LPG 3 Kg di Banyuwangi Langka, Begini Penjelasan Pertamina
ann_b657b641c4cf	kompas	kompas_regional	2026-01-13	yes	pilot	codex-semantic-pass	Buntut Dugaan Keracunan MBG di Mojokerto, Kemenkes Investigasi Rantai Distribusi Regional 13 Januari 2026
ann_b6b3da858be4	beritajatim	beritajatim	2023-06-28	yes	pilot	codex-semantic-pass	DKPP Lamongan Jalankan Mitigasi Hadapi Ancaman El Nino
ann_b75a1d3c2312	kompas	kompas_nasional	2023-02-23	yes	pilot	codex-semantic-pass	Jokowi Minta Gubernur Jaga Stok Beras: Pastikan Betul Itu Cukup News 23 Februari 2023
ann_b7b7916921e5	kompas	kompas_money	2023-01-05	yes	pilot	codex-semantic-pass	Bapanas: Harga Cabai dan Telur Ayam Berangsur Turun Money 5 Januari 2023
ann_b8366229a184	kontan	kontan	2026-03-05	no	pilot	codex-semantic-pass	Pertamina Lubricants Gelar Program RAFI 2026, Jamin Ketersediaan Oli pada Musim Mudik
ann_b840431f95ee	kontan	kontan	2022-02-23	no	pilot	codex-semantic-pass	Pasokan Migor Digenjot, Gimni Sebut dari 125 eksportir, Baru 17 korporasi Patuh DMO
ann_b9795f79195a	kompas	kompas_regional	2025-08-04	yes	pilot	codex-semantic-pass	Modus Beras Oplosan Merek SPG di Sidoarjo, Dicampur Premium dan Cap Halal Palsu Regional 4 Agustus 2025
ann_b9ce8bdebefd	kontan	kontan	2023-10-08	yes	pilot	codex-semantic-pass	Hidupkan Lahan Tidur, Wilmar Padi dan Petani Catatkan Produksi Hingga 7 Ton per Ha
ann_bc08823d0b1f	kontan	kontan	2023-05-29	yes	pilot	codex-semantic-pass	Badan Pangan Fasilitasi Distribusi Komoditas Pangan ke Wilayah Defisit
ann_bc552db7cbec	kompas	kompas_nasional	2025-03-06	no	pilot	codex-semantic-pass	Kasus Barcode BBM Subsidi, Polisi Sita 16.400 Liter Solar Ilegal News 6 Maret 2025
ann_bc5aa1b9979e	kompas	kompas_money	2024-09-29	no	pilot	codex-semantic-pass	Dalam 2 Tahun, Pemprov Jatim Sudah Gelontorkan BTT Rp 52 Miliar untuk Perbaiki Infrastruktur Rusak Imbas Erupsi Semeru Money 29 September 2024
ann_bca771e12c14	detik	detik_finance	2021-05-14	yes	pilot	codex-semantic-pass	Aturan Baru Menperin Disoal, Petani: Ada yang Ingin Gagalkan Swasembada Gula
ann_bcf79a87100c	kompas	kompas_regional	2021-11-06	no	pilot	codex-semantic-pass	Perintah Bupati Terkait Banjir Bandang di Lamongan Regional 6 November 2021
ann_bd0fe1b90b98	kontan	kontan	2025-07-22	yes	pilot	codex-semantic-pass	Meniti Solusi Produksi Pertanian dengan Bantuan Agritek
ann_bd1ed8a8445f	beritajatim	beritajatim	2024-06-20	yes	pilot	codex-semantic-pass	Plt Bupati H. Subandi Berencana Beli Beras Petani Sidoarjo
ann_be912c1a585c	kompas	kompas_regional	2026-04-21	yes	pilot	codex-semantic-pass	Petani Adukan Gagal Panen ke DPRD Jember, Diduga Tercemar Limbah TPA Regional 21 April 2026
ann_bf122de827bb	kompas	kompas_nasional	2024-04-04	no	pilot	codex-semantic-pass	Saksi Ahli Prabowo-Gibran: Kalau Bansos Berpengaruh, Anies Tidak Bisa Menang lawan Ahok News 4 April 2024
ann_bf7b1951b7ab	kompas	kompas_nasional	2026-03-06	no	pilot	codex-semantic-pass	Gibran Pimpin Rakor Penanganan Banjir di Tuban, Perintahkan Fasilitas Umum Segera Dipulihkan News 6 Maret 2026
ann_c05ee0548e2a	kompas	kompas_regional	2026-05-25	yes	pilot	codex-semantic-pass	Daftar Produk Kedaluwarsa yang Dijual Murah Eks Kepala Gudang di Sidoarjo Regional 25 Mei 2026
ann_c258e4158eac	beritajatim	beritajatim	2024-01-19	yes	pilot	codex-semantic-pass	Disbun Jatim Fokus Inovasi Genjot Produksi Perkebunan
ann_c29a46770220	kontan	kontan	2022-12-07	yes	pilot	codex-semantic-pass	Indonesia Eximbank Dorong Penguatan Ekspor Lewat Desa Devisa Klaster Udang
ann_c2b9be01c3d2	beritajatim	beritajatim	2023-11-20	yes	pilot	codex-semantic-pass	Harga Gula Pasir dan Cabai di Sumenep Bikin Meringis
ann_c3f214c0b920	kontan	kontan	2023-10-07	yes	pilot	codex-semantic-pass	Harga Gula Naik Akibat Penyesuaian Harga Pokok Produksi
ann_c4b9e1dae8e1	beritajatim	beritajatim	2021-12-07	yes	pilot	codex-semantic-pass	Polres Lamongan Kirim Bantuan Bagi Korban Erupsi Semeru Lumajang
ann_c52b28d4e1bc	kompas	kompas_regional	2025-01-22	yes	pilot	codex-semantic-pass	Stok Vaksin PMK Gratis di Lumajang Terbatas, Peternak Diminta Vaksinasi Mandiri Regional 22 Januari 2025
ann_c6319a36d4f5	kompas	kompas_money	2026-05-16	yes	pilot	codex-semantic-pass	Prabowo Sebut Banyak Negara Mulai Cari Beras dari Indonesia Money 16 Mei 2026
ann_c6a4209beff1	bisnis	bisnis	2025-02-27	yes	pilot	codex-semantic-pass	KKP Pastikan Ketersediaan Stok Ikan Konsumsi Aman Jelang Ramadan dan Idulfitri
ann_c6c07c4c5edb	kompas	kompas_money	2023-04-11	yes	pilot	codex-semantic-pass	ID Food Salurkan Bansos Pangan ke-4 Provinsi Mulai 15 April 2023 Money 11 April 2023
ann_c771a8e5e1b8	kompas	kompas_nasional	2023-03-11	yes	pilot	codex-semantic-pass	Jokowi Minta Bulog Serap Gabah Petani Sebanyak-banyaknya News 11 Maret 2023
ann_c778d03fa05c	beritajatim	beritajatim	2024-02-16	yes	pilot	codex-semantic-pass	Harga Beras di Kota Mojokerto Terus Merangkak Naik
ann_c80bb1de3a2f	kompas	kompas_money	2022-12-10	yes	pilot	codex-semantic-pass	Tutup Musim Giling Tebu 2022, Capaian PG Rajawali I Unit Krebet Baru Lampaui Target Money 10 Desember 2022
ann_cb34ce83e89c	beritajatim	beritajatim	2021-04-19	yes	pilot	codex-semantic-pass	Brantas Abipraya Salurkan Bantuan Bagi Korban Gempa Malang
ann_cc62e5faecea	kompas	kompas_regional	2025-01-12	yes	pilot	codex-semantic-pass	Malang Siapkan Anggaran Darurat Hadapi Wabah PMK, Vaksinasi Digencarkan Regional 12 Januari 2025
ann_ccd87a0453c6	kompas	kompas_nasional	2024-02-26	no	pilot	codex-semantic-pass	Stok Beras Bulog Melimpah, Mendag Zulhas Imbau Masyarakat Konsumsi Beras Bulog News 26 Februari 2024
ann_ccfb79c5cbda	kompas	kompas_nasional	2022-11-07	yes	pilot	codex-semantic-pass	Sigap Atasi Banjir Bandang di Trenggalek, Kemensos Bangun 4 Lumbung Sosial News 7 November 2022
ann_cd1bd4a46b49	kompas	kompas_regional	2026-03-17	no	pilot	codex-semantic-pass	Gas 3 Kg Langka dan Mahal di Bojonegoro, Pertamina Angkat Bicara Regional 17 Maret 2026
ann_cf036dc39715	kontan	kontan	2025-01-15	yes	pilot	codex-semantic-pass	Arahan Prabowo, Badan Pangan Nasional Mulai Kemandirian Pangan dari Desa
ann_cf105014d723	kompas	kompas_money	2023-08-12	yes	pilot	codex-semantic-pass	Bapanas: Dibutuhkan Kolaborasi Pentahelix untuk Bisa Menciptakan Ketahanan Pangan Money 12 Agustus 2023
ann_d0e8c526f925	beritajatim	beritajatim	2023-05-27	yes	pilot	codex-semantic-pass	Khofifah dan Mak Rini Panen Padi Biosaka di Kabupaten Blitar
ann_d229adb67849	detik	detik_news	2024-12-25	no	pilot	codex-semantic-pass	BRIN Apresiasi Pemkot Semarang dan PGN Cetak Sawah 20 Hektare di Pesisir
ann_d25a6477d8ab	detik	detik_finance	2024-02-11	no	pilot	codex-semantic-pass	Jelang Pemilu, Pertamina Jamin Stok BBM Bisa Penuhi Kebutuhan Warga
ann_d319208901d6	bisnis	bisnis	2025-02-23	yes	pilot	codex-semantic-pass	Masuk Zona Merah, Harga Minyakita Naik Lampaui HET
ann_d321d608c13f	kompas	kompas_regional	2023-02-22	no	pilot	codex-semantic-pass	Pengungsi Warga Kismantoro-Wonogiri Terdampak Banjir Lumpur Pacitan Dipulangkan Regional 22 Februari 2023
ann_d336eecac9e1	detik	detik_finance	2026-04-12	no	pilot	codex-semantic-pass	Jaga Pasokan, Kapal Pertamina Salurkan LPG ke Sulawesi dan Jawa Timur
ann_d3c6eefd8ca0	kontan	kontan	2023-03-30	yes	pilot	codex-semantic-pass	Penuhi Kebutuhan Pangan, Badan Pangan Nasional Kirim 800 Ton Beras ke NTT
ann_d43cad624a9b	kompas	kompas_nasional	2021-11-30	yes	pilot	codex-semantic-pass	Selesai Resmikan Bendungan, Jokowi Ikut Tanam Padi Bareng Petani di Trenggalek News 30 November 2021
ann_d4594f452ce3	kompas	kompas_regional	2023-05-10	no	pilot	codex-semantic-pass	Warga Berdesak-desakan Saat Penyaluran BLT di Kantor Pos, Wali Kota Surabaya Minta Dialihkan ke 31 Kecamatan Regional 10 Mei 2023
ann_d4f8159cc88f	kontan	kontan	2023-09-12	yes	pilot	codex-semantic-pass	Bantuan Pangan, Jokowi Sebut 3 Bulan ke Depan akan Dibagikan 10 Kg Beras
ann_d4f9396fc660	kompas	kompas_regional	2023-01-18	yes	pilot	codex-semantic-pass	Petani di Pamekasan Mengeluh Pupuk Subsidi Langka, Tanaman Padi Terancam Rusak Regional 18 Januari 2023
ann_d557bf4c2d1a	beritajatim	beritajatim	2025-07-04	yes	pilot	codex-semantic-pass	Bojonegoro Ambisi Geser Ngawi dari Posisi Lumbung Padi Jatim
ann_d57c604d6027	kontan	kontan	2025-11-05	yes	pilot	codex-semantic-pass	Strategi KKP Memperluas Ekosistem Halal di Sektor Perikanan
ann_d63ccb2c756d	kontan	kontan	2026-01-03	yes	pilot	codex-semantic-pass	Pupuk Subdisi Disalurkan Sejak Awal Tahun 2026, Simak Cara Beli Pupuk Subsidi
ann_d7c606cbabb9	kompas	kompas_money	2025-01-09	yes	pilot	codex-semantic-pass	Kementan Sebut Pasar yang Terindikasi Dimasuki Ternak Terjangkit PMK Sudah Ditutup Money 9 Januari 2025
ann_d7feccb2101b	beritajatim	beritajatim	2026-03-04	yes	pilot	codex-semantic-pass	Satgas Pangan Polres Ngawi Cek Pasar Walikukun, Stok Aman Harga Cabai Masih Fluktuatif
ann_d8b6ffc7acda	kompas	kompas_regional	2023-09-08	no	pilot	codex-semantic-pass	"""Flare Prewedding"" Sebabkan 50 Hektar Lahan di Bromo Terbakar, Manajer WO Tersangka Regional 8 September 2023"
ann_d9e00923cf86	detik	detik_news	2021-07-31	yes	pilot	codex-semantic-pass	51 Ton Beras Akan Dibagikan ke Warga Terdampak COVID-19 di Magetan
ann_dac78d27efe7	beritajatim	beritajatim	2025-07-21	yes	pilot	codex-semantic-pass	Kapolsek Sukorejo Pastikan Tak Ada Beras Oplosan di Ponorogo
ann_daf7b994daae	beritajatim	beritajatim	2022-09-08	yes	pilot	codex-semantic-pass	DKPP Kota Kediri Gelar Pembinaan Pengelolaan Cadangan Pangan ke Petani
ann_dbdf192be053	kompas	kompas_money	2025-08-25	yes	pilot	codex-semantic-pass	Pemerintah Suntik Rp 1,5 Triliun untuk Serap Gula Petani, Harga Dijaga di Atas Rp 14.500 per Kg Money 25 Agustus 2025
ann_dbffc65577ac	beritajatim	beritajatim	2025-08-05	no	pilot	codex-semantic-pass	Dibekuk Polda Jatim, Tersangka Pengoplos Elpiji Subsidi di Malang Bisa Cuan Rp160 Juta Setahun
ann_dc1fd01d2084	detik	detik_finance	2023-03-28	no	pilot	codex-semantic-pass	Impor Pakaian Bekas Kuasai 31% Pasar UMKM, Mendag: Harus Ditertibkan
ann_dcbe2636f374	kontan	kontan	2024-03-25	yes	pilot	codex-semantic-pass	BNI Bersama BUMN Lain Gelar Pasar Murah di Bulan Ramadan
ann_ded1d081c9a9	kompas	kompas_money	2024-04-24	yes	pilot	codex-semantic-pass	Penuhi Kebutuhan Gula, Pabrik BUMN Ini Siap Giling Tebu Petani Money 24 April 2024
ann_df09d99922cb	beritajatim	beritajatim	2022-07-28	yes	pilot	codex-semantic-pass	Nestle Salurkan Bantuan Rp7,7 Miliar Untuk Atasi Wabah PMK di Pasuruan
ann_e046c2504305	kompas	kompas_regional	2026-03-12	no	pilot	codex-semantic-pass	Elpiji 3 Kg Langka, Polisi Bongkar Modus Penyuntikan Gas Subsidi di Tulungagung Regional 12 Maret 2026
ann_e26fabf1a23f	kompas	kompas_money	2023-01-28	yes	pilot	codex-semantic-pass	Pemkab Lamongan Salurkan BPJS Ketenagakerjaan kepada 8.000 Nelayan Money 28 Januari 2023
ann_e396197d7547	kompas	kompas_money	2023-04-13	yes	pilot	codex-semantic-pass	Kemendag Klaim Harga Bawang Putih Sudah Turun Money 13 April 2023
ann_e49a824c9d7a	beritajatim	beritajatim	2026-05-19	yes	pilot	codex-semantic-pass	Jelang Iduladha 2026, Pemkot Probolinggo Pastikan Stok Beras Aman dan Harga Bahan Pokok Stabil
ann_e4c469ada7c5	detik	detik_finance	2023-09-23	no	pilot	codex-semantic-pass	Panen Hadiah Simpedes, Dua Nasabah BRI di Gresik Dapat Mobil
ann_e528f8aeee9d	kompas	kompas_nasional	2026-05-25	no	pilot	codex-semantic-pass	3 Rumah Pompa Baru Perkuat Upaya Kota Surabaya Menuju Bebas Banjir News 25 Mei 2026
ann_e679995879e7	kompas	kompas_money	2022-08-04	no	pilot	codex-semantic-pass	Jurus Badan Pangan Nasional Bangun Tata Kelola Industri Gula Money 4 Agustus 2022
ann_e6ab00ac8ee5	kontan	kontan	2022-10-27	yes	pilot	codex-semantic-pass	Pemerintah Siapkan Jaminan Kredit untuk Pengadaan Cadangan Pangan
ann_e8b0b36e0e88	kompas	kompas_money	2021-03-17	no	pilot	codex-semantic-pass	Alasan Petani Tolak Impor Beras: Harga Gabah Murah dan Sulit Laku Money 17 Maret 2021
ann_e8cbea289ff5	kontan	kontan	2022-06-15	no	pilot	codex-semantic-pass	Pemerintah Siapkan Larangan Ekspor Bauksit Mentah dan Tembaga Mentah
ann_e98b84f2b92d	detik	detik_finance	2021-10-01	yes	pilot	codex-semantic-pass	Jagung Kiriman dari Pusat Basah, Peternak Ogah Pakai
ann_e9f872e43818	beritajatim	beritajatim	2022-12-29	yes	pilot	codex-semantic-pass	Imbas Cuaca Buruk, Bupati Lamongan Salurkan Beras 3 Ton ke Nelayan
ann_eab71e790a4e	kompas	kompas_money	2021-03-15	yes	pilot	codex-semantic-pass	Akibat Gagal Panen, Harga Cabai Rawit Merah Naik 22,48 Persen Dalam Sebulan Terakhir Money 15 Maret 2021
ann_ee82eced4d3b	beritajatim	beritajatim	2023-08-31	yes	pilot	codex-semantic-pass	Ada Mafia di Balik Anjloknya Harga Telur di Peternak Blitar?
ann_eee913e519d5	kompas	kompas_regional	2026-01-27	yes	pilot	codex-semantic-pass	Pasarkan Beras Oplosan, Pasutri di Surabaya Dituntut 2 Tahun Penjara Regional 27 Januari 2026
ann_efc4a2113904	beritajatim	beritajatim	2024-10-13	no	pilot	codex-semantic-pass	Tim Odore Unair Bawa Inovasi Limbah Jagung dan Kopi di Pimnas 2024
ann_f0aa0fff29a6	kontan	kontan	2023-02-13	yes	pilot	codex-semantic-pass	Kemendag Bakal Menindaklanjuti Temuan KPPU Soal MinyaKita
ann_f1a835ec4682	kompas	kompas_money	2025-07-03	uncertain	pilot	codex-semantic-pass	Pupuk Kaltim Raih 3 Penghargaan Tertinggi di Ajang TOP CSR Awards 2025 Money 3 Juli 2025
ann_f452174b7dd6	kontan	kontan	2021-10-16	no	pilot	codex-semantic-pass	Jelang Hari Pangan Sedunia, PPI lakukan panen raya lewat Agro Solution
ann_f6db3606d329	detik	detik_news	2021-02-20	no	pilot	codex-semantic-pass	Sempat Terjebak Banjir Lahar Semeru, 10 Warga Lumajang Berhasil Dievakuasi
ann_f7082c416267	beritajatim	beritajatim	2026-04-17	no	pilot	codex-semantic-pass	Polres Bondowoso Ringkus Dua Pengecer Ilegal BBM Bersubsidi
ann_f86e6e7b7ad9	kompas	kompas_regional	2026-05-29	yes	pilot	codex-semantic-pass	Peran 2 Terdakwa Manipulasi Produk Kedaluwarsa: Pakai Tiner, Eks Kepala Gudang Cimory Terlibat Regional 29 Mei 2026
ann_f8cb11ae6208	beritajatim	beritajatim	2025-06-07	yes	pilot	codex-semantic-pass	Petani Tewas Tersengat Listrik Jebakan Tikus, DTPHP Magetan Klaim Sering Beri Imbauan
ann_f9a842c82e39	kompas	kompas_regional	2024-08-02	yes	pilot	codex-semantic-pass	Ratusan Hektar Sawah di Lumajang Diserang Tikus, Pj Bupati Buka Suara Regional 2 Agustus 2024
ann_fbd9dc9a62dc	kompas	kompas_money	2023-09-18	yes	pilot	codex-semantic-pass	Peternak Ayam Mengadu ke DPR, Keluhkan Harga Telur Jatuh tetapi Pakan Mahal Money 18 September 2023
ann_fc5465db6242	bisnis	bisnis	2022-10-01	yes	pilot	codex-semantic-pass	Ditahan Sebulan, Kementan Lepas 1.619 Ton Produk Impor Hortikultura
ann_fd422193b502	kompas	kompas_regional	2021-03-31	yes	pilot	codex-semantic-pass	Surplus Beras 200 Ton, Bupati Hendy: Kami Akan Dorong Jember Jadi Lumbung Padi Nasional Regional 31 Maret 2021
ann_fd84b4d2f74b	beritajatim	beritajatim	2024-07-30	yes	pilot	codex-semantic-pass	Politeknik Negeri Jember Hadirkan Aplikasi RIZFARM Sebagai Solusi Cerdas Atasi Masalah Produktivitas Ayam Ras Petelur
ann_fea3e5519baa	kompas	kompas_money	2024-03-27	yes	pilot	codex-semantic-pass	Pelaku Penimbunan Bahan Pokok Bisa Dipenjara 6 Tahun Money 27 Maret 2024
ann_ffe581560553	kompas	kompas_money	2024-01-14	no	pilot	codex-semantic-pass	Tingkatkan Perlindungan Konsumen, Kemendag Awasi Barang Sesuai K3L Money 14 Januari 2024
ann_00056d483efa	kompas	kompas_money	2022-07-22	no	expansion	qwen3:8b	Bos Bulog Bakal Bangun Sentra Penggilingan Padi di Marauke Money 22 Juli 2022
ann_001eb1608699	beritajatim	beritajatim	2022-01-04	yes	expansion	qwen3:8b	Kapolres Bantu Korban Banjir Bandang Lereng Wilis Kediri
ann_0029eafec3bd	kompas	kompas_nasional	2023-04-06	yes	expansion	qwen3:8b	Jokowi Sebut Impor 2 Juta Ton Beras untuk Antisipasi El Nino News 6 April 2023
ann_002ae92061c0	kompas	kompas_regional	2023-02-22	no	expansion	qwen3:8b	3 Desa di Kecamatan Cerme Gresik Banjir akibat Luapan Kali Lamong Regional 22 Februari 2023
ann_005d2777a0c6	beritajatim	beritajatim	2021-02-15	no	expansion	qwen3:8b	Tanah Longsor Nganjuk, 20 Warga Ngetos Dilaporkan Hilang
ann_00b2e9bfc503	kontan	kontan	2024-12-23	no	expansion	qwen3:8b	Freeport Ajukan Tambahan Kuota Ekspor Tembaga 2024, Smelter Belum Pulih
ann_00b5fc342e32	kontan	kontan	2022-01-10	no	expansion	qwen3:8b	Berangsur Pulih, LPEI Catat Ekspor Kopi Indonesia Hanya Minus 1,9% di November 2021
ann_00b6f5e5dd35	kompas	kompas_regional	2024-02-13	no	expansion	qwen3:8b	Harga Beras di Sumenep Meroket Jelang Pemilu, Warga: Semoga Capres Juga Merasakan Ini Regional 13 Februari 2024
ann_00c163d05bc1	kompas	kompas_regional	2025-12-17	uncertain	expansion	qwen3:8b	Universitas Jember Kirim 12 Relawan Medis ke Aceh Tamiang untuk Bantu Korban Banjir Regional 17 Desember 2025
ann_01010cdccf81	beritajatim	beritajatim	2025-02-03	yes	expansion	qwen3:8b	Angin Kencang Robohkan Dapur Rumah Warga di Prajekan Bondowoso
ann_01282aa11401	beritajatim	beritajatim	2021-12-04	no	expansion	qwen3:8b	Erupsi Gunung Semeru, Semua Rumah di Curah Kobokan Lumajang Hancur
ann_012eadb8c21e	beritajatim	beritajatim	2025-11-14	no	expansion	qwen3:8b	Banjir Drainase Genangi Sejumlah Titik di Bondowoso, 10 Rumah Warga Terendam
ann_01332ce44768	kompas	kompas_money	2022-11-25	yes	expansion	qwen3:8b	Petrokimia Gresik Bantu Korban Gempa Cianjur Senilai Rp 100 Juta Money 25 November 2022
ann_016bcdce6ba8	beritajatim	beritajatim	2025-10-24	no	expansion	qwen3:8b	Tanah Longsor di Pacet Mojokerto Tutup Jalan Raya Claket, Lalu Lintas Sempat Tersendat
ann_018f5332e665	detik	detik_finance	2021-01-19	no	expansion	qwen3:8b	Anak Usaha BUMN Genjot Produktivitas Jagung, Begini Caranya
ann_01af9dcd81a7	kontan	kontan	2024-06-06	no	expansion	qwen3:8b	Antisipasi Darurat Pangan, Begini Langkah Kementan
ann_01eff573af26	beritajatim	beritajatim	2025-04-04	uncertain	expansion	qwen3:8b	Dua Kendaraan Terseret Longsor di Jalur Mojokerto – Batu Membawa Penumpang
ann_021c15a2288c	kompas	kompas_regional	2025-05-13	no	expansion	qwen3:8b	Nelayan di Pacitan yang Hilang Ditemukan Tewas Regional 13 Mei 2025
ann_02302b145dc1	beritajatim	beritajatim	2025-12-18	yes	expansion	qwen3:8b	Pembatasan Angkutan Barang di Jalan Tol-Non Tol Jatim Mulai 19 Desember, Mana Saja?
ann_024bf0d3c00b	detik	detik_news	2025-12-17	no	expansion	qwen3:8b	PELNI-Polri Lepas 237 Personel dan Bantuan Logistik Via KM Egon ke Sumatera
ann_0260db8d9bb0	kompas	kompas_regional	2026-01-20	yes	expansion	qwen3:8b	Korban Longsor di Pamekasan Jatim Mengungsi ke Tenda Darurat Regional 20 Januari 2026
ann_027e9040be7c	beritajatim	beritajatim	2021-10-26	no	expansion	qwen3:8b	Masyarakat Pamekasan Dihimbau Waspada dan Antisipasi Resiko Bencana
ann_02aba3539538	kompas	kompas_money	2024-04-25	yes	expansion	qwen3:8b	Harga Bawang Merah Tembus Rp 80.000, Mendag: Tidak Akan Ada Impor! Money 25 April 2024
ann_036e6a072d88	detik	detik_news	2024-12-14	yes	expansion	qwen3:8b	Mensos Tinjau Banjir Jombang-Mojokerto, Pastikan Pengungsi Dilayani Baik
ann_040a6ea28201	kompas	kompas_regional	2025-09-22	yes	expansion	qwen3:8b	53 Keluarga Korban Puting Beliung di Madiun Dapat Bantuan Sembako dan Selimut Regional 22 September 2025
ann_04359516d0c1	kompas	kompas_regional	2023-07-31	yes	expansion	qwen3:8b	Gudang Bawang Merah di Nganjuk Ludes Terbakar, Kerugian Capai Rp 700 Juta Regional 31 Juli 2023
ann_047af0f8da7b	detik	detik_news	2025-03-01	no	expansion	qwen3:8b	Jalan Terendam Banjir Tak Surutkan Warga Bojonegoro ke Masjid Salat Tarawih
ann_04e22cf212c1	kompas	kompas_regional	2021-02-25	no	expansion	qwen3:8b	Ini Daftar Daerah di Jatim Berstatus Siaga dan Waspada Banjir, Surabaya Salah Satunya News 25 Februari 2021
ann_0515f92c9d83	beritajatim	beritajatim	2022-02-23	yes	expansion	qwen3:8b	Gelar Demo dan Sampaikan 6 Tuntutan Soal Banjir, PMII Lamongan Tak Ditemui Bupati YES
ann_0526360c926c	kompas	kompas_regional	2026-01-16	uncertain	expansion	qwen3:8b	Truk Angkut 25 Ton Beras Terguling di Jalan Lingkar Salatiga, Sopir Luka Regional 16 Januari 2026
ann_052e7b7d6919	kompas	kompas_money	2023-09-14	yes	expansion	qwen3:8b	Antisipasi El Nino, Kementan Siap Jaga Keberlanjutan Produksi Tanaman Perkebunan Money 14 September 2023
ann_053284119e71	detik	detik_news	2021-01-14	no	expansion	qwen3:8b	Ditantang Tinggal di Lokasi Banjir, Bupati Jombang Curigai Aksi Settingan
ann_054d283a86ab	beritajatim	beritajatim	2025-11-20	yes	expansion	qwen3:8b	Erupsi Semeru Mereda dan Tiga Korban Luka, BPBD Jatim: Status Tetap Awas
ann_05759c01101a	beritajatim	beritajatim	2022-09-30	yes	expansion	qwen3:8b	Pupuk Subsidi di Lamongan Langka, Petani Menjerit
ann_0580f99e9f00	kompas	kompas_regional	2022-07-14	yes	expansion	qwen3:8b	Antisipasi Bencana di Banyuwangi, Ribuan Pohon Cemara dan Mangrove Ditanam di Pantai Regional 14 Juli 2022
ann_0586829f82ca	beritajatim	beritajatim	2022-01-03	yes	expansion	qwen3:8b	Kemensos Salurkan Paket Bantuan Untuk Korban Banjir di Lamongan
ann_05916aae3758	kompas	kompas_regional	2025-09-24	no	expansion	qwen3:8b	Atasi Banjir, Pemkot Malang Terima Dana Rp 154 Miliar dari Bank Dunia Regional 24 September 2025
ann_059d1a9e0927	kontan	kontan	2024-05-10	yes	expansion	qwen3:8b	Wilmar Padi Bangunkan Lahan Tidur, Produksi Gabah Petani Capai 8 Ton per Hektare
ann_059d5d2011f2	kontan	kontan	2021-04-10	no	expansion	qwen3:8b	Gempa melanda Malang dan Sangihe Sulut dalam satu hari, ini faktanya
ann_05af0cd1cfa1	beritajatim	beritajatim	2026-02-07	yes	expansion	qwen3:8b	Jelang Ramadan 2026, Satgas Pangan Polres Malang Pastikan Stok Bahan Pokok Aman
ann_06025d16dea4	beritajatim	beritajatim	2024-04-05	yes	expansion	qwen3:8b	Hasil Panen Padi Blitar Anjlok 4 Kali Lipat, Stok Beras Terancam
ann_060c50ed804a	kompas	kompas_regional	2021-12-23	yes	expansion	qwen3:8b	Pemkab Lamongan Terjunkan Pikap dan Truk Bantu Warga Terdampak Banjir Regional 23 Desember 2021
ann_06196cd92868	kontan	kontan	2021-06-05	no	expansion	qwen3:8b	Ini kata LIPI soal prediksi gempa dan tsunami Jatim
ann_062ba5ac7c7a	beritajatim	beritajatim	2026-05-06	yes	expansion	qwen3:8b	10.640 Hektare Lahan Pertanian Tiga Kabupaten Dioptimasi Jelang El Nino Godzilla
ann_0641aea8499b	kompas	kompas_regional	2022-12-05	no	expansion	qwen3:8b	Kebakaran Toko di Kediri, Bermula Pemotor Pindahkan BBM di Depan Lokasi Regional 5 Desember 2022
ann_0643d791b022	kompas	kompas_regional	2022-10-25	no	expansion	qwen3:8b	Hadapi Tiga Potensi Bencana, BPBD Lumajang Masih Minim Peralatan Regional 25 Oktober 2022
ann_064fe8b36622	kontan	kontan	2024-04-26	no	expansion	qwen3:8b	Petani di Jember Berhasil Panen Keuntungan Pepaya dengan Pinjaman KECE dari BRI
ann_065863ad46f5	beritajatim	beritajatim	2024-11-29	no	expansion	qwen3:8b	Ratusan Keluarga di Kecamatan Tempurejo Jember Terdampak Banjir
ann_06d20632ffa5	beritajatim	beritajatim	2022-09-12	no	expansion	qwen3:8b	Harga BBM Bersubsidi Naik, DPRD Surabaya Dorong Percepatan Penyesuaian UMK
ann_06d2325251d2	beritajatim	beritajatim	2021-09-22	yes	expansion	qwen3:8b	Petani Tembakau Gresik Curhat Soal Pupuk
ann_06e46f28d807	kompas	kompas_regional	2024-08-07	no	expansion	qwen3:8b	Musim Kemarau, 27 Daerah di Jatim Alami Kekeringan Regional 7 Agustus 2024
ann_06eda6bacf84	kontan	kontan	2022-07-05	yes	expansion	qwen3:8b	Cegah Penyebaran PMK, Kementan gelar ToT Vaksinasi Bagi Anggota Polri
ann_071b954e2eb5	kompas	kompas_money	2021-10-18	no	expansion	qwen3:8b	Pertamina Bongkar Aksi Penimbunan BBM Bersubsidi di Kabupaten Semarang Money 18 Oktober 2021
ann_07318dfa35a9	detik	detik_news	2021-07-27	no	expansion	qwen3:8b	Gempa M 5,2 Guncang Pacitan Jatim
ann_07732b0fdf40	kompas	kompas_regional	2022-06-16	yes	expansion	qwen3:8b	Akibat Wabah PMK, Produksi Susu di Pujon Malang Turun hingga 40 Persen Regional 16 Juni 2022
ann_077d750c715a	kompas	kompas_regional	2025-05-22	no	expansion	qwen3:8b	Sigap Tangani Longsor dan Banjir di Mojo, Pemkab Kediri Lakukan Evakuasi hingga Pulihkan Infrastruktur Regional 22 Mei 2025
ann_07a346b001b7	kompas	kompas_money	2021-12-05	yes	expansion	qwen3:8b	Gunung Semeru Erupsi, Baznas Bangun Pos Kesehatan di Lumajang Money 5 Desember 2021
ann_07da6bb4a2b8	beritajatim	beritajatim	2022-06-07	yes	expansion	qwen3:8b	Cegah PMK Meluas, Pelabuhan Paciran Lamongan Tutup Akses Pengangkutan Hewan Ternak
ann_07e74c45ec95	kompas	kompas_regional	2025-05-01	yes	expansion	qwen3:8b	14.000 Hektar Sawah Padi di Lumajang Diserang Tikus Regional 1 Mei 2025
ann_084c4ff487b7	detik	detik_news	2024-10-04	no	expansion	qwen3:8b	Gempa M 3,9 Terjadi di Blitar Jatim
ann_085ec3a75e7c	kompas	kompas_regional	2026-05-05	no	expansion	qwen3:8b	Mulai Tahun Ini, Eri Cahyadi Targetkan Surabaya Selatan Bebas Banjir Regional 5 Mei 2026
ann_087bc9c48c4e	kontan	kontan	2022-04-14	no	expansion	qwen3:8b	Tunjungan Plaza Surabaya Kebakaran, Mari Kenali Mall Terbesar di Jawa Timur Ini
ann_08d912f61d3f	kompas	kompas_money	2022-12-21	yes	expansion	qwen3:8b	Warga Terdampak Erupsi Semeru Dapat Bantuan Sembako Money 21 Desember 2022
ann_0947f1bb4822	kompas	kompas_regional	2022-10-18	no	expansion	qwen3:8b	Sempat Tertutup Longsor, Jalur Kereta Api Blitar-Malang Kini Sudah Bisa Dilalui Regional 18 Oktober 2022
ann_099e260a1b8e	beritajatim	beritajatim	2023-10-24	yes	expansion	qwen3:8b	Dampak El Nino, Pemkab Sidoarjo Bekali Petani Gunakan Alsintan dan Pestisida Nabati
ann_0a043959f8a3	beritajatim	beritajatim	2021-12-05	yes	expansion	qwen3:8b	Pengungsi Korban Erupsi Semeru di Pronojiwo Lumajang Butuh Pertolongan
ann_0a25ee2ba8a9	kompas	kompas_nasional	2021-12-13	no	expansion	qwen3:8b	Jalur Logistik Macet, Polisi Sekat Jalan Antisipasi Wisatawan yang Nekat Kunjungi Lokasi Erupsi Semeru News 13 Desember 2021
ann_0a2fd97e90d2	kontan	kontan	2023-08-07	yes	expansion	qwen3:8b	Ada El Nino, 2.269 Ha Tanaman Padi Terancam Gagal Panen
ann_0a6c5d71781b	beritajatim	beritajatim	2021-04-10	no	expansion	qwen3:8b	Gubernur Khofifah Rasakan Getaran Gempa di Islamic Center Surabaya
ann_0af2c4ec2c71	kontan	kontan	2021-04-01	yes	expansion	qwen3:8b	Masuki musim tanam, wamentan pastikan kebutuhan pupuk subsidi tercukupi
ann_0b2ad0c89d98	beritajatim	beritajatim	2026-03-31	no	expansion	qwen3:8b	Strategi Penanganan Banjir Pasuruan: Mas Rusdi Fokus Sinergi Antarinstansi dan Penguatan Shelter Darurat di Titik Rawan
ann_0b70388a0b54	beritajatim	beritajatim	2022-08-15	yes	expansion	qwen3:8b	ECF Beri Konsultasi Petani Cegah Gagal Panen Akibat Cuaca dan Hama
ann_0b920cced1c1	beritajatim	beritajatim	2026-01-12	yes	expansion	qwen3:8b	Bupati Mojokerto Tinjau Banjir Dawarblandong, Pastikan Penanganan Darurat Berjalan Optimal
ann_0ba6f41c2d62	detik	detik_news	2021-11-01	no	expansion	qwen3:8b	Pemprov Jatim Diimbau Siapkan Skenario Mitigasi Bencana Dampak La Nina
ann_0c11a339ec99	beritajatim	beritajatim	2022-10-20	yes	expansion	qwen3:8b	Bersama Pangdam dan Bupati, BUMN Jatim Tinjau Lokasi Banjir Malang
ann_0c19ec239dbc	kompas	kompas_money	2022-05-12	yes	expansion	qwen3:8b	RI Bebas PMK sejak 1990-an, Wabah Kembali Muncul Diduga gara-gara Impor Daging dan Ternak Meningkat Money 12 Mei 2022
ann_0c4a9c62a073	kompas	kompas_money	2026-04-20	no	expansion	qwen3:8b	Cadangan Beras Pemerintah 4,9 Juta Ton, Bulog Sebut Rekor Tertinggi Money 20 April 2026
ann_0ce41419e093	kontan	kontan	2021-02-05	no	expansion	qwen3:8b	Sudah 3 hari akses Malang-Kediri putus akibat tertutup material longsor
ann_0ce8e2ce5ae6	kompas	kompas_money	2021-03-09	yes	expansion	qwen3:8b	Mensos Risma Bakal Salurkan Surplus Beras dari Merauke ke NTT Money 9 Maret 2021
ann_0d1a11e53da8	kompas	kompas_regional	2026-01-21	no	expansion	qwen3:8b	Update Banjir Pasuruan, Winongan dan Grati Masih Terendam hingga 1 Meter Regional 21 Januari 2026
ann_0d65ea488b70	beritajatim	beritajatim	2024-11-02	no	expansion	qwen3:8b	Jatim Jadi Lumbung Padi Nasional, Tantangan dan Peluang di Depan Mata
ann_0d805d7485ff	beritajatim	beritajatim	2021-04-10	no	expansion	qwen3:8b	Update BPBD Jatim Pukul 21.00 WIB: Delapan Meninggal Akibat Gempa
ann_0dd1a34b8f78	beritajatim	beritajatim	2021-03-12	yes	expansion	qwen3:8b	Solusi Atasi Banjir Dringu Probolinggo, Begini Kata Gubernur Khofifah
ann_0e78238dfc7d	beritajatim	beritajatim	2022-05-08	yes	expansion	qwen3:8b	Wabah PMK yang Menyerang Hewan Ternak Terdeteksi di Lamongan
ann_0ef2fa038df7	kompas	kompas_regional	2022-03-02	yes	expansion	qwen3:8b	Puan Maharani: Masalah Minyak Goreng Harus Selesai Sebelum Ramadhan Regional 2 Maret 2022
ann_0f005958d2ce	kontan	kontan	2025-09-27	no	expansion	qwen3:8b	DPD dan Kementan Luncurkan Program Jagung Sejuta Hektar di Pangkep
ann_0ff97117620c	beritajatim	beritajatim	2021-04-01	yes	expansion	qwen3:8b	Wamentan Pastikan Musim Tanam April-Mei 2021 Alokasikan Pupuk Subsidi
ann_1096290075ed	beritajatim	beritajatim	2023-07-05	yes	expansion	qwen3:8b	DPRD Jatim Dorong Insentif ke Petani Pengguna Pupuk Organik
ann_10e02cb20947	beritajatim	beritajatim	2021-04-11	yes	expansion	qwen3:8b	Gubernur Khofifah Beri Santunan Tiga Ahli Waris Korban Gempa Malang
ann_1139bb6a546e	kontan	kontan	2024-03-15	no	expansion	qwen3:8b	Relaksasi HET Beras Bikin Stok Langka di Retail? Ini Kata Aprindo
ann_13e739ae1ba7	kompas	kompas_money	2021-10-19	no	expansion	qwen3:8b	Solar Langka di Beberapa Daerah, Pertamina Sebut Stok Masih Cukup Money 19 Oktober 2021
ann_1488e4fb7d66	beritajatim	beritajatim	2026-01-13	yes	expansion	qwen3:8b	3.000 Hektare Lahan Pertanian di Jatim Puso akibat Cuaca Ekstrem, Distan Bantu Penggantian Benih
ann_148bdfbb941e	beritajatim	beritajatim	2022-03-26	no	expansion	qwen3:8b	Kunjungi Surabaya, Kapolri Minta Produksi Minyak Goreng Ditambah Jelang Ramadhan
ann_1553a6a27e32	detik	detik_news	2026-02-06	no	expansion	qwen3:8b	Pria di Pacitan Meninggal Usai Gempa M 6,2
ann_158b821b679d	kompas	kompas_money	2021-03-08	yes	expansion	qwen3:8b	Cuaca Buruk hingga Banjir Kerek Harga Cabai Hingga Rp 128.000 per Kilogram Money 8 Maret 2021
ann_15a0ee83d398	kompas	kompas_money	2026-02-20	yes	expansion	qwen3:8b	Cabai Rp 110.000 Per Kg Karena Pasokan Anjlok 50 Persen Money 20 Februari 2026
ann_15b5ffe9d974	beritajatim	beritajatim	2026-03-03	no	expansion	qwen3:8b	Eks Pabrik Rokok Filo Blitar Terbakar, Stok Tembakau Milik Perusahaan Malang Ludes
ann_15fccab31f9a	kontan	kontan	2024-05-07	yes	expansion	qwen3:8b	Bapanas Telah Salurkan 314 Ton Cadangan Pangan Pemerintah ke Daerah Terdampak Bencana
ann_16147720db5e	beritajatim	beritajatim	2023-10-11	yes	expansion	qwen3:8b	Dampak Kemarau, Banyuwangi Mulai Krisis Air Bersih
ann_1657b17d970f	kompas	kompas_regional	2026-02-02	no	expansion	qwen3:8b	BMKG: Waspada Cuaca Ekstrem 1-10 Februari di Kediri Regional 2 Februari 2026
ann_16ff0eabe5f6	beritajatim	beritajatim	2025-12-06	yes	expansion	qwen3:8b	Pelni Gratiskan Biaya Kirim Bantuan Banjir Sumatra, Cabang Surabaya Siap Fasilitasi
ann_1723e5cf81f3	detik	detik_finance	2021-05-21	no	expansion	qwen3:8b	Gempat Guncang Blitar, Pasokan BBM-LPG Aman?
ann_1758fde8434b	kompas	kompas_regional	2022-05-12	yes	expansion	qwen3:8b	Stok Daging Sapi di Sidoarjo Aman, Pedagang Diminta Tak Memainkan Harga Regional 12 Mei 2022
ann_178c1bf3cde2	kontan	kontan	2024-01-11	no	expansion	qwen3:8b	Skema Alokasi Subsidi Jadi Kunci Ketersediaan Pupuk Petani
ann_17e84f5e6741	kompas	kompas_regional	2023-03-01	yes	expansion	qwen3:8b	KRI Malahayati Berlayar ke Pulau Masalembu, Angkut 15 Ton Beras hingga 300 Tabung Elpiji Regional 1 Maret 2023
ann_18ae158ac8dd	kontan	kontan	2024-02-12	no	expansion	qwen3:8b	Naik Lagi, Harga Beras di Pasar Tradisional Palmerah Tembus Rp 17.000 Per Kilogram
ann_19c37cd07c72	kontan	kontan	2022-11-24	yes	expansion	qwen3:8b	Tak Juga Dapat Pasokan dari Lapangan, Bulog Mulai Impor Beras Per Desember
ann_1a826deaa59d	beritajatim	beritajatim	2023-01-25	yes	expansion	qwen3:8b	Pemkot Kediri Bantu 2 Warga Pesantren Korban Kebakaran
ann_1afcc40b1908	kompas	kompas_money	2025-12-10	no	expansion	qwen3:8b	Pemerintah Bidik Swasembada Gula, Telur, dan Daging Ayam pada 2026 Money 10 Desember 2025
ann_1afda003bf46	kontan	kontan	2021-04-03	no	expansion	qwen3:8b	BMKG: Waspada dampak dua bibit siklon tropis
ann_1ba71942eeab	kontan	kontan	2021-04-08	yes	expansion	qwen3:8b	Gelar Agro Solution, Petrokimia Gresik gandeng Pabrik Gula Gempolkrep
ann_1be33f851e51	detik	detik_news	2025-12-20	no	expansion	qwen3:8b	Jatim Rawan Bencana, Said Abdullah Tekankan Kesiapan Organisasi Partai
ann_1bf7e535986d	kompas	kompas_regional	2021-10-03	yes	expansion	qwen3:8b	Masuki Pancaroba, BMKG Ingatkan Potensi Banjir Bandang hingga Longsor di Jatim Regional 3 Oktober 2021
ann_1c22aa86a2db	detik	detik_news	2025-12-19	no	expansion	qwen3:8b	Jasad WNI Ponorogo Korban Kebakaran Apartemen Hong Kong Dipulangkan Bulan Ini
ann_1c2d70205c0a	kompas	kompas_regional	2026-03-27	no	expansion	qwen3:8b	Banjir di Pasuruan Surut, BPBD Tambal Tanggul Jebol Pakai Karung Berisi Pasir Regional 27 Maret 2026
ann_1c6f5a4f24e5	kompas	kompas_regional	2021-04-10	no	expansion	qwen3:8b	UPDATE Korban Gempa Malang: 8 Meninggal dan 25 Luka-luka Regional 10 April 2021
ann_1cfa5c5959eb	kontan	kontan	2021-07-26	no	expansion	qwen3:8b	Mendag ungkap siklus musim menjadi faktor kenaikan harga cabai
ann_1d0e80bcb34a	kompas	kompas_regional	2024-03-21	yes	expansion	qwen3:8b	1.300 Hektar Tanaman Padi di Ngawi Gagal Panen akibat Terendam Banjir Regional 21 Maret 2024
ann_1d1a1941cadd	kompas	kompas_regional	2026-03-06	no	expansion	qwen3:8b	Pupuk Subsidi di Simalungun Langka, Masa Pemupukan Pertanian Terganggu Regional 6 Maret 2026
ann_1da503859348	beritajatim	beritajatim	2025-08-21	yes	expansion	qwen3:8b	Gubernur Khofifah Instruksikan Kepala Daerah di Jatim Intensif Pantau Distribusi Beras Medium
ann_1db8b392d15f	kompas	kompas_regional	2022-03-27	yes	expansion	qwen3:8b	Tinjau Pasar Wonokromo Surabaya, Kapolri Minta Jangan Terjadi Kelangkaan Minyak Goreng Curah Regional 27 Maret 2022
ann_1dc0b89f2f92	detik	detik_news	2021-12-05	yes	expansion	qwen3:8b	Kawal Penanganan Erupsi Semeru, Khofifah Ngantor di Lumajang
ann_1e60777118b5	beritajatim	beritajatim	2026-01-16	yes	expansion	qwen3:8b	Status Tanggap Darurat Banjir Lamongan Diperpanjang, Banjir Jombang-Pasuruan-Sidoarjo-Gresik?
ann_1e8c43237232	kontan	kontan	2022-03-17	yes	expansion	qwen3:8b	Tak Bisa Kontrol Spekulan Minyak Goreng, Menteri Perdagangan Minta Maaf
ann_1f05dc38b821	beritajatim	beritajatim	2022-08-05	yes	expansion	qwen3:8b	Gus Sadad: Jaga Produksi Padi Jatim 10 Juta Ton Setahun
ann_1f0c55ce70c4	detik	detik_finance	2021-03-20	yes	expansion	qwen3:8b	Pemerintah Diminta Jangan Impor Beras, Kasihan Petani Lagi Panen
ann_1f1306e0b4db	beritajatim	beritajatim	2026-03-02	no	expansion	qwen3:8b	Longsor Tosari Pasuruan, 2 Kendaraan Tertimbun Tanah dan Aktivitas Warga Lumpuh
ann_1f604276114a	kontan	kontan	2021-12-05	no	expansion	qwen3:8b	Pertamina pastikan kelancaran distribusi BBM dan LPG pasca erupsi Gunung Semeru
ann_1fc4eea3c48f	kompas	kompas_regional	2021-02-28	no	expansion	qwen3:8b	Sempat Tutup Total Akibat Longsor, Jalur Payung Kota Batu Dibuka Kembali Regional 28 Februari 2021
ann_21c3d67cfed8	kompas	kompas_money	2021-04-21	yes	expansion	qwen3:8b	Gandeng PTPN X, PG Tawarkan Konsep Agro Solution untuk Petani Tebu Money 21 April 2021
ann_21da9d3745a6	detik	detik_finance	2025-12-25	no	expansion	qwen3:8b	Kementan-Bapanas Kembali Kirim Bantuan Sembako ke Aceh
ann_21f50dba28b4	detik	detik_finance	2023-10-09	yes	expansion	qwen3:8b	Genjot Produksi, 310 Ribu Ha Lahan Ditanami Padi Lebih Cepat
ann_2339055cd271	beritajatim	beritajatim	2023-12-22	yes	expansion	qwen3:8b	Petambak Ikan Gresik Pakai Cara Ini Atasi Pupuk Langka
ann_2351153e322e	beritajatim	beritajatim	2023-10-31	yes	expansion	qwen3:8b	Banyuwangi Surplus Beras, Stok Kebutuhan Pangan Aman
ann_23f45c9dbf4e	beritajatim	beritajatim	2021-04-10	no	expansion	qwen3:8b	Gempa M6,7 Picu Guncangan Sedang Hingga Kuat Beberapa Wilayah Jatim
ann_241923a9855b	kompas	kompas_money	2022-12-16	yes	expansion	qwen3:8b	Bulog Pastikan 200.000 Ton Beras Impor Masuk ke RI hingga Akhir 2022 Money 16 Desember 2022
ann_243374fadf37	kompas	kompas_regional	2021-04-11	no	expansion	qwen3:8b	Khofifah Sebut Balai Desa Jadi Tempat Strategis bagi Pengungsi Korban Gempa Malang Regional 11 April 2021
ann_24b6049eb66e	beritajatim	beritajatim	2025-11-11	no	expansion	qwen3:8b	Cuaca Ekstrem! Harga Cabai di Jawa Timur Masih Naik Hari Ini
ann_250d61024e0d	bisnis	bisnis	2021-10-06	no	expansion	qwen3:8b	MLO: Kelangkaan Kontainer Bukan Lagi Isu
ann_2522cc71afec	kompas	kompas_regional	2022-02-08	yes	expansion	qwen3:8b	Minyak Goreng Masih Langka, Khofifah Telusuri Kendala di Rantai Pasok Regional 8 Februari 2022
ann_2533cebbc258	kontan	kontan	2021-04-11	no	expansion	qwen3:8b	Gempa di Jatim, Jokowi minta siap siaga hadapi bencana
ann_257086ad83e0	beritajatim	beritajatim	2021-12-14	yes	expansion	qwen3:8b	Bupati Sidoarjo Gus Muhdlor Serahkan Bantuan Kemanusiaan Rp 575 Juta ke Korban Erupsi Semeru
ann_25db3a05dd35	kompas	kompas_regional	2025-11-14	no	expansion	qwen3:8b	Waspada Cuaca Ekstrem Selama Sepekan ke Depan, Ada Potensi Banjir Bandang hingga Hujan Es di Jatim Regional 14 November 2025
ann_26781e0be753	beritajatim	beritajatim	2022-10-13	no	expansion	qwen3:8b	Dua Hari Terakhir, Angin Kencang Porak-porandakan Rumah di Bojonegoro
ann_26f60c936f4d	beritajatim	beritajatim	2025-10-20	no	expansion	qwen3:8b	FISIP Unair Bekali Perempuan Lumajang Literasi Digital Mitigasi Bencana Semeru
ann_272262ea237b	kontan	kontan	2021-12-04	yes	expansion	qwen3:8b	Gunung Semeru erupsi, 8 desa di 2 Kecamatan di Lumajang ikut terdampak
ann_27bc94b879b8	detik	detik_news	2021-04-10	no	expansion	qwen3:8b	Korban Tewas Gempa Malang Bertambah Menjadi 8 Orang
ann_28039973c461	kompas	kompas_regional	2021-02-02	no	expansion	qwen3:8b	Alarm Berbunyi 17 Kali, 15 KK di Kota Batu Berpotensi Terdampak Longsor News 2 Februari 2021
ann_28fbc93d6706	beritajatim	beritajatim	2021-04-10	no	expansion	qwen3:8b	Gempa Bumi di Malang, 1 Orang Dilaporkan Meninggal Dunia
ann_2912e69206df	kompas	kompas_regional	2022-10-18	no	expansion	qwen3:8b	Jalur Tertimbun Longsor, Dua Kereta Api Tertahan di Malang Regional 18 Oktober 2022
ann_2925aea2d1c2	kompas	kompas_regional	2026-04-27	yes	expansion	qwen3:8b	Jember Siaga Darurat Kekeringan hingga Agustus 2026, Ada 7 Daerah Rawan Regional 27 April 2026
ann_296f11cc6c7d	kontan	kontan	2022-12-19	yes	expansion	qwen3:8b	Beras Impor Masuk, Pemerintah Optimistis Dapat Redam Kenaikan Harga
ann_2972812e8fbc	beritajatim	beritajatim	2026-03-25	yes	expansion	qwen3:8b	Hari Pertama Masuk Kerja, Kalaksa BPBD Jatim Langsung Tinjau Banjir Pasuruan
ann_298c61d377d4	kompas	kompas_money	2023-10-30	no	expansion	qwen3:8b	Mentan Minta Seluruh Kepala Dinas Pertanian di Indonesia Kawal Produksi Beras Money 30 Oktober 2023
ann_2994846a7dd6	beritajatim	beritajatim	2025-11-20	no	expansion	qwen3:8b	DPRD Surabaya Desak Mitigasi Berlapis Hadapi Anomali Cuaca
ann_2b076dbb5c23	beritajatim	beritajatim	2023-11-13	yes	expansion	qwen3:8b	Satgas Pangan Polres Malang Pastikan Stok Bahan Pokok Aman
ann_2b7f914b1583	beritajatim	beritajatim	2023-09-29	yes	expansion	qwen3:8b	Petrokimia Gresik Upaya Pertahankan Jatim sebagai Lumbung Gula Nasional
ann_2b88e8196e1f	kompas	kompas_regional	2021-12-08	no	expansion	qwen3:8b	Harga Cabai di Pontianak Capai Rp 120.000 per Kg, Naik karena Banjir Regional 8 Desember 2021
ann_2bf4cf8f152e	kompas	kompas_regional	2025-12-16	no	expansion	qwen3:8b	Gubsu Bobby Terima Bantuan Logistik Kementan–Bapanas, 25 Truk Siap Distribusi Regional 16 Desember 2025
ann_2e082cfa778b	detik	detik_finance	2021-12-06	yes	expansion	qwen3:8b	OJK-IJK Kirim Bantuan Uang & Sembako ke Korban Erupsi Gunung Semeru
ann_2e462e5a0c71	kompas	kompas_regional	2023-07-26	yes	expansion	qwen3:8b	Hadapi El Nino, Wamentan Jamin Stok Pangan Nasional Aman hingga Akhir Tahun Regional 26 Juli 2023
ann_2e774cc15479	kompas	kompas_money	2023-11-01	yes	expansion	qwen3:8b	Perpadi: 40 Persen Penggilingan Padi Tutup Money 1 November 2023
ann_2e787d46e820	kontan	kontan	2023-10-16	yes	expansion	qwen3:8b	Buyung Poetra (HOKI) Ekspansi Produk Beras Sehat & Beras Berbumbu
ann_2eaf8b7bff27	kontan	kontan	2021-11-29	yes	expansion	qwen3:8b	PJB inovasi trichokompos, produktivitas petani kopi Desa Andungbiru makin tinggi
ann_2f350034d3a7	kontan	kontan	2025-12-12	no	expansion	qwen3:8b	Bibit Siklon 93S Muncul, BMKG Ingatkan Hujan Lebat dan Gelombang Tinggi
ann_2f9d6d75acf4	beritajatim	beritajatim	2025-12-08	no	expansion	qwen3:8b	Banjir Lahar Semeru Rusak 15 Bangunan di Satu Dusun Lumajang, Rumah Tertimbun Material Vulkanik Setinggi 4 Meter
ann_30f5ba4c6d63	detik	detik_news	2023-07-21	no	expansion	qwen3:8b	Gempa M 4,1 Terjadi di Blitar Jatim
ann_3171e7910d57	kompas	kompas_regional	2021-04-10	no	expansion	qwen3:8b	Gempa M 6,7 Guncang Malang, Warga di Kediri Sempat Panik, Berhamburan Keluar Rumah Regional 10 April 2021
ann_3211aa313426	detik	detik_news	2025-11-19	no	expansion	qwen3:8b	Pasutri di Lumajang Kena Awan Panas Saat Semeru Erupsi, Alami Luka Bakar 20%
ann_328c9ede41d2	kompas	kompas_money	2025-03-07	no	expansion	qwen3:8b	Pemerintah Beri Freeport Kuota Ekspor 1 Juta Ton Konsentrat Tembaga Money 7 Maret 2025
ann_32b397917868	kompas	kompas_money	2023-08-08	yes	expansion	qwen3:8b	Kementan: 2.269 Hektar Tanaman Padi Terancam Gagal Panen karena El Nino Money 8 Agustus 2023
ann_32ce2d8f3741	kompas	kompas_regional	2026-03-04	no	expansion	qwen3:8b	BMKG Juanda Prediksi Cuaca Ekstrem di Jatim Hingga Sepekan ke Depan Regional 4 Maret 2026
ann_3392bcaf5819	beritajatim	beritajatim	2023-10-11	yes	expansion	qwen3:8b	Terdampak Kekeringan, Banyuwangi Bakal Cari Sumber Air Baru
ann_33a03b38cee3	kontan	kontan	2022-07-03	yes	expansion	qwen3:8b	Cegah Penularan Penyakit Mulut dan Kuku (PMK) pada Ternak, Kementan Gelar Pelatihan
ann_33b9737180c7	beritajatim	beritajatim	2026-05-15	yes	expansion	qwen3:8b	Menko Zulhas Rembuk Tani di Banyuwangi, Diskusi Terkait Distribusi Pupuk dan Harga Gabah
ann_3468a9848dd5	kompas	kompas_regional	2025-04-04	no	expansion	qwen3:8b	Jumat Pagi, Pencarian Korban Longsor di Pacet Mojokerto Dilanjutkan Regional 4 April 2025
ann_35a8573b2835	beritajatim	beritajatim	2021-02-09	yes	expansion	qwen3:8b	Pengungsi Banjir Jombang Berteriak: Hidup Golkar!
ann_36f3944e0ba7	kompas	kompas_regional	2025-04-04	no	expansion	qwen3:8b	10 Jenazah Korban Longsor di Pacet Mojokerto Dievakuasi Regional 4 April 2025
ann_3785bfa3bab7	beritajatim	beritajatim	2021-11-04	no	expansion	qwen3:8b	Ini Lima Titik Terparah Diterjang Banjir Bandang di Kota Batu
ann_38212ab2fc22	beritajatim	beritajatim	2025-12-06	no	expansion	qwen3:8b	IMA Dorong UMKM ‘Naik Kelas’: Rakernas 2025 Surabaya Fokus Digitalisasi dan Target Sertifikasi CPM Melonjak
ann_385fe39708c3	kontan	kontan	2022-05-11	yes	expansion	qwen3:8b	Kementan Jamin Wabah PMK Tak Berdampak pada Pasokan Daging untuk Idul Adha
ann_38aaa1063700	kontan	kontan	2021-12-05	yes	expansion	qwen3:8b	Kepala BNPB pimpin rapat koordinasi penanganan bencana Semeru
ann_3921681c4b09	beritajatim	beritajatim	2021-11-05	no	expansion	qwen3:8b	BPBD Kembali Temukan Jenazah Korban Banjir Bandang di Kota Batu
ann_3ab2bec8f0e1	beritajatim	beritajatim	2021-04-10	no	expansion	qwen3:8b	Diguncang Gempa, Pengunjung Sunrise Mall Kota Mojokerto Panik dan Berhamburan Keluar
ann_3ad65c845d34	kontan	kontan	2021-04-10	no	expansion	qwen3:8b	Di Kabupaten Malang, 1 tewas dan 2 luka berat akibat gempa
ann_3b456444375e	beritajatim	beritajatim	2021-12-08	yes	expansion	qwen3:8b	PWI Malang Raya Kirimkan Bantuan Erupsi Semeru Langsung ke Rumah Warga
ann_3b6b14d3e9d4	kompas	kompas_money	2025-12-15	no	expansion	qwen3:8b	Holding BUMN Danareksa Salurkan 5 Ton Beras dan Sembako untuk Korban Banjir Sumatera Money 15 Desember 2025
ann_3cd7758fb015	kompas	kompas_regional	2026-01-21	no	expansion	qwen3:8b	Hujan Deras, Jalur Provinsi Malang - Kediri Tertutup Longsor Regional 21 Januari 2026
ann_3ce9aa480639	detik	detik_news	2025-12-29	no	expansion	qwen3:8b	Di Surabaya, Ratusan Siswa Sekolah Rakyat Doakan Korban Bencana Sumatera
ann_3d4a8a3929a0	kontan	kontan	2021-04-16	no	expansion	qwen3:8b	APTRI sebut stok gula di Jawa Timur masih mencukupi
ann_3d603434d726	beritajatim	beritajatim	2022-10-25	yes	expansion	qwen3:8b	Produksi Pupuk Organik, 150 Kelompok Tani di Jember Ajukan Izin Edar
ann_3e4b91c4ffc8	beritajatim	beritajatim	2021-05-21	no	expansion	qwen3:8b	Gempa 6,2 SR, Daop 8 Pastikan Jalur Kereta Api Menuju Blitar Aman
ann_3ea1b231ea4a	kontan	kontan	2021-07-26	yes	expansion	qwen3:8b	Salurkan bansos beras di 15 provinsi, Bulog gandeng DNR Corporation
ann_3eaf9c5d0d35	kompas	kompas_regional	2026-02-16	no	expansion	qwen3:8b	Hujan Deras di Hulu Sebabkan 2 Desa di Pasuruan Terendam Banjir Regional 16 Februari 2026
ann_3f492443d501	beritajatim	beritajatim	2026-05-13	no	expansion	qwen3:8b	Lemhannas Puji Jatim Jadi Role Model SDM dan Ketahanan Pangan Nasional, Khofifah: Kuncinya Adalah Sinergi
ann_3fbf910f3aab	kontan	kontan	2021-04-10	no	expansion	qwen3:8b	Khofifah menyebut 6 kecamatan di 3 kabupaten di Jatim terdampak parah gempa Malang
ann_3fdbd70691fd	beritajatim	beritajatim	2025-11-27	no	expansion	qwen3:8b	Komisi E DPRD Jatim Tuntaskan Raperda Kebencanaan, Respons Ancaman 241 Bencana pada 2025
ann_3fe811e9d6b5	kompas	kompas_regional	2021-04-17	no	expansion	qwen3:8b	Pemkab Blitar Beri Bantuan Uang untuk Korban Gempa yang Rumahnya Rusak Regional 17 April 2021
ann_4005b1c45670	beritajatim	beritajatim	2026-01-09	no	expansion	qwen3:8b	Akses Wisata Gunung Bromo via Malang Sempat Lumpuh Total Akibat Tebing Longsor di Gubukklakah
ann_401d3b6f9357	beritajatim	beritajatim	2026-03-11	yes	expansion	qwen3:8b	Wali Kota Malang Pastikan Stok Beras, BBM, dan LPG Aman Jelang Idul Fitri 2026, Imbau Tak Panic Buying
ann_406a33c46821	kompas	kompas_regional	2025-04-03	no	expansion	qwen3:8b	Kendaraan dari Kota Batu ke Mojokerto Dialihkan Imbas Tanah Longsor Regional 3 April 2025
ann_40bf0e134bfe	kompas	kompas_regional	2026-05-05	no	expansion	qwen3:8b	Gudang SD Muhammadiyah 10 Surabaya Terbakar, Siswa Dievakuasi Regional 5 Mei 2026
ann_4278a58f26e5	beritajatim	beritajatim	2021-04-10	no	expansion	qwen3:8b	10 Rumah di Jember Rusak Akibat Gempa
ann_42cbc41bf559	kontan	kontan	2025-08-28	yes	expansion	qwen3:8b	Syngenta Luncurkan Benih Ningrat, Produktivitas Padi Diklaim Capai 13,9 Ton/Hektar
ann_42e7b56920e0	beritajatim	beritajatim	2021-02-04	yes	expansion	qwen3:8b	Ketua DPD RI Pertanyakan Pengurangan Pupuk Urea untuk Jatim
ann_434b9ceb259b	detik	detik_news	2025-11-19	no	expansion	qwen3:8b	Gunung Semeru Erupsi, Akses Jalan Malang ke Lumajang Ditutup Sementara
ann_4372855d8a03	beritajatim	beritajatim	2026-01-28	yes	expansion	qwen3:8b	Januari 2026, Serapan Pupuk Bersubsidi di Jember Ngeri-Ngeri Sedap
ann_44553ad77f8e	kontan	kontan	2021-04-29	yes	expansion	qwen3:8b	Puluhan ribu ton gula diduga ditimbun, selisih harga gula ikut disorot
ann_451dee2cd96a	beritajatim	beritajatim	2023-07-01	yes	expansion	qwen3:8b	Dampak Gempa Yogyakarta, Khofifah Kirim Bantuan Kedaruratan ke Pacitan
ann_4538ed7cc6db	beritajatim	beritajatim	2025-10-21	no	expansion	qwen3:8b	Surabaya Hujan, BMKG Juanda Ingatkan Potensi Cuaca Ekstrem Selama Pancaroba
ann_459a52d59884	kontan	kontan	2023-08-05	no	expansion	qwen3:8b	Genjot Generasi Petani Muda di Pacitan, Kementan Gelar Pameran Open Day
ann_45e479bdffe0	kompas	kompas_regional	2023-02-27	yes	expansion	qwen3:8b	2 Pekan Tak Ada Pelayaran Imbas Cuaca Ekstrem, Warga di Kepulauan Masalembu Sumenep Sulit Dapatkan Beras Regional 27 Februari 2023
ann_463cd2de13c4	kontan	kontan	2026-01-14	no	expansion	qwen3:8b	Kenapa Harga Garam Melonjak Gila-gilaan? Pemicu Utamanya Bukan Impor
ann_4643fcc77931	kompas	kompas_money	2023-10-12	yes	expansion	qwen3:8b	Pasokan Pupuk Dipastikan Aman untuk Masa Tanam I 2023-2024 Money 12 Oktober 2023
ann_465801c85607	kompas	kompas_regional	2025-12-04	no	expansion	qwen3:8b	Pemkot Surabaya Kirim 2,2 Ton Beras untuk Korban Banjir Sumatera, Donasi Terkumpul Rp 194,9 Juta Regional 4 Desember 2025
ann_46d42dc5e8b0	beritajatim	beritajatim	2025-12-04	yes	expansion	qwen3:8b	Peduli Banjir Sumatera, Pemkot Surabaya Terbangkan 2,2 Ton Beras dan Logistik Senilai Rp194,9 Juta
ann_46dd2eee0171	kompas	kompas_regional	2021-02-19	no	expansion	qwen3:8b	7 Daerah di Jatim Berstatus Siaga Bencana, Ini Peringatan dan Imbauan BMKG News 19 Februari 2021
ann_47146a298c37	kontan	kontan	2025-08-28	no	expansion	qwen3:8b	Harga Jagung Naik, Ini Penjelasan Petani
ann_47533c20070e	kompas	kompas_regional	2025-12-29	no	expansion	qwen3:8b	Mensos Gus Ipul Siapkan BLT hingga Rp 8 Juta per Keluarga bagi Korban Bencana di Sumatera Regional 29 Desember 2025
ann_477e2e9cd6e2	beritajatim	beritajatim	2025-04-05	no	expansion	qwen3:8b	Gubernur Khofifah Takziah ke Korban Longsor di Jalur Mojokerto – Batu
ann_481ca6cc7fd0	kontan	kontan	2023-08-07	no	expansion	qwen3:8b	Antisipasi Efek El-Nino, Kementan Buat Gerakan Tanam Padi 500.000 Hektare
ann_48d0ff7abc78	beritajatim	beritajatim	2023-01-29	no	expansion	qwen3:8b	Cuaca Ekstrem di Jombang, Pohon Besar Tumbang Timpa Rumah
ann_49f5c3114a38	beritajatim	beritajatim	2022-12-05	yes	expansion	qwen3:8b	Pasokan Sayur di Pasar Induk Gadang Malang Tidak Terpengaruh Erupsi Semeru
ann_4ad122da0e14	kompas	kompas_nasional	2021-12-04	no	expansion	qwen3:8b	Jembatan Gladagperak Putus akibat Erupsi Semeru, Lumajang Harapkan Bantuan Pemkab Malang News 4 Desember 2021
ann_4b65a3313a60	detik	detik_finance	2021-07-25	no	expansion	qwen3:8b	Mentan: Di Seluruh Indonesia Tidak Ada Hari Tanpa Panen Padi
ann_4bc09076c802	beritajatim	beritajatim	2022-10-19	yes	expansion	qwen3:8b	BUMN se-Jatim Gelontor 1.500 Paket Sembako ke Korban Banjir dan Longsor di Malang
ann_4c6671930f2d	beritajatim	beritajatim	2026-03-25	no	expansion	qwen3:8b	Banjir Pasuruan Rendam 9 Kecamatan Mulai Surut, Ribuan KK Masih Mengungsi
ann_4c6db41bef80	kontan	kontan	2025-08-18	no	expansion	qwen3:8b	Gangguan Pasokan Gas Cermin Lemahnya Tata Kelola dan Infrastruktur Energi
ann_4ca1556ef5bd	beritajatim	beritajatim	2022-02-23	yes	expansion	qwen3:8b	Tahu Tempe Langka di Surabaya, Wawali Armuji Minta Kemendag Tetapkan HET Kedelai
ann_4d091c427ba1	beritajatim	beritajatim	2021-04-10	no	expansion	qwen3:8b	Dampak Gempa Malang Tersebar di 22 Kecamatan, Data Sementara 95 Bangunan Rusak
ann_4e154dd8b03b	beritajatim	beritajatim	2021-12-06	yes	expansion	qwen3:8b	BPBD Kabupaten Mojokerto Terjunkan Puluhan Tim Relawan, Paket Sembako dan Selimut
ann_4e99fda9eafe	detik	detik_news	2025-09-05	no	expansion	qwen3:8b	Gempa M 4,8 Guncang Jember
ann_4f79a6aadb4a	beritajatim	beritajatim	2026-03-25	yes	expansion	qwen3:8b	Banjir Pasuruan Lumpuhkan Akses Balongrejo, Gus Shobih Terjang Genangan Pakai Perahu
ann_4fd8c5ddbe83	kompas	kompas_regional	2022-03-01	yes	expansion	qwen3:8b	Khofifah: kalau Cinta NKRI, Tolong Distribusikan Stok Minyak Goreng ke Masyarakat Regional 1 Maret 2022
ann_4fe374959b80	beritajatim	beritajatim	2023-01-30	no	expansion	qwen3:8b	BPBD Jombang Siapkan Sejumlah Langkah Hadapi Dampak Cuaca Ekstrem
ann_502332f6c183	kontan	kontan	2022-03-16	no	expansion	qwen3:8b	Curiga Ada Mafia Minyak Goreng, Mendag Gandeng Polri
ann_50c564bdbe32	detik	detik_news	2026-02-07	no	expansion	qwen3:8b	Tebing di Ngantang Longsor, Akses Malang-Kediri Diberlakukan Buka Tutup
ann_51468fc85ca5	beritajatim	beritajatim	2022-10-25	yes	expansion	qwen3:8b	Wali Kota Surabaya Eri Cahyadi Serahkan Bantuan untuk Korban Puting Beliung Sidoarjo
ann_520a7a4c116f	kontan	kontan	2021-10-22	no	expansion	qwen3:8b	Gempa bumi M 5,3 di Kabupaten Malang sebabkan kerusakan bangunan di Kabupaten Blitar
ann_53584fb3d1c9	kompas	kompas_money	2022-05-11	yes	expansion	qwen3:8b	Hewan Ternak Terkena PMK, Kementan Distribusikan Obat hingga Kembangkan Vaksin Money 11 Mei 2022
ann_536bb1658a99	beritajatim	beritajatim	2021-04-11	no	expansion	qwen3:8b	Gubernur Khofifah Bagikan Bingkisan ke Korban Gempa Malang
ann_53cec02d63c5	kompas	kompas_regional	2026-03-23	no	expansion	qwen3:8b	Rawan Macet dan Potensi Bencana, Polda Jatim Siaga di 488 Tempat Wisata Regional 23 Maret 2026
ann_54152b1f55c3	kompas	kompas_regional	2021-12-05	yes	expansion	qwen3:8b	Pemkot dan Pemkab Probolinggo Kompak Kirim Bantuan kepada Korban Erupsi Semeru Regional 5 Desember 2021
ann_547f330b276a	beritajatim	beritajatim	2023-10-10	yes	expansion	qwen3:8b	Khofifah: Lakukan Mitigasi dan Pemetaan Status Bencana Wilayah Jawa Timur
ann_55bc82e4244d	beritajatim	beritajatim	2026-02-13	no	expansion	qwen3:8b	Banjir Kepung Jember, Seorang Perempuan Meninggal Dunia
ann_55d1657b4ebe	kontan	kontan	2023-11-24	no	expansion	qwen3:8b	Syngenta Luncurkan Teknologi Baru untuk Kendalikan Hama Penggerek Batang Padi Kuning
ann_5671149d0c92	beritajatim	beritajatim	2026-03-26	no	expansion	qwen3:8b	Banjir Rejoso Pasuruan Tak Surut, 10 Pompa Air Tak Berfungsi karena Elevasi Sungai Sama Tinggi
ann_56d88646dd24	kompas	kompas_regional	2022-05-09	yes	expansion	qwen3:8b	Satgas Penyakit Sapi Dibentuk di Lumajang untuk Tangani Wabah Penyakit Mulut dan Kaki Regional 9 Mei 2022
ann_56e148a8cb09	beritajatim	beritajatim	2021-12-09	yes	expansion	qwen3:8b	Hibur Anak Pengungsi Semeru, Direksi Dharma Lautan Utama Distribusikan Bantuan
ann_5724811e3f65	detik	detik_food	2021-10-14	no	expansion	qwen3:8b	Musim Panen, Durian Boneng asal Banyuwangi Mulai Diburu Pembeli
ann_5756ef1217b1	kompas	kompas_nasional	2023-12-27	yes	expansion	qwen3:8b	Jokowi Serahkan BLT El Nino di Banyuwangi News 27 Desember 2023
ann_57ae2c871b28	beritajatim	beritajatim	2024-07-30	no	expansion	qwen3:8b	Waspada! Lumajang Zona Merah Bencana di Jawa Timur
ann_57c431e27d38	kompas	kompas_regional	2025-10-24	no	expansion	qwen3:8b	Sekolah Perhotelan di Surabaya Kebakaran, Diduga Disebabkan Korsleting Komputer Regional 24 Oktober 2025
ann_58721747b83b	kompas	kompas_money	2023-02-11	yes	expansion	qwen3:8b	PT PIM Bangun Pabrik Pupuk NPK Baru Senilai Rp 1,7 Triiun Money 11 Februari 2023
ann_58a0133186e1	kontan	kontan	2021-04-11	no	expansion	qwen3:8b	Dampak gempa di Kabupaten Malang, 3 orang meninggal dan 344 rumah warga rusak
ann_5a16e79c6309	detik	detik_finance	2023-10-19	no	expansion	qwen3:8b	Plt Mentan Target Produksi Padi Tahun Depan 35 Juta Ton, Bagaimana Caranya?
ann_5a75640c82cf	kontan	kontan	2021-12-05	yes	expansion	qwen3:8b	Tinjau penanganan erupsi Gunung Semeru, Kepala BNPB kunjungi Lumajang
ann_5af31bc4cf62	beritajatim	beritajatim	2022-10-18	yes	expansion	qwen3:8b	PKS Jatim Terjunkan Relawan Bencana di Sejumlah Titik Banjir
ann_5b6aa3382c1d	beritajatim	beritajatim	2023-10-17	yes	expansion	qwen3:8b	Warga Banyuwangi Serbu Lapak Gerakan Pangan Murah
ann_5b6cbb6e7584	beritajatim	beritajatim	2026-02-01	no	expansion	qwen3:8b	PMI Pamekasan Distribusikan Bantuan Bagi Warga Terdampak Longsor di Sana Dhaja Pasean
ann_5b93ed79c722	kompas	kompas_regional	2021-12-05	yes	expansion	qwen3:8b	Korban Terdampak Erupsi Gunung Semeru Dapat 22.184 Paket Bantuan dari Pemprov Jatim Regional 5 Desember 2021
ann_5c55334af01d	kompas	kompas_regional	2025-11-11	yes	expansion	qwen3:8b	Banjir Parah Landa Sidoarjo, DPRD Desak Pemkab Bikin Grand Design dan Siagakan Pompa Air Regional 11 November 2025
ann_5ca89bb755cf	detik	detik_news	2026-03-25	yes	expansion	qwen3:8b	Kemensos Salurkan Bantuan Logistik buat Korban Terdampak Banjir di Pasuruan
ann_5cd21af73606	beritajatim	beritajatim	2022-02-21	no	expansion	qwen3:8b	Minyak Goreng Langka, Perusahaan Ini Gencar Distribusi Hingga ke Papua
ann_5ce02162b9bb	kompas	kompas_regional	2023-02-27	yes	expansion	qwen3:8b	Beras Langka di Pulau Masalembu Sumenep, Pemkab Diminta Turun Tangan Regional 27 Februari 2023
ann_5e041550ac84	beritajatim	beritajatim	2025-12-24	no	expansion	qwen3:8b	Jenazah Erawati PMI Asal Dampit Malang Korban Kebakaran Hong Kong Tiba di Rumah Duka
ann_5e099586944f	detik	detik_food	2021-10-22	no	expansion	qwen3:8b	Pedas Mampus! Berani Cicipi Mie Semeru dengan Sensasi 130 Cabai?
ann_5eadd5cd36eb	kontan	kontan	2021-04-10	no	expansion	qwen3:8b	Pertamina menjamin pasokan kebutuhan energi di Malang aman pascagempa
ann_601e3c2f72e0	kompas	kompas_regional	2021-01-21	no	expansion	qwen3:8b	Puluhan Pengungsi Gempa Sulbar Pilih Pulang Kampung ke Jatim News 21 Januari 2021
ann_611c5d3d0d33	beritajatim	beritajatim	2025-05-23	no	expansion	qwen3:8b	Gudang Daur Ulang Oli di Gedeg Mojokerto Terbakar
ann_613146114e21	detik	detik_news	2021-02-04	no	expansion	qwen3:8b	Longsor Susulan di Pujon, Jalur Malang-Kediri Kembali Tertutup Total
ann_617ea4f6676e	beritajatim	beritajatim	2025-10-01	no	expansion	qwen3:8b	Gempa Sumenep 6,5 SR Picu Kepanikan di Posko Pengungsian Korban Ambruknya Mushola Ponpes Al Khoziny
ann_61e6e7ec3dab	beritajatim	beritajatim	2021-02-04	no	expansion	qwen3:8b	Suara Dentuman di Malang, Begini Penjelasan BMKG
ann_62443525929f	kompas	kompas_regional	2023-11-05	no	expansion	qwen3:8b	Jelang Musim Hujan, Pemkab Banyuwangi Mulai Langkah Antisipatif untuk Cegah Banjir News 5 November 2023
ann_626ee5a6b050	beritajatim	beritajatim	2021-12-05	yes	expansion	qwen3:8b	Ringankan Beban Korban Erupsi Semeru, Gerindra Jatim Bantu Pengungsi
ann_627a54b985fe	kontan	kontan	2022-12-04	no	expansion	qwen3:8b	Penerapan Praktik Pertanian yang Baik Jadi Kunci Tingkatkan Produksi Padi
ann_62c43e5de18f	kompas	kompas_regional	2026-01-22	no	expansion	qwen3:8b	Tertutup Material Longsor, Jalur Malang-Kediri Macet Panjang Regional 22 Januari 2026
ann_62fe94e3c4ac	kompas	kompas_regional	2022-03-22	yes	expansion	qwen3:8b	Satgas Pangan Mabes Polri Temui Kapolda dan Gubernur Jatim, Bahas Persoalan Minyak Goreng Regional 22 Maret 2022
ann_63229fb3660b	kompas	kompas_money	2026-02-09	yes	expansion	qwen3:8b	Bapanas Cek Harga Bahan Pokok di Malang, Harga Cabai Rawit Sentuh Rp 80.000 Money 9 Februari 2026
ann_63ad1b280b05	detik	detik_news	2021-04-10	no	expansion	qwen3:8b	Pemerintah Belum Tetapkan Gempa Malang M 6,1 Jadi Darurat Bencana Nasional
ann_6475506ab85b	detik	detik_news	2021-04-10	no	expansion	qwen3:8b	Gubernur Khofifah Terjunkan Tim Evakuasi dan Tanggap Kebencanaan Gempa Malang
ann_650949ad19b4	kontan	kontan	2026-01-09	no	expansion	qwen3:8b	Akses Jalan Menuju Gunung Bromo Via Malang Ditutup Sementara Akibat Longsor
ann_657752bb7825	kompas	kompas_regional	2026-05-08	yes	expansion	qwen3:8b	Antisipasi El Nino, Kementan Gandeng Unej Benahi Irigasi 7.070 Hektar Sawah di Jember Regional 8 Mei 2026
ann_6666cfc8f0e1	beritajatim	beritajatim	2023-10-31	yes	expansion	qwen3:8b	Dampak El Nino, Petani Banyuwangi Diimbau Ubah Pola Tanam
ann_66bf14a01503	kompas	kompas_nasional	2021-12-06	yes	expansion	qwen3:8b	Polri Kerahkan 1.117 Personel Brimob ke Lumajang, Bantu Penanganan Dampak Erupsi Semeru News 6 Desember 2021
ann_676f5c3b0300	beritajatim	beritajatim	2022-11-04	no	expansion	qwen3:8b	Longsor, Jalan Piket Nol Menuju Gladak Perak Lumajang-Malang Ambles
ann_68dd175359fa	beritajatim	beritajatim	2022-02-23	yes	expansion	qwen3:8b	Bupati Kediri Distribusikan 7200 Liter Minyak Goreng ke Pasar Tradisional
ann_69e3da61d694	beritajatim	beritajatim	2022-05-10	yes	expansion	qwen3:8b	Ternak di Kabupaten Pasuruan Terindikasi Wabah PMK
ann_6a2ab1819b46	detik	detik_news	2021-12-04	no	expansion	qwen3:8b	5 Titik Pengungsian Warga Lumajang yang Terdampak Erupsi Gunung Semeru
ann_6acf250654d4	kompas	kompas_regional	2026-04-07	yes	expansion	qwen3:8b	Puncak Kemarau Diprediksi Agustus, Pemprov Jatim Siapkan 3.800 Sumur Bor Regional 7 April 2026
ann_6c033e812167	beritajatim	beritajatim	2026-03-10	no	expansion	qwen3:8b	Mendobrak Batas, Mahasiswa Disabilitas UB Jalani Sertifikasi Pilot Drone Profesional
ann_6c3419d8043c	detik	detik_news	2025-11-19	no	expansion	qwen3:8b	Semeru Erupsi, Pemkab Lumajang Tetapkan Status Tanggap Darurat Bencana 7 Hari
ann_6c3e271be91f	kontan	kontan	2021-11-17	yes	expansion	qwen3:8b	Ingat, 11 juta liter minyak goreng diguyur di pasar, harga cuma Rp 14.000 per liter
ann_6db043b8ae1b	kontan	kontan	2021-11-04	no	expansion	qwen3:8b	Banjir bandang menerjang Kota Batu Jawa Timur, 15 orang hanyut
ann_6dcf85cbb57c	kompas	kompas_regional	2022-06-17	yes	expansion	qwen3:8b	Cuaca di Lumajang Tak Menentu, Petani Tembakau Khawatir Gagal Panen Regional 17 Juni 2022
ann_6e9cd871f6af	beritajatim	beritajatim	2025-11-20	no	expansion	qwen3:8b	Sebanyak 36 Kabupaten/Kota Jatim Ini Perlu Waspada Hadapi Cuaca Ekstrem Menurut BMKG
ann_6e9d7f75ba28	kontan	kontan	2022-04-05	no	expansion	qwen3:8b	Produksi Blok Pangkah Mencapai 17.530 BOEPD di Kuartal I-2022
ann_6fbff35b22ca	beritajatim	beritajatim	2021-12-04	yes	expansion	qwen3:8b	BNPB Pastikan Bantuan Logistik untuk Warga Terdampak Semeru Tiba Malam Ini
ann_70805e09f182	kompas	kompas_money	2021-07-26	no	expansion	qwen3:8b	Harga Cabai Naik Saat PPKM, Mendag Lutfi: Siklus Musiman Saja Money 26 Juli 2021
ann_708ce076630b	kompas	kompas_regional	2021-04-11	no	expansion	qwen3:8b	Kunjungi Lokasi Terdampak Gempa Malang, Khofifah Minta 3 Layanan Dasar Segera Diperbaiki Regional 11 April 2021
ann_70928ba651f4	beritajatim	beritajatim	2021-12-05	yes	expansion	qwen3:8b	Erupsi Semeru, BPBD Lamongan Kirim Personil dan Logistik ke Lumajang
ann_709ff0de0b5e	kontan	kontan	2021-12-05	yes	expansion	qwen3:8b	BNPB kirimkan dukungan logistik awal Rp 1,1 miliar untuk penanganan erupsi Semeru
ann_715a5f18b304	beritajatim	beritajatim	2021-06-03	no	expansion	qwen3:8b	BPBD: 1.305 Desa di 23 Kabupaten Terancam Kekeringan di Jatim
ann_71b0253a57ab	detik	detik_finance	2021-04-10	no	expansion	qwen3:8b	ATM hingga Internet Banking di Jatim Tetap Normal Usai Diguncang Gempa
ann_71bd32971d96	kontan	kontan	2026-02-02	no	expansion	qwen3:8b	BPS Prediksi Produksi Beras pada Kuartal I-2026 Meningkat Capai 10,16 Juta Ton
ann_72440c04acff	kompas	kompas_regional	2026-02-12	yes	expansion	qwen3:8b	"Harga Cabai Rawit di Malang Makin ""Pedas"", Pedagang Sambal Kemasan Gigit Jari Regional 12 Februari 2026"
ann_726526f20499	beritajatim	beritajatim	2021-12-08	yes	expansion	qwen3:8b	Kementan Gelontorkan Bantuan Ternak dan Alsintan untuk Korban Erupsi Semeru
ann_72e3dc0ccfcd	kompas	kompas_nasional	2021-04-11	no	expansion	qwen3:8b	UPDATE: 1.189 Rumah dan 150 Fasilitas Umum Rusak akibat Gempa Malang News 11 April 2021
ann_73074e4d1766	beritajatim	beritajatim	2021-04-11	no	expansion	qwen3:8b	Khofifah Lihat Langsung Puing-puing Bangunan Runtuh Akibat Gempa di Malang
ann_736ad2260525	kompas	kompas_regional	2023-04-30	yes	expansion	qwen3:8b	Kebakaran Kantor DKPP Kota Kediri, Vaksin PMK hingga Sel Sperma Ternak Hangus Terbakar Regional 30 April 2023
ann_7452c7ad7151	detik	detik_finance	2021-12-05	no	expansion	qwen3:8b	Respons Cepat Erupsi Semeru, PUPR Kerahkan Tim dan Alat Berat ke Lumajang
ann_748293a1a71b	kontan	kontan	2023-11-24	no	expansion	qwen3:8b	Pupuk Indonesia Resmi Bangun Kawasan Industri Pupuk di Papua Barat
ann_765ea3218caf	beritajatim	beritajatim	2025-04-04	no	expansion	qwen3:8b	Evakuasi Korban Longsor di Tahura Raden Soerjo Mojokerto Tuntas, 10 Korban Ditemukan
ann_76a5d0e8ea2f	kompas	kompas_money	2021-12-05	no	expansion	qwen3:8b	Pasca Erupsi Gunung Semeru, Pertamina Pastikan Stok BBM dan LPG Aman Money 5 Desember 2021
ann_76aae039bf47	kontan	kontan	2021-11-04	no	expansion	qwen3:8b	BMKG: Provinsi Jawa Timur waspada bencana hidrometeorologi
ann_77b5655a51a5	kompas	kompas_regional	2026-02-19	yes	expansion	qwen3:8b	Ramadhan, Harga Cabai Rawit di Pasuruan Melonjak Setara Daging Sapi Regional 19 Februari 2026
ann_786496c82d94	beritajatim	beritajatim	2026-01-09	no	expansion	qwen3:8b	Update Banjir Kabupaten Pasuruan Malam Ini: Bangil Terendam 75 Cm, Gempol dan Beji Mulai Surut
ann_786506759ff7	beritajatim	beritajatim	2026-03-20	no	expansion	qwen3:8b	SPAM Bango Tetap Andalkan Pasokan Air Malang Meski Dikepung Sampah
ann_79276bae737c	kompas	kompas_regional	2021-04-11	no	expansion	qwen3:8b	Dampak Gempa Malang di Tulungagung, 49 Bangunan Rusak, 1 Orang Luka Ringan Regional 11 April 2021
ann_793f49ba1209	bisnis	bisnis	2023-03-24	yes	expansion	qwen3:8b	Kebutuhan Ramadan-Lebaran Tinggi, Pemerintah Impor Gula 215.000 Ton
ann_797ad720d25d	detik	detik_news	2021-04-14	no	expansion	qwen3:8b	Ada Stimulus Rp 50 Juta untuk Rumah Rusak Berat Dampak Gempa Malang
ann_797c47bdb5fc	kontan	kontan	2021-12-09	yes	expansion	qwen3:8b	Grup MIND ID Turunkan Tim Tanggap Darurat dan Distribusi Bantuan untuk Semeru
ann_79f390ab6233	detik	detik_news	2025-11-23	no	expansion	qwen3:8b	Anggota DPRD Surabaya Dorong Percepatan Proyek Fisik Pengendalian Banjir
ann_7a58c6507d8b	kontan	kontan	2025-10-30	no	expansion	qwen3:8b	Imbas Kondisi Kahar, Pemerintah Kembali Buka Keran Ekspor Konsentrat Tembaga
ann_7b29310eee10	kontan	kontan	2021-05-15	no	expansion	qwen3:8b	Petani tolak revisi Permenperin 3/2021 untuk legalkan pabrik GKR di Jatim
ann_7b971dd8ab01	kompas	kompas_regional	2023-07-07	no	expansion	qwen3:8b	Puluhan Rumah di Malang Terendam Banjir Usai Hujan Deras Sepanjang Hari Regional 7 Juli 2023
ann_7bf1ce909dc2	kompas	kompas_regional	2022-03-08	no	expansion	qwen3:8b	Warga Bangkalan Hilang Saat Memancing Ikan, Hanya Ditemukan Alat Pancing dan Sandal Milik Korban Regional 8 Maret 2022
ann_7c3c5add6cbb	kompas	kompas_nasional	2024-04-30	no	expansion	qwen3:8b	Satgas Pangan Polri Ungkap Penyebab Gagal Panen Bawang Merah di Brebes News 30 April 2024
ann_7ed37bea054d	kompas	kompas_regional	2025-04-03	no	expansion	qwen3:8b	Longsor di Pacet Mojokerto, 2 Mobil Tertimbun Regional 3 April 2025
ann_7f0b4f56392b	detik	detik_news	2025-12-12	no	expansion	qwen3:8b	Wanti-wanti dari Senayan Agar Bibit Siklon Tropis Tak Dianggap Remeh
ann_7f115b0fec6e	detik	detik_finance	2023-07-18	no	expansion	qwen3:8b	Krista Exhibitions Bakal Gelar All Agri Expo & Festival Jagung Akhir 2023
ann_7f1b2483e43c	beritajatim	beritajatim	2021-12-14	no	expansion	qwen3:8b	Ketua Umum Pemuda Katolik ke Lumajang Tinjau Posko Pengungsian Erupsi Semeru
ann_7f6d0dafa36c	kompas	kompas_regional	2022-06-01	yes	expansion	qwen3:8b	Pupuk Indonesia Salurkan 38 Ribu Ton Pupuk Bersubsidi di Kalsel, Pemprov Janji Tindak Distributor Nakal Regional 1 Juni 2022
ann_7fbc2f828424	beritajatim	beritajatim	2025-09-11	yes	expansion	qwen3:8b	Hujan Mulai Mengguyur Jember, Tanah Longsor dan Rumah Roboh
ann_807fbc0a8f2e	beritajatim	beritajatim	2021-04-08	yes	expansion	qwen3:8b	PG Tingkatkan Produktivitas Tebu Jawa Timur
ann_82729cfd181a	kompas	kompas_money	2021-01-25	yes	expansion	qwen3:8b	Dorong Produksi Lokal, Mentan Usulkan Kedelai Masuk Bagian Pangan Strategis Money 25 Januari 2021
ann_8281999015eb	kontan	kontan	2021-12-16	no	expansion	qwen3:8b	Gempa Terkini Magnitudo 5.1, Warga Jember Panik, Sejumlah Rumah Ambruk
ann_82fabba0cf86	kontan	kontan	2023-08-03	yes	expansion	qwen3:8b	Hadapi El Nino, Kementan Siapkan 500 Ribu Hektare untuk Pastikan Ketersediaan Beras
ann_8303b066addc	kompas	kompas_regional	2025-11-25	no	expansion	qwen3:8b	Status Darurat Erupsi Semeru di Lumajang Diperpanjang hingga 2 Desember Regional 25 November 2025
ann_83bb3be457a2	kompas	kompas_money	2022-03-16	no	expansion	qwen3:8b	Ketika Mendag Lagi-lagi Klaim Stok Minyak Goreng Sangat Melimpah Money 16 Maret 2022
ann_844bc0d5b67c	kontan	kontan	2021-04-10	no	expansion	qwen3:8b	Dampak gempa Malang di Blitar, 11 luka-luka dan 202 bangunan rusak
ann_84d2fcb711ff	bisnis	bisnis	2023-09-30	no	expansion	qwen3:8b	ID Food Gandeng Pupuk Indonesia Tingkatkan Produktivitas dan Pendapatan Petani Tebu
ann_84f61955280d	kontan	kontan	2024-04-24	no	expansion	qwen3:8b	Tekan Harga Bawang Merah, IKAPPI Desak Pemerintah Percepat Distribusi ke Jabodetabek
ann_8556ac72cdc4	kontan	kontan	2021-12-16	no	expansion	qwen3:8b	BMKG mencatat gempa terkini magnitudo 5.1, terasa di Bali-Banyuwangi pagi ini
ann_85b8bab05dab	detik	detik_news	2022-01-03	no	expansion	qwen3:8b	Banjir Bandang di Kediri Bawa Material Longsor dari Lereng Gunung Wilis
ann_85e2cc1f9465	detik	detik_news	2025-11-19	yes	expansion	qwen3:8b	Kemensos Kirim Logistik ke 765 Warga Terdampak Erupsi Gunung Semeru
ann_866df51e4dc0	beritajatim	beritajatim	2021-03-12	yes	expansion	qwen3:8b	Forkas Jatim Salurkan Bantuan Beras Untuk Korban Bencana Alam
ann_86bff4281c28	kontan	kontan	2022-03-21	no	expansion	qwen3:8b	Lanjutkan Ekspor, Darmi Bersaudara (KAYU) Mengirim 26 Kontainer Sejak Awal Tahun
ann_8724f43a2549	detik	detik_finance	2021-12-05	no	expansion	qwen3:8b	Semeru Erupsi, Pasokan BBM dan Elpiji Aman?
ann_889bb62f4788	detik	detik_finance	2024-02-24	no	expansion	qwen3:8b	Lumbung Pangan RI di Sulsel Pasok Beras ke Jatim hingga Maluku
ann_88cb9dfd7c2f	detik	detik_news	2021-05-21	no	expansion	qwen3:8b	3 Rumah di Lumajang Rusak Berat Hingga Ambruk Dampak Gempa Blitar M 5,9
ann_88dc7891f02d	kontan	kontan	2022-06-22	no	expansion	qwen3:8b	Pupuk Langka dan Mahal, Ibas Desak Pupuk Holding Beri Solusi Bagi Petani
ann_8a5be01af3b1	kompas	kompas_regional	2022-09-26	no	expansion	qwen3:8b	Vaksin Meningitis Langka, Travel Haji dan Umrah Pekanbaru: Mau Beribadah Saja Susah Regional 26 September 2022
ann_8abeb7eb0993	detik	detik_finance	2022-10-20	yes	expansion	qwen3:8b	Menkop Dorong KAN Jabung di Malang Genjot Produksi Susu Segar
ann_8ac623e7e390	kompas	kompas_money	2021-04-01	yes	expansion	qwen3:8b	Tekan Ketergantungan Impor Gula, RNI Revitalisasi Pabrik dan Perluas Lahan Tebu Money 1 April 2021
ann_8af001da4905	kompas	kompas_regional	2021-04-11	no	expansion	qwen3:8b	Pemkab Malang Tetapkan Status Tanggap Darurat Bencana Gempa Regional 11 April 2021
ann_8b82c942452e	beritajatim	beritajatim	2022-12-04	no	expansion	qwen3:8b	Dandim 0818 Malang-Batu: Selamatkan Masyarakat di Kawasan Rawan Erupsi Semeru
ann_8bd547ad0b43	beritajatim	beritajatim	2025-10-14	yes	expansion	qwen3:8b	Pemkab Lumajang Bentuk Cluster Pertanian Cabai untuk Kendalikan Harga dan Jaga Kualitas Panen
ann_8c58e655100a	kompas	kompas_regional	2025-11-04	no	expansion	qwen3:8b	14 Rumah Rusak akibat Angin Kencang di Pamekasan, Korban Belum Terima Bantuan Regional 4 November 2025
ann_8c6ef871df77	beritajatim	beritajatim	2021-10-12	yes	expansion	qwen3:8b	Bahan Bakar Solar di SPBU Bojonegoro Langka
ann_8ca7802878e2	kontan	kontan	2021-04-11	no	expansion	qwen3:8b	Gempa bermagnitudo 5,5 kembali guncang Malang pada pagi hari ini
ann_8cf38ffbcaa4	kompas	kompas_regional	2021-11-08	no	expansion	qwen3:8b	Tinjau Banjir di Gresik, Wagub Emil Dardak Sebut Normalisasi Kali Lamong Dilakukan Bertahap Regional 8 November 2021
ann_8d7f71aa1c21	beritajatim	beritajatim	2026-01-02	no	expansion	qwen3:8b	Muhammadiyah Jatim Berangkatkan 2 Truk Logistik ke Aceh dan Sumut
ann_8d91c51c436b	beritajatim	beritajatim	2022-08-12	no	expansion	qwen3:8b	Kandungan Nutrisi dan Manfaat Sorgum yang Bisa Jadi Alternatif Gandum
ann_8de807c6929d	kompas	kompas_regional	2025-12-16	no	expansion	qwen3:8b	Antisipasi Banjir dan Longsor, BPBD Jatim Pasang EWS Baru di Enam Daerah Regional 16 Desember 2025
ann_8e470f4e71d4	beritajatim	beritajatim	2026-03-17	no	expansion	qwen3:8b	Kebakaran Ruko Laundry di Malang, Pemilik Meninggal dan Tiga Orang Luka Bakar
ann_8ead36f0d2d9	kompas	kompas_regional	2025-12-04	no	expansion	qwen3:8b	Jelang Nataru, KAI Tingkatkan Pengamanan Jalur Daop 9 Jember Antisipasi Cuaca Ekstrem Regional 4 Desember 2025
ann_8ee81efa5fbe	beritajatim	beritajatim	2025-12-05	no	expansion	qwen3:8b	PT Pelni Kirimkan Bantuan Pangan ke Korban Banjir Sumatera
ann_8efc74b28b50	kontan	kontan	2024-02-15	no	expansion	qwen3:8b	Jokowi Minta Suplai Beras ke Pasar Terus Dilakukan
ann_8fb2846c5415	beritajatim	beritajatim	2023-02-13	yes	expansion	qwen3:8b	Khofifah Gerak Cepat Tangani Banjir Bondowoso
ann_9018c2119fdd	beritajatim	beritajatim	2022-09-02	yes	expansion	qwen3:8b	Khofifah: Stok Pertamina Cukup, Masyarakat Jangan Panic Buying
ann_906fdb1a31fc	kontan	kontan	2023-11-20	yes	expansion	qwen3:8b	Terapkan Strategi Tanam Cepat, Kementan Siapkan Insentif Rp 5,8 Triliun
ann_9078962baa43	kontan	kontan	2021-04-12	yes	expansion	qwen3:8b	Bank Mandiri Salurkan Bantuan Untuk Korban Gempa Malang
ann_9098d5535b5c	kontan	kontan	2024-03-01	no	expansion	qwen3:8b	Produksi Beras Nasional Turun 440.000 Ton Pada 2023, BPS: Terdampak El Nino
ann_91652f0c70ff	beritajatim	beritajatim	2025-04-04	no	expansion	qwen3:8b	Pencarian Korban Longsor di Jalur Mojokerto-Batu, 420 Personel Gabungan Diterjunkan
ann_91c0a7389b91	beritajatim	beritajatim	2021-02-20	yes	expansion	qwen3:8b	Bantu Korban Longsor Nganjuk, Forkas Jatim Kirimkan 350 Paket Sembako
ann_91cb19c5a434	kompas	kompas_money	2022-01-30	yes	expansion	qwen3:8b	Pupuk Kaltim Targetkan Program Makmur Cakup 60.000 Hektar Lahan di 2022 Money 30 Januari 2022
ann_9217b9421a74	kompas	kompas_regional	2024-02-20	no	expansion	qwen3:8b	Dampingi Mendag di Pasar Bulu, Mbak Ita Imbau Masyarakat Beralih ke Beras Subsidi Sementara Waktu Regional 20 Februari 2024
ann_9276fc3eeb19	kontan	kontan	2021-12-04	yes	expansion	qwen3:8b	Tinjau dampak erupsi Semeru, Jokowi perintahkan kepala BNPB berangkat ke Lumajang
ann_92b880297d84	kompas	kompas_regional	2023-03-02	yes	expansion	qwen3:8b	Cerita Warga Masalembu, Terima Bantuan Logistik Usai Wilayahnya Terisolasi: Bersyukur, 2 Pekan Hanya Makan Singkong Regional 2 Maret 2023
ann_92c18f74923b	kompas	kompas_regional	2021-04-10	no	expansion	qwen3:8b	Fakta Gempa M 6,7 di Malang, Terasa sampai ke Provinsi Lain, Atap RS Ambrol hingga Penjelasan BMKG Regional 10 April 2021
ann_9374b464c343	kontan	kontan	2023-12-15	yes	expansion	qwen3:8b	Hore! Jumlah Keluarga Penerima Bantuan Pangan Bulog Bertambah 8%
ann_937bddfd07f9	beritajatim	beritajatim	2022-10-26	yes	expansion	qwen3:8b	PTPN X Lampaui Target Giling Tebu Tahun Ini
ann_9428155f725d	beritajatim	beritajatim	2026-03-26	yes	expansion	qwen3:8b	Tinjau Banjir Rejoso Pasuruan, Khofifah Terobos Genangan dan Siapkan Strategi TMC
ann_94ac03c06bc4	beritajatim	beritajatim	2023-03-01	yes	expansion	qwen3:8b	Krisis Pangan Masalembu, Kapal TNI AL Datang Bawa 20 Ton Beras
ann_94fbe0be8938	kontan	kontan	2022-01-05	no	expansion	qwen3:8b	Kemendag: Harga Minyak Goreng Hingga Cabai Masih Naik Signifikan di Bulan Ini
ann_9537afe8c499	kompas	kompas_regional	2026-01-22	no	expansion	qwen3:8b	BMKG Peringatkan Cuaca Ekstrem Saat Puncak Musim Hujan di Jatim Regional 22 Januari 2026
ann_955f0665d613	kompas	kompas_regional	2026-04-03	yes	expansion	qwen3:8b	Langkah Khofifah Jaga Produksi Pertanian Jelang Musim Kemarau Regional 3 April 2026
ann_96afd9e77fa7	kompas	kompas_regional	2025-10-01	no	expansion	qwen3:8b	BMKG Ungkap Penyebab Gempa di Sumenep Regional 1 Oktober 2025
ann_970873239a91	detik	detik_news	2021-10-28	no	expansion	qwen3:8b	Gempa Darat M 2,6 Guncang Magetan-Ponorogo
ann_974495c388a6	beritajatim	beritajatim	2021-01-04	yes	expansion	qwen3:8b	LaNyalla Minta Pemerintah Stabilkan Harga Kedelai Atasi Kelangkaan Tempe
ann_9770fbea697d	beritajatim	beritajatim	2022-12-06	yes	expansion	qwen3:8b	Ribuan Paket Sembako Dikirim ke Korban Erupsi Gunung Semeru
ann_977c60289a98	beritajatim	beritajatim	2025-12-15	no	expansion	qwen3:8b	Anggota DPR RI Rizki Sadig Perkuat Literasi Mitigasi Bencana Berbasis Warga di Blitar
ann_979f41974975	beritajatim	beritajatim	2023-10-17	yes	expansion	qwen3:8b	Lewat Gerakan Pangan Murah, Jadi Intervensi Pemkot Malang Stabilkan Harga
ann_97ae722ea3fc	beritajatim	beritajatim	2022-10-05	no	expansion	qwen3:8b	Cuaca Ekstrem Diprediksi Landa Wilayah Jatim, Mana Saja?
ann_9880966ba5ed	beritajatim	beritajatim	2025-12-02	no	expansion	qwen3:8b	Dindik Jatim Siapkan Penggalangan Dana bagi Korban Banjir Sumatra
ann_98ba3b8333b2	kontan	kontan	2023-10-10	no	expansion	qwen3:8b	Bos ID FOOD Beberkan Tantangan Penuhi Kebutuhan Garam Industri dan Gula Konsumsi
ann_98c8f48da62b	kompas	kompas_nasional	2021-12-04	no	expansion	qwen3:8b	Minta Bantuan Evakuasi 8 Warga Terdampak Erupsi Semeru, Wabup Lumajang: Kasihan Keluarganya Menangis Semua... News 4 Desember 2021
ann_98ea28dc732b	kontan	kontan	2021-12-14	no	expansion	qwen3:8b	BMKG mencatat gempa terkini magnitudo 5,3 di Kuta, Pacitan, Lumajang
ann_993bb8a98b64	beritajatim	beritajatim	2021-11-05	no	expansion	qwen3:8b	Korban Meninggal Dunia Akibat Banjir Bandang Kota Batu 7 Orang
ann_994576036857	kontan	kontan	2022-01-28	yes	expansion	qwen3:8b	Program Makmur Pupuk Kaltim Dorong Kenaikan Produktivitas Petani Kentang Hingga 125%
ann_995b13c673cb	beritajatim	beritajatim	2025-12-09	no	expansion	qwen3:8b	Solidaritas Madiun: Donasi untuk Korban Bencana di Sumatra dan Aceh Terus Mengalir ke BPBD
ann_9a16b5a7d005	kompas	kompas_regional	2026-05-03	no	expansion	qwen3:8b	Cerita Mariyono Galang Kepedulian Menghadapi Banjir Tahunan di Magetan Regional 3 Mei 2026
ann_9a1fd740e89c	kompas	kompas_regional	2023-10-08	yes	expansion	qwen3:8b	Agar Panen Lebih Berkualitas, Petani Mangga Podang Ikuti Pendampingan dari Pemkab Kediri News 8 Oktober 2023
ann_9a48d67e8885	beritajatim	beritajatim	2022-03-16	yes	expansion	qwen3:8b	Datangi Distributor, Forkopimda Kabupaten Malang Pastikan Stok Minyak Goreng Aman
ann_9b1588ce9397	kontan	kontan	2022-03-18	no	expansion	qwen3:8b	Respons Airlangga Hartarto Terkait Tudingan Adanya Mafia Minyak Goreng
ann_9ba14a22fdb8	kompas	kompas_regional	2026-01-21	no	expansion	qwen3:8b	Hujan Deras dan Angin Kencang di Pasuruan, 2 Rumah Warga Tertimpa Pohon Tumbang Regional 21 Januari 2026
ann_9cfb56889ebf	kompas	kompas_regional	2026-04-01	yes	expansion	qwen3:8b	El Nino Godzilla Bayangi Jatim: 815 Desa Terancam Krisis Air Bersih Regional 1 April 2026
ann_9d98d241ee5c	kontan	kontan	2023-09-04	yes	expansion	qwen3:8b	Harga Beras Naik, Perpadi Minta Bantuan Pangan Beras Segera Digelontorkan
ann_9e02376e6a44	beritajatim	beritajatim	2025-04-04	no	expansion	qwen3:8b	3 Korban Longsor Jalur Mojokerto – Batu Berhasil Dievakuasi
ann_9e7d65845165	kompas	kompas_money	2025-12-08	no	expansion	qwen3:8b	KAI Logistik Gratiskan Pengiriman Bantuan untuk Korban Bencana Sumatra Money 8 Desember 2025
ann_9eb67d2664f9	kontan	kontan	2021-02-21	no	expansion	qwen3:8b	PLN menyalakan kembali 1.369 gardu distribusi terdampak banjir di Jawa Barat
ann_9f6fb6713ce4	beritajatim	beritajatim	2025-09-25	yes	expansion	qwen3:8b	Program Ketahanan Pangan Prabowo Dongkrak Produksi Pertanian Banyuwangi
ann_a1453c7ecb8f	detik	detik_news	2021-06-05	no	expansion	qwen3:8b	BMKG: Gempa-Tsunami Pantai Selatan Jatim Potensi, Bukan Prediksi
ann_a1862433a891	kontan	kontan	2021-04-23	yes	expansion	qwen3:8b	Stok gula diklaim aman, IKM makanan bisa tingkatkan produksi
ann_a19d05e40e3f	kompas	kompas_regional	2026-02-08	yes	expansion	qwen3:8b	Jelang Puasa, Satgas Pangan Malang: Harga Cabai Masih Tinggi, Komoditas Lain Stabil Regional 8 Februari 2026
ann_a28dfabda7cd	beritajatim	beritajatim	2023-01-25	no	expansion	qwen3:8b	Di Sumenep, Harga Telur Ayam Ras Berangsur Turun
ann_a318a2f03d00	beritajatim	beritajatim	2021-03-25	yes	expansion	qwen3:8b	Legislator DPR: Jangan Asal Tuduh Rente, Bulog Sendiri yang Impor Beras
ann_a31dfd9e5980	kontan	kontan	2026-02-06	no	expansion	qwen3:8b	Antrean di Pelabuhan Tekan Kinerja Logistik, Pengusaha Desak Evaluasi Menyeluruh
ann_a36d2f5beda8	detik	detik_news	2021-05-21	no	expansion	qwen3:8b	Gempa Blitar M 5,9 Rusak Sejumlah Rumah dan Fasilitas Umum di Jatim
ann_a37b0bcde2aa	beritajatim	beritajatim	2022-05-19	yes	expansion	qwen3:8b	PDHI Jatim Imbau Masyarakat Tak Khawatir Konsumsi Daging Sapi dari RPH
ann_a3dbcad66764	beritajatim	beritajatim	2024-11-26	no	expansion	qwen3:8b	Musim Hujan, Bawaslu Tuban Petakan Kerawanan Tempat Penyimpanan Logistik di Kecamatan hingga TPS
ann_a4fe58d82671	kompas	kompas_regional	2023-08-29	yes	expansion	qwen3:8b	Harga Beras di Blitar Rp 14.000 Per Kg, Pemda Gelar Operasi Pasar Regional 29 Agustus 2023
ann_a51bfaaf7c0f	kompas	kompas_money	2022-11-23	yes	expansion	qwen3:8b	Bos Bulog Tagih Janji Kementan Salurkan 500.000 Ton untuk CBP Money 23 November 2022
ann_a5c8a489d624	detik	detik_finance	2023-08-13	yes	expansion	qwen3:8b	Antisipasi Dampak El Nino, Erick Thohir Sebut Presiden Minta Bikin Pasar Murah
ann_a612371be33e	detik	detik_finance	2021-01-21	yes	expansion	qwen3:8b	Pasokan Pupuk Disorot, Ada Kendala di Mana?
ann_a62795161118	kompas	kompas_regional	2022-05-22	yes	expansion	qwen3:8b	28 Kerbau di Lumajang Mulai Terjangkit PMK Regional 22 Mei 2022
ann_a639cd7b673f	kompas	kompas_money	2023-08-08	yes	expansion	qwen3:8b	Pengusaha Beras Sebut Banyak Pemilik Penggilingan Padi Tutup karena Merugi Money 8 Agustus 2023
ann_a642e71b002e	kompas	kompas_regional	2025-12-04	yes	expansion	qwen3:8b	Usai Kirim Bantuan Rp 194,9 Juta, Pemkot Surabaya Masih Buka Posko Donasi Bencana Sumatera Regional 4 Desember 2025
ann_a74290f166b8	beritajatim	beritajatim	2023-07-31	yes	expansion	qwen3:8b	Pemkot Surabaya Tanam 9 Bahan Pengganti Padi, Ini Tujuannya
ann_a797a47c290f	kompas	kompas_regional	2026-02-06	no	expansion	qwen3:8b	Gempa M 6,4 di Pacitan, Getarannya Terasa hingga Bangunkan Warga Malang Regional 6 Februari 2026
ann_a8510027343a	kompas	kompas_regional	2021-12-05	yes	expansion	qwen3:8b	Kirim Relawan dan Bantuan ke Korban Erupsi Semeru, Bupati Banyuwangi: Ini Duka Kita Semua Regional 5 Desember 2021
ann_a8dc2fa635f1	kontan	kontan	2024-11-07	no	expansion	qwen3:8b	Dukung Program Ketahanan Pangan Prabowo, Jasindo Perkuat Asuransi Usaha Tani Padi
ann_a9476042f07c	kompas	kompas_regional	2025-09-26	yes	expansion	qwen3:8b	BPBD Jember Beri Bantuan untuk Nenek 91 Tahun yang Tertimpa Reruntuhan Saat Gempa Regional 26 September 2025
ann_a9cb5cff7400	beritajatim	beritajatim	2021-04-10	no	expansion	qwen3:8b	Ini Update Data Dampak Kerusakan Gempa Malang di Seluruh Jatim
ann_a9ff1370831a	beritajatim	beritajatim	2025-10-13	no	expansion	qwen3:8b	Fraksi Gerindra Dorong Penguatan Mitigasi dan Kelembagaan Penanggulangan Bencana di Jawa Timur
ann_aa0362093a91	kompas	kompas_regional	2026-03-13	no	expansion	qwen3:8b	Polda Jatim Petakan Kawasan Wisata Rawan Bencana, Probolinggo-Malang Raya Jadi Atensi Regional 13 Maret 2026
ann_aa2f95dcb200	beritajatim	beritajatim	2025-07-20	yes	expansion	qwen3:8b	Inflasi Jatim Juni 2025 Tembus 0,43 Persen: Beras, Cabai, dan Demo Sopir Jadi Pemicu
ann_aa395ffff687	kontan	kontan	2021-11-05	no	expansion	qwen3:8b	Banjir bandang menerjang Kabupaten Malang, dua warga meninggal dunia
ann_abf0e0b6aeac	beritajatim	beritajatim	2021-05-05	no	expansion	qwen3:8b	Hapus Impor Beras, Puan Maharani Imbau IPB Kembangkan Padi Varietas Tinggi
ann_ac1866fe9721	kompas	kompas_regional	2023-12-08	yes	expansion	qwen3:8b	6 Desa di Gresik Terendam Banjir Luapan Kali Lamong Regional 8 Desember 2023
ann_ac3b5b469777	kompas	kompas_nasional	2022-03-02	uncertain	expansion	qwen3:8b	Puan Minta Pemerintah Selesaikan Masalah Harga Kedelai Sebelum Ramadan News 2 Maret 2022
ann_acbc54c81b33	kompas	kompas_regional	2025-06-09	yes	expansion	qwen3:8b	Sungai Kali Lamong Meluap, Ratusan Rumah Terendam Banjir di Gresik Regional 9 Juni 2025
ann_ae16bcb312d1	beritajatim	beritajatim	2021-04-10	no	expansion	qwen3:8b	Gempa Malang, Tidak Ada Dampak di Bojonegoro
ann_ae6403d3b3c8	kontan	kontan	2023-08-21	yes	expansion	qwen3:8b	Menakar Dampak El Nino Pada Ketahanan Pangan Indonesia
ann_ae8a8cb6e7a7	beritajatim	beritajatim	2025-12-17	no	expansion	qwen3:8b	Gelombang Keenam Bantuan Bencana Sumatra-Aceh, Jatim Kirim 127 Ton Logistik
ann_aeda5c5f06c3	beritajatim	beritajatim	2026-05-09	no	expansion	qwen3:8b	Pemkot Surabaya Siapkan Delapan Rumah Pompa untuk Antisipasi Banjir Musim Hujan 2026
ann_af3b3b43e419	kontan	kontan	2023-02-23	no	expansion	qwen3:8b	BMKG Ajak Masyarakat Panen Air Hujan, Apa Maksudnya?
ann_afab99b044a5	beritajatim	beritajatim	2022-12-30	no	expansion	qwen3:8b	Polres Blitar Sita Uang Pungli Stimulan Gempa Rp200 Juta dari Oknum Perangkat Desa
ann_b0230a53bd75	kompas	kompas_regional	2021-04-10	no	expansion	qwen3:8b	Akibat Gempa M 6,7 Listrik di Malang Selatan Sempat Mati Regional 10 April 2021
ann_b026332d97f0	kontan	kontan	2021-04-03	no	expansion	qwen3:8b	BMKG deteksi adanya dua bibit siklon tropis, begini dampaknya bagi Indonesia
ann_b129ef42c662	beritajatim	beritajatim	2026-02-25	no	expansion	qwen3:8b	7 Motor Wisatawan Tertimbun Longsor Penanjakan Wonokitri Pasuruan
ann_b17bfd14223b	beritajatim	beritajatim	2026-02-18	yes	expansion	qwen3:8b	Harga Cabai Rawit di Pasuruan Tembus Rp120 Ribu per Kg Jelang Ramadan 2026
ann_b267d1da7936	beritajatim	beritajatim	2021-12-06	no	expansion	qwen3:8b	Polda Jatim Kerahkan Sabhara, Brimob, DVI, Hingga Anjing K9 Bantu Penanganan Erupsi Semeru
ann_b33edc2a88ea	beritajatim	beritajatim	2026-04-09	yes	expansion	qwen3:8b	Rakor Penanganan Potensi Kemarau Panjang 2026, Ini Kata Gubernur Jatim Khofifah
ann_b36200fa68b1	kompas	kompas_regional	2025-01-30	yes	expansion	qwen3:8b	Darurat PMK, Pemprov Jatim Siapkan Rp 25 Miliar untuk Pengadaan 320.000 Vaksin Regional 30 Januari 2025
ann_b3a55c5d097f	beritajatim	beritajatim	2026-01-19	no	expansion	qwen3:8b	16 Unit Rumah di Pamekasan Rusak Akibat Longsor
ann_b3d0a25c2a5e	beritajatim	beritajatim	2025-04-04	no	expansion	qwen3:8b	Evakuasi dan Pencarian Korban Longsor di Jalur Mojokerto – Batu Dilanjutkan Pagi Ini
ann_b40be7f043e5	beritajatim	beritajatim	2026-03-28	yes	expansion	qwen3:8b	Rakor Grahadi Bahas Kekeringan Jatim 2026, Khofifah Targetkan Produksi Padi Tetap Stabil
ann_b591432a7db5	kompas	kompas_regional	2021-12-22	no	expansion	qwen3:8b	Potensi Hujan Lebat dan Angin Kencang di Jatim, BMKG Imbau Warga Waspadai Banjir Regional 22 Desember 2021
ann_b618b76e7fbf	beritajatim	beritajatim	2026-05-26	yes	expansion	qwen3:8b	Gubernur Khofifah Tinjau Peternakan Sapi Kurban di Baureno, Pastikan Stok Hewan Kurban Aman
ann_b62f771433fe	kompas	kompas_money	2023-12-01	yes	expansion	qwen3:8b	Cabai Jadi Pendorong Inflasi, BPS: Faktor El Nino dan Distribusi Money 1 Desember 2023
ann_b62f985509ce	kompas	kompas_nasional	2023-12-14	yes	expansion	qwen3:8b	Jokowi Janji Lanjutkan Bantuan Beras Sampai Juni 2024 Jika APBN Cukup News 14 Desember 2023
ann_b65584f519da	beritajatim	beritajatim	2023-10-06	yes	expansion	qwen3:8b	Dampak El Nino, Banyuwangi Pantau Irigasi Antisipasi Produksi Pangan
ann_b65e0d5d0060	detik	detik_finance	2021-05-13	yes	expansion	qwen3:8b	Aturan Baru Dituding Bikin Gula Rafinasi Langka, Menperin Buka Suara
ann_b6bd9786d1c0	beritajatim	beritajatim	2021-05-22	yes	expansion	qwen3:8b	Khofifah Tinjau Daerah Terdampak Gempa 5,9 SR di Blitar
ann_b6be8e542f7b	kompas	kompas_regional	2022-02-08	yes	expansion	qwen3:8b	Khofifah Ungkap Penyebab Kelangkaan Minyak Goreng di Jatim, Sebut Pengiriman Distributor Terlambat Regional 8 Februari 2022
ann_b7238ddb14f2	kompas	kompas_regional	2021-11-09	no	expansion	qwen3:8b	2 Jam Sebelum Banjir Bandang Terjang Kota Batu, BMKG Telah Beri Peringatan Dini Regional 9 November 2021
ann_b7d8db9549b1	kompas	kompas_regional	2026-04-17	no	expansion	qwen3:8b	Pabrik Selotip 2 Hektare di Surabaya Ludes Terbakar, Karyawan Lari Tunggang Langgang Regional 17 April 2026
ann_b8aef9d6592c	detik	detik_news	2021-04-10	no	expansion	qwen3:8b	Gempa Malang Rusak 5 Rumah dan 1 Musala di 2 Kecamatan Probolinggo
ann_b8b662229fad	detik	detik_news	2025-04-04	no	expansion	qwen3:8b	Longsor di Mojokerto, Kemensos Bantu Evakuasi dan Dirikan Dapur Umum
ann_b908c4420e81	kompas	kompas_regional	2026-01-13	yes	expansion	qwen3:8b	Anomali Cuaca, Produksi Garam di Kota Pasuruan Terjun Bebas 2 Tahun Terakhir Regional 13 Januari 2026
ann_ba7e10a27a5e	beritajatim	beritajatim	2021-12-04	no	expansion	qwen3:8b	BNPB Dorong Logistik Penanganan Darurat Erupsi Gunung Semeru
ann_bb18d05f898c	kompas	kompas_regional	2026-03-27	yes	expansion	qwen3:8b	158 Hektar Sawah di Pasuruan Terendam Banjir, Petani Terancam Gagal Panen Regional 27 Maret 2026
ann_bb3a018aefba	kontan	kontan	2022-09-28	no	expansion	qwen3:8b	Kemenag, Kemenkes dan PPIU Bahas Solusi Kelangkaan Vaksin Meningitis untuk Umrah
ann_bc20ba979528	beritajatim	beritajatim	2025-12-03	no	expansion	qwen3:8b	Fraksi PDI Perjuangan Minta BPBD Jatim Tingkatkan Kesiapsiagaan Bencana Jelang Nataru
ann_bc28f331ac8b	kontan	kontan	2025-04-08	no	expansion	qwen3:8b	Hadapi Tekanan Biaya & Ancaman Impor, ARNA Siap Ekspansi Pabrik & Andalkan Efisiensi
ann_bc5a186533c4	kontan	kontan	2022-09-25	no	expansion	qwen3:8b	ID Food Bagikan 5.000 Paket Sembako Melalui Pasar Murah BUMN di Purwakarta
ann_bccdef7e9dd9	detik	detik_finance	2025-11-02	no	expansion	qwen3:8b	RI Masih Impor Sapi, 40% buat Kebutuhan Dalam Negeri
ann_be89b8b18eab	kompas	kompas_nasional	2025-09-25	no	expansion	qwen3:8b	Puluhan Rumah Rusak akibat Gempa Bumi M 5,7 Guncang Banyuwangi dan Situbondo News 25 September 2025
ann_bea235e172d6	beritajatim	beritajatim	2021-04-12	no	expansion	qwen3:8b	BNPB Beberkan Rincian Bantuan Rumah Rusak Korban Gempa di Malang
ann_bf0eef934205	beritajatim	beritajatim	2025-09-26	no	expansion	qwen3:8b	BPBD Jatim Ungkap 85 Bangunan Rusak Akibat Gempa Banyuwangi, Gubernur Besok ke Situbondo
ann_bf3724ca844b	kompas	kompas_regional	2021-02-03	yes	expansion	qwen3:8b	Terima 2,8 Juta Ton Pupuk Bersubsidi, Pemprov Jatim Pastikan Tak Ada Kelangkaan News 3 Februari 2021
ann_bffa1c5b5d32	kompas	kompas_money	2022-10-20	yes	expansion	qwen3:8b	BUMN Salurkan 1.500 Paket Sembako untuk Korban Bencana Longsor di Malang Money 20 Oktober 2022
ann_c020dad27603	kompas	kompas_money	2023-10-12	yes	expansion	qwen3:8b	Stok Pupuk Subsidi Aman, Distribusinya Dijamin Lancar Money 12 Oktober 2023
ann_c04d39435ea4	kompas	kompas_regional	2026-03-25	no	expansion	qwen3:8b	Sebanyak 7 Kecamatan di Kabupaten Pasuruan Masih Terendam Banjir, Ketinggian Capai 1,5 Meter Regional 25 Maret 2026
ann_c0ad194ce192	kompas	kompas_money	2023-10-07	no	expansion	qwen3:8b	Imbas Kekeringan, Serapan Pupuk NPK Bersubsidi di NTT Belum Maksimal Money 7 Oktober 2023
ann_c1c42d081716	kompas	kompas_nasional	2025-04-05	yes	expansion	qwen3:8b	Bencana Longsor di Mojokerto Timbulkan 10 Korban Jiwa, Kemensos Segera Salurkan Bantuan News 5 April 2025
ann_c1ed6c2b8b54	beritajatim	beritajatim	2025-11-06	no	expansion	qwen3:8b	Tak Ingin Surabaya Terendam Banjir, Pemkot Minta Kontraktor Drainase Kerja 24 Jam
ann_c222a83e0b99	kompas	kompas_money	2025-12-12	no	expansion	qwen3:8b	Mentan: Pemerintah Kucurkan Rp 1,2 T Bantuan Pangan untuk Korban Bencana Sumatera Money 12 Desember 2025
ann_c26a480cf09c	kompas	kompas_money	2025-12-19	no	expansion	qwen3:8b	Bantuan Kemanusiaan Kementan-Bapanas Tahap II Tiba di Aceh, Gubernur Mualem Sampaikan Terima Kasih Money 19 Desember 2025
ann_c3cd42f970f8	kontan	kontan	2023-03-02	yes	expansion	qwen3:8b	Musim Panen Terancam Gagal, Sri Mulyani Imbau Petani Ikut Asuransi Pertanian
ann_c3e0128c9201	kompas	kompas_regional	2026-01-21	yes	expansion	qwen3:8b	Banjir di Pasuruan Belum Surut, Warga dan BPBD Buka Dapur Umum Regional 21 Januari 2026
ann_c4324ecb0b78	beritajatim	beritajatim	2023-07-09	yes	expansion	qwen3:8b	Khofifah Tinjau Posko Korban Banjir Lahar Dingin dan Longsor Lumajang
ann_c4897014d0b7	beritajatim	beritajatim	2025-11-24	yes	expansion	qwen3:8b	PDI Perjuangan Jatim Salurkan Bantuan untuk Warga Terdampak Erupsi Semeru di Supiturang Lumajang
ann_c49ddc28e7b3	beritajatim	beritajatim	2022-02-07	yes	expansion	qwen3:8b	Golkar Desak Mendag Lutfi Bekerja Maksimal Atasi Minyak Goreng
ann_c5df8a1f2b98	beritajatim	beritajatim	2021-04-11	yes	expansion	qwen3:8b	Petrokimia Salurkan 1000 Paket Sembako bagi Korban Gempa di Malang
ann_c68a33958010	detik	detik_news	2021-05-22	no	expansion	qwen3:8b	Mendes Minta Pendamping Desa Gotong-Royong Bantu Korban Gempa Blitar
ann_c692ee0008e8	beritajatim	beritajatim	2021-11-25	yes	expansion	qwen3:8b	Kadin Jatim Perkuat Sinergi Demi Percepatan Ekspor
ann_c734382f297e	beritajatim	beritajatim	2022-03-02	yes	expansion	qwen3:8b	Kunjungi Kampung Tempe, Puan Minta Kelangkaan Minyak Goreng Segera Diatasi
ann_c7ae8e3bf693	kompas	kompas_nasional	2021-12-05	yes	expansion	qwen3:8b	BNPB Kirim Bantuan Logistik Senilai Rp 1,1 Miliar untuk Korban Erupsi Gunung Semeru News 5 Desember 2021
ann_c8504f0d7c30	kompas	kompas_money	2023-03-26	no	expansion	qwen3:8b	Bapanas: 215.000 Ton Gula Impor Akan Tiba secara Bertahap Money 26 Maret 2023
ann_c8c2ac9aef6b	kontan	kontan	2023-12-15	yes	expansion	qwen3:8b	Pos Indonesia Akan Menyalurkan BLT El Nino Kepada 12.000 KPM di Malang
ann_c96ac7b7b9c7	kontan	kontan	2024-11-12	yes	expansion	qwen3:8b	Survei Pataka: Produktivitas Padi Turun, Harga Gabah dan Beras Fluktuatif
ann_c98e037b6c8f	beritajatim	beritajatim	2025-11-30	yes	expansion	qwen3:8b	Bulog Jatim Jamin Stok Beras Aman 15 Bulan, Siapkan 870 Ribu Ton Hadapi Nataru dan Lebaran
ann_ca231569bf04	detik	detik_finance	2021-07-22	yes	expansion	qwen3:8b	Stok Beras Aman, Mentan: Bahkan Over Stock di Beberapa Daerah
ann_ca267cac4b35	kompas	kompas_nasional	2021-04-30	no	expansion	qwen3:8b	Kabupaten Malang, Blitar, Lumajang Paling Parah Terdampak Gempa News 30 April 2021
ann_ca75f04f7703	detik	detik_finance	2023-07-17	yes	expansion	qwen3:8b	Hadapi El Nino, Mentan Genjot Produksi Pangan di 6 Provinsi Ini
ann_cad046b0c2a0	beritajatim	beritajatim	2026-05-02	yes	expansion	qwen3:8b	Pemkab Jember Perlu Petakan Lahan Pertanian yang Berpotensi Terdampak El Nino Godzilla
ann_cadde33548d5	beritajatim	beritajatim	2021-02-18	yes	expansion	qwen3:8b	Tanggap Bencana, Pelindo III Kirim Bantuan Bencana Nganjuk
ann_cb749f6b6efc	kontan	kontan	2021-01-15	no	expansion	qwen3:8b	Pasokan Pupuk subsidi seret, koordinasi pusat dan daerah dipertanyakan
ann_cb9a4155919d	kontan	kontan	2025-08-01	no	expansion	qwen3:8b	BPS: Produksi Beras Nasional Diprediksi Meningkat 11,17% di Kuartal III-2025
ann_cc1b9795cdd4	kompas	kompas_money	2021-04-11	no	expansion	qwen3:8b	Gempa Malang, Pertamina Pastikan Distribusi BBM dan Elpiji Aman Money 11 April 2021
ann_cc79c9aa1ccc	beritajatim	beritajatim	2021-11-04	no	expansion	qwen3:8b	Banjir Bandang Kota Batu, BPBD Temukan Satu Korban Meninggal
ann_ccc591d4e7e6	kompas	kompas_regional	2025-10-28	no	expansion	qwen3:8b	Dana TKD Jatim Dipotong Rp 2,8 Triliun Tahun Depan, Penyaluran Bansos Dipastikan Tetap Jalan Regional 28 Oktober 2025
ann_cda741f97486	kontan	kontan	2021-04-10	no	expansion	qwen3:8b	Gempa 6,7 di Malang terasa hingga Lombok, pengunjung mal berhamburan
ann_cdac266c521c	detik	detik_news	2025-04-03	no	expansion	qwen3:8b	Akses Batu-Mojokerto Terputus Imbas Longsor Jalur Pacet Jatim, Lalin Dialihkan
ann_ce39e897942b	kontan	kontan	2022-05-23	yes	expansion	qwen3:8b	Produksi Vaksin PMK Hewan Ternak Akan Selesai Sebelum Agustus
ann_ced335926852	kompas	kompas_regional	2025-12-17	yes	expansion	qwen3:8b	Pemkot Surabaya Mulai Awasi Harga dan Stok Pangan Jelang Nataru, Stok Beras Aman Regional 17 Desember 2025
ann_ced8dfdfc0e7	kompas	kompas_regional	2023-03-01	no	expansion	qwen3:8b	Hujan Deras Sebabkan Longsor di 5 Titik Kabupaten Malang, Sejumlah Akses Kendaraan Putus Regional 1 Maret 2023
ann_cf48e0a752af	detik	detik_news	2025-11-22	yes	expansion	qwen3:8b	Brimob Polda Jatim Gelar Operasi Kemanusiaan Bantu Korban Terdampak Erupsi Semeru
ann_cf6538b71864	beritajatim	beritajatim	2026-03-26	yes	expansion	qwen3:8b	Banjir Rendam Ribuan Hektare Sawah Pasuruan, Pemprov Jatim Siapkan Bantuan Benih untuk Petani
ann_cf766df23cfd	bisnis	bisnis	2023-10-15	no	expansion	qwen3:8b	Target Produksi Beras 2024 Naik Meski Ada El-Nino
ann_d025a485ffb7	kompas	kompas_nasional	2021-04-06	yes	expansion	qwen3:8b	Dua Pesawat TNI AU Kirim Bantuan Sembako bagi Korban Bencana Alam NTT News 6 April 2021
ann_d0a404428e4c	kompas	kompas_regional	2025-12-22	no	expansion	qwen3:8b	Menembus Banjir, Relawan Universitas Sunan Gresik dan Barakarsa Bawa Bantuan dan Harapan ke Aceh Tamiang Regional 22 Desember 2025
ann_d10eebfa4606	kompas	kompas_regional	2026-01-22	no	expansion	qwen3:8b	Dampak Banjir Pujon Malang, Lumpur dan Sampah Masuk Permukiman Warga Regional 22 Januari 2026
ann_d113c38c5340	beritajatim	beritajatim	2022-11-29	no	expansion	qwen3:8b	KPF Sumbang Sembako Untuk Korban Gempa Cianjur
ann_d1172908173e	beritajatim	beritajatim	2022-10-18	yes	expansion	qwen3:8b	Selain Mengaji, Pondok At Tahdzib Jombang Bekali Santrinya Budidaya Ikan
ann_d1fdc82f8ae5	beritajatim	beritajatim	2021-12-06	yes	expansion	qwen3:8b	Peduli Bencana Semeru, Polres Pelabuhan Tanjung Perak Kirim Bantuan Logistik
ann_d29cd8012466	beritajatim	beritajatim	2026-02-09	no	expansion	qwen3:8b	Mahasiswa Teknik Elektro Untag Surabaya Rancang Alat Pengering Padi Otomatis
ann_d2a2bbec97fa	kompas	kompas_regional	2025-04-03	no	expansion	qwen3:8b	Jalan Tertimbun Longsor di Pacet, Jalur Mojokerto - Batu Ditutup Total Regional 3 April 2025
ann_d31af5b1b25d	beritajatim	beritajatim	2023-12-14	yes	expansion	qwen3:8b	Ke Gudang Bulog Malang, Jokowi Serahkan Bantuan Pangan
ann_d32a1876bf03	kontan	kontan	2023-08-02	yes	expansion	qwen3:8b	Kemenko Perekonomian: Pergerakan Harga Pangan Saat Ini Masih Dipengaruhi El Nino
ann_d4096498bb7b	kontan	kontan	2023-03-11	no	expansion	qwen3:8b	Obat dan Gejala Leptospirosis, Wabah Penyakit Kencing Tikus Melanda Jawa Timur
ann_d42b8bc69f94	beritajatim	beritajatim	2021-12-09	no	expansion	qwen3:8b	Akses Masuk ke Lokasi Bencana Erupsi Semeru di Supiturang Lumajang Mulai Dibatasi
ann_d442cb175681	kompas	kompas_regional	2022-02-21	yes	expansion	qwen3:8b	Minyak Goreng Langka, Khofifah Minta Satgas Pangan Usut Proses Distribusi di Jatim Regional 21 Februari 2022
ann_d456bf41959b	beritajatim	beritajatim	2022-03-08	yes	expansion	qwen3:8b	PMII Desak Bupati Hendy Segera Dirikan Pabrik Pupuk Organik di Jember
ann_d46c1bf4401b	kompas	kompas_regional	2023-10-31	no	expansion	qwen3:8b	Gempa Bumi Magnitudo 4,9 Guncang Banyuwangi Regional 31 Oktober 2023
ann_d49f16955613	beritajatim	beritajatim	2026-02-06	no	expansion	qwen3:8b	Jalan Kabupaten di Andonosari Pasuruan Longsor, Akses Kendaraan Roda 4 Terputus Total
ann_d4c7f0d04ed1	beritajatim	beritajatim	2021-12-06	no	expansion	qwen3:8b	Bupati Kediri Perintahkan ASN Galang Donasi Bagi Korban Erupsi Semeru
ann_d506e761ef36	beritajatim	beritajatim	2026-03-27	yes	expansion	qwen3:8b	Banjir Beji Pasuruan Kian Parah, Kepala BNPB Soroti Luapan Sungai Wirati
ann_d545d0f40b90	kompas	kompas_regional	2026-03-03	no	expansion	qwen3:8b	Hujan Deras, Jalur Antarkecamatan di Pasuruan Tertutup Longsor, 3 Orang Luka-luka Regional 3 Maret 2026
ann_d601d53bb4a5	kompas	kompas_regional	2025-09-22	yes	expansion	qwen3:8b	Nasib Malang Nur Fadilah, Alami Patah Tulang Kejatuhan Bata Rumahnya akibat Terjangan Angin Kencang Regional 22 September 2025
ann_d61189417fa0	kompas	kompas_money	2022-11-30	yes	expansion	qwen3:8b	Komitmen Petrokimia Gresik Menjaga Stok Pupuk Nasional dari Kelangkaan Money 30 November 2022
ann_d651be0af833	kontan	kontan	2021-04-01	yes	expansion	qwen3:8b	Keluar dari Jebakan Impor Beras
ann_d67459312e29	beritajatim	beritajatim	2022-03-01	yes	expansion	qwen3:8b	Terancam Langka, Ada Apa dengan Makanan Sejuta Umat ‘Tahu Tempe’? Berikut Beberapa Faktanya
ann_d691017ef467	beritajatim	beritajatim	2025-12-06	no	expansion	qwen3:8b	Cuaca Ekstrem Nataru, DPRD Surabaya Dorong Penguatan Satgas Kampung Pancasila
ann_d6dcb30d19c1	kompas	kompas_money	2023-07-24	yes	expansion	qwen3:8b	Antisipasi El Nino, Mentan Minta Kadis Pertanian Se-Jawa Timur Kejar Tanam Padi Money 24 Juli 2023
ann_d6ea6290e756	kontan	kontan	2022-02-23	no	expansion	qwen3:8b	Larangan Truk ODOL Berimbas ke Lonjakan Harga Pangan
ann_d6fb5429b08e	kompas	kompas_regional	2021-04-14	no	expansion	qwen3:8b	Rumah Rusak akibat Gempa Malang Akan Dapat Bantuan Rp 50 Juta Regional 14 April 2021
ann_d776cc908505	kompas	kompas_nasional	2021-04-11	yes	expansion	qwen3:8b	UPDATE Gempa Malang: 8 Orang Meninggal, 3 Luka Berat News 11 April 2021
ann_d7a191eab5db	kompas	kompas_regional	2022-05-10	yes	expansion	qwen3:8b	Antisipasi Wabah PMK dari 4 Kabupaten di Jatim, Ini yang Dilakukan Rumah Potong Hewan di Surabaya Regional 10 Mei 2022
ann_d7e9b023afcc	kompas	kompas_regional	2025-08-14	yes	expansion	qwen3:8b	Beras Medium di Jember Langka Namun SPHP Tak Diminati Regional 14 Agustus 2025
ann_d9ea755edf07	beritajatim	beritajatim	2022-10-25	no	expansion	qwen3:8b	Cuaca Ekstrem Sepekan ke Depan, Wawali Armuji Imbau Warga Surabaya Waspada
ann_daa3de585b6b	kontan	kontan	2021-04-10	no	expansion	qwen3:8b	Dampak gempa Malang, rumah warga di Lumajang rusak
ann_daabd86b28b8	kompas	kompas_regional	2023-03-01	yes	expansion	qwen3:8b	KRI Malahayati Kirim Bantuan Bahan Pokok ke Pulau Masalembu yang Terisolasi karena Cuaca Ekstrem Regional 1 Maret 2023
ann_daaf0d8f6740	kompas	kompas_regional	2026-02-04	no	expansion	qwen3:8b	Pemkab Pasuruan Aktifkan Shelter di 3 Kecamatan Rawan Banjir: Respons Bakal Lebih Cepat Regional 4 Februari 2026
ann_dab3de24797b	beritajatim	beritajatim	2023-08-13	yes	expansion	qwen3:8b	Ribuan Paket Sembako Pasar Murah BUMN Diserbu Warga Surabaya
ann_db0ec0c23231	beritajatim	beritajatim	2026-04-20	no	expansion	qwen3:8b	Mentan Amran Tinjau Gudang Bulog Sidoarjo, Stok Beras Nasional Capai Rekor 4,9 Juta Ton
ann_db39da502698	beritajatim	beritajatim	2022-05-25	yes	expansion	qwen3:8b	Khofifah: 15 Daerah di Jatim Zona Hijau PMK dan Tetap Suplai Daging Sapi
ann_db8cade17902	beritajatim	beritajatim	2024-05-02	yes	expansion	qwen3:8b	Anggota Wantimpres RI, Soekarwo Penggerak Ketahanan Pangan
ann_db986f693c25	kontan	kontan	2023-12-14	yes	expansion	qwen3:8b	Presiden Jokowi: Jika APBN Cukup, Bantuan Pangan CBP Akan Dilanjutkan
ann_dc356a441e57	kompas	kompas_regional	2023-10-03	yes	expansion	qwen3:8b	Kemarau Panjang, Pemkab Banyuwangi Minta Petani Hemat Air dan Lapor jika Kekurangan Regional 3 Oktober 2023
ann_dc5548aeed2b	detik	detik_finance	2023-12-15	yes	expansion	qwen3:8b	Pemerintah Sudah Habiskan Rp 1.060 T buat Bansos-Subsidi, Ini Rinciannya
ann_dc5f6ed4fac6	detik	detik_finance	2023-02-18	yes	expansion	qwen3:8b	Jokowi Buka Suara Jelaskan Alasan Harus Impor Beras
ann_dc701d9ceb31	kontan	kontan	2021-05-22	no	expansion	qwen3:8b	Pertamina pastikan pasokan BBM dan LPG aman di jawa Timur pasca gempa
ann_dcf4514ef0b2	beritajatim	beritajatim	2021-05-21	no	expansion	qwen3:8b	Dampak Gempa Bumi 6,2 SR Bikin Warga Trauma, BPBD Malang: 27 Rumah Rusak
ann_de5220310ffd	detik	detik_finance	2026-04-19	no	expansion	qwen3:8b	Mentan Kunjungi Gudang di Jatim, Dirut BULOG Pastikan Stok Pangan Aman
ann_de7f9e5213f9	kompas	kompas_nasional	2021-12-07	yes	expansion	qwen3:8b	Pesawat C-130 Hercules TNI AU Kirim 12 Ton Bansos untuk Warga Terdampak Erupsi Semeru News 7 Desember 2021
ann_df4378229a3b	detik	detik_finance	2023-11-23	yes	expansion	qwen3:8b	Mentan Dorong Penyuluh-Petani di Jatim Tingkatkan Produksi Padi & Jagung
ann_dfa9e5da333f	beritajatim	beritajatim	2025-04-04	no	expansion	qwen3:8b	Ini Daftar 10 Korban Longsor di Jalur Mojokerto-Batu
ann_e0054bc5930b	kontan	kontan	2021-10-20	no	expansion	qwen3:8b	Solar langka, apakah Indonesia krisis energi? Ini penjelasan Pertamina
ann_e00a0d6fda2e	kontan	kontan	2021-04-09	yes	expansion	qwen3:8b	Program Agro Solution Pupuk Indonesia raih penghargaan inovasi terbaik
ann_e13533b1016a	beritajatim	beritajatim	2025-12-13	no	expansion	qwen3:8b	Relawan Unesa Salurkan Logistik dan Layanan Kesehatan untuk Korban Banjir di Aceh
ann_e2afaf26e2b7	beritajatim	beritajatim	2026-03-13	no	expansion	qwen3:8b	Jaga Nadi Logistik Ujung Barat, Pelindo Marine Siaga 24/7 Jelang Lebaran 1447 H
ann_e3ef32cb069c	kompas	kompas_regional	2021-05-21	no	expansion	qwen3:8b	Gempa Bumi 6,2 Magnitudo Guncang Kabupaten Blitar, Tidak Berpotensi Tsunami Regional 21 Mei 2021
ann_e44e94437b47	kompas	kompas_money	2021-12-05	no	expansion	qwen3:8b	Pastikan Layanan Lancar, TelkomGroup Lakukan Rerouting Jaringan di Lumajang dan Sekitarnya usai Semeru Erupsi Money 5 Desember 2021
ann_e4a699b70195	beritajatim	beritajatim	2025-11-24	no	expansion	qwen3:8b	165 Warga Lumajang Jalani Perawatan Pascabencana Erupsi Awan Panas Semeru
ann_e5e2cba871b2	kompas	kompas_regional	2025-10-22	yes	expansion	qwen3:8b	Hujan Deras Guyur Kota Malang, BPBD Catat 22 Titik Banjir Regional 22 Oktober 2025
ann_e624e8fa9b57	beritajatim	beritajatim	2021-11-05	yes	expansion	qwen3:8b	Gercep, Khofifah ‘Turun Gunung’ Langsung Tangani Banjir Bandang Kota Batu
ann_e6757d3d4d6e	detik	detik_finance	2021-04-10	no	expansion	qwen3:8b	Malang Diguncang Gempa M 6,7, Stok BBM dan LPG Dipastikan Aman
ann_e6a33d2759e0	kompas	kompas_regional	2025-04-04	no	expansion	qwen3:8b	Warga Sidoarjo yang Tewas dalam Longsor di Jalur Pacet-Cangar Dievakuasi Regional 4 April 2025
ann_e6c0af357e9f	beritajatim	beritajatim	2024-12-05	yes	expansion	qwen3:8b	Demand Pupuk, Ekspektasi Petani, dan Inovasi Pengusaha
ann_e6da7db76fd6	kontan	kontan	2025-12-10	no	expansion	qwen3:8b	Kemendagri Tetapkan 43 Daerah Paling Inovatif di Ajang IGA 2025
ann_e772691e70cb	beritajatim	beritajatim	2021-05-21	no	expansion	qwen3:8b	Gempa Berkekuatan 6,2 SR Kembali Guncang Malang
ann_e80223eb2440	kontan	kontan	2023-01-30	yes	expansion	qwen3:8b	Suplai Minyakita Berkurang, Mendag Minta Produsen Naikkan Produksi 50%
ann_e84f09840282	beritajatim	beritajatim	2021-04-10	no	expansion	qwen3:8b	Sarana dan Fasilitas Distribusi Energi Jatim Dipastikan Aman
ann_e87747232b2c	kompas	kompas_regional	2025-04-03	no	expansion	qwen3:8b	Longsor Timbun 2 Mobil di Pacet Mojokerto, Satu Orang Ditemukan Meninggal Regional 3 April 2025
ann_e8a64c32072a	beritajatim	beritajatim	2021-12-05	yes	expansion	qwen3:8b	Peduli Bencana Gunung Semeru, Pemkot Kediri Kirim Tim BPBD dan Bantuan
ann_e9296cd092ca	kompas	kompas_regional	2023-02-21	yes	expansion	qwen3:8b	2.101 Hektare Sawah di Jatim Terendam Banjir, 186 Hektare Gagal Panen Regional 21 Februari 2023
ann_e92c2bd3c099	beritajatim	beritajatim	2022-10-29	yes	expansion	qwen3:8b	Petrokimia Gresik Salurkan 500 Paket Sembako ke Warga Cermen
ann_e969076d03ec	kontan	kontan	2026-03-16	no	expansion	qwen3:8b	BMKG Prediksi 75 Persen Wilayah di Jatim Alami Kemarau Lebih Panjang pada 2026
ann_e97c410969fb	detik	detik_news	2021-04-10	no	expansion	qwen3:8b	Pakar Sebut Lempeng Lokasi Gempa Malang Terus Bergeser 7 Cm per Tahun
ann_e9a0d1bd4b93	kontan	kontan	2025-10-01	no	expansion	qwen3:8b	Produksi Jagung Pipilan Diprediksi Naik 1,19 Juta Ton pada Januari-November 2025
ann_ea7b28639595	beritajatim	beritajatim	2021-12-07	yes	expansion	qwen3:8b	Banyuwangi Kirim Bantuan Logistik dan Relawan Untuk Korban Erupsi Semeru
ann_eaa34abf8b45	kompas	kompas_regional	2021-04-10	no	expansion	qwen3:8b	Gempa Guncang Malang, Terasa hingga Yogyakarta, Ini Posisi Pusat Gempa Regional 10 April 2021
ann_eab002b1de8f	kontan	kontan	2022-12-21	no	expansion	qwen3:8b	BMKG Mencatat Gempa Magnitudo 4,8 di Trenggalek, Karangkates, Blitar, dan Lumajang
ann_eb2402d5a0be	beritajatim	beritajatim	2025-12-17	no	expansion	qwen3:8b	Fraksi PDIP DPRD Jatim Desak Percepatan Perbaikan Jalur Rawan Longsor Pacet dan Malang-Pujon
ann_eb2a43241e2a	beritajatim	beritajatim	2021-05-06	yes	expansion	qwen3:8b	JIIPE Gelontor Ratusan Sembako di Delapan Desa Ring Satu
ann_ebb5656755bd	beritajatim	beritajatim	2025-09-26	no	expansion	qwen3:8b	Update Gempa Bumi M5,7 Banyuwangi, Berdampak juga di Bondowoso hingga Bali
ann_ecb7a9455412	beritajatim	beritajatim	2021-04-15	yes	expansion	qwen3:8b	PG dan BRI Jamin Akses Permodalan Petani Jatim
ann_ed4b814bdc79	kontan	kontan	2023-08-09	no	expansion	qwen3:8b	Antisipasi EL Nino, Pemerintah Siapkan KUR Alsintan Rp 5 Miliar untuk Petani
ann_ed5a1ac35ee4	detik	detik_finance	2024-04-24	yes	expansion	qwen3:8b	Harga Bawang Merah Diprediksi Turun 30 Hari Lagi
ann_ed8fde5d3cf6	detik	detik_news	2021-05-21	no	expansion	qwen3:8b	Cerita Sandiaga Uno Saat Diguncang Gempa Blitar M 5,9
ann_edcc6d66abb6	beritajatim	beritajatim	2022-05-12	yes	expansion	qwen3:8b	30 Ekor Sapi di Kabupaten Mojokerto Sembuh dari Wabah PMK
ann_ee37c8f30372	detik	detik_news	2021-12-05	no	expansion	qwen3:8b	RSD dr. Soebandi Jember Terima Rujukan Dua Pasien Korban Erupsi Semeru
ann_ee5f31996bca	kompas	kompas_regional	2023-07-18	no	expansion	qwen3:8b	Hadapi El Nino, Mentan Targetkan Banten Produksi 1,5 Juta Ton Beras Regional 18 Juli 2023
ann_eea3d33c0265	kompas	kompas_money	2024-02-28	yes	expansion	qwen3:8b	Mentan Klaim Beras Surplus, tapi Kenapa Impor Ditambah? Money 28 Februari 2024
ann_eed23389106f	kontan	kontan	2024-04-24	no	expansion	qwen3:8b	Badan Pangan Perkirakan Harga Bawang Merah akan Normal Dalam Satu Bulan ke Depan
ann_eeec81b799f1	beritajatim	beritajatim	2026-01-08	no	expansion	qwen3:8b	Longsor di Pulau Bawean Gresik Terjadi Lagi, Penebangan Pohon Jadi Sorotan Utama
ann_ef07f3b2fa61	kompas	kompas_regional	2023-11-03	yes	expansion	qwen3:8b	Harga Beras di Kabupaten Malang Mulai Terkendali, Bulog Jual CBP Af Seharga Rp 9.950 Per Kilogram Regional 3 November 2023
ann_ef8172315aa3	beritajatim	beritajatim	2026-01-07	yes	expansion	qwen3:8b	Percikan Knalpot Diesel Hanguskan Gudang Penggilingan Padi di Blitar
ann_efa5c9da3436	beritajatim	beritajatim	2021-12-07	yes	expansion	qwen3:8b	PKS Jatim: Pemerintah Harus Pikirkan Hunian Korban Erupsi Semeru
ann_f0a266bba849	kompas	kompas_nasional	2021-07-06	no	expansion	qwen3:8b	Pastikan Ketersediaan Oksigen, Menko PMK Datangi Produsen Oksigen Terbesar di Indonesia News 6 Juli 2021
ann_f1bc0da3328b	beritajatim	beritajatim	2026-01-21	yes	expansion	qwen3:8b	Banjir Belum Surut, Warga Pasuruan Dirikan Dapur Umum Mandiri di Tingkat Desa
ann_f39f11f8b1fc	beritajatim	beritajatim	2024-10-18	no	expansion	qwen3:8b	Sugirah Beber Kunci Banyuwangi Raih Tiga Besar TPID Tingkat Provinsi Jatim
ann_f3d1d748f42e	kompas	kompas_regional	2025-06-12	no	expansion	qwen3:8b	Banjir Luapan Kali Lamong, Pemprov Jatim Akan Bangun Dinding Penahan dan Kolam Retensi Regional 12 Juni 2025
ann_f3dec871777b	kompas	kompas_regional	2021-05-22	no	expansion	qwen3:8b	Agar Bantuan Gempa Blitar Cepat Cair, Khofifah: Data Kerusakan Segera Diajukan ke BNPB Regional 22 Mei 2021
ann_f40653846202	kompas	kompas_money	2021-02-03	no	expansion	qwen3:8b	Dukung Ketahanan Pangan Nasional, Kementan Galakkan Program Percepatan Tanam Money 3 Februari 2021
ann_f44a9477bf55	beritajatim	beritajatim	2026-01-27	no	expansion	qwen3:8b	Satlantas Polres Malang Petakan Jalur Tengkorak dan Titik Rawan Bencana Jelang Ramadhan
ann_f48262525392	kontan	kontan	2025-12-25	no	expansion	qwen3:8b	Pertamina Patra Niaga Perkuat Pasokan Energi Jelang Nataru 2025/2026
ann_f4b479f7b1a7	beritajatim	beritajatim	2026-03-25	no	expansion	qwen3:8b	Modifikasi Cuaca Jatim Berakhir, Tiga Wilayah Masih Dikepung Banjir
ann_f7056a824a40	kontan	kontan	2021-12-26	no	expansion	qwen3:8b	Harga Minyak Goreng Masih Mahal, Ini yang Dilakukan Kemendag
ann_f72807158b4b	beritajatim	beritajatim	2021-04-11	yes	expansion	qwen3:8b	Kisah Haru Ayah Sukri Saat Gempa di Malang
ann_f74592befa94	kontan	kontan	2021-06-25	no	expansion	qwen3:8b	Gencar koordinasi, Kemenkes pastikan stok tabung oksigen untuk sektor medis aman
ann_f763bfdeaf6c	kompas	kompas_regional	2025-11-03	yes	expansion	qwen3:8b	Banjir Terjang Lumajang, 88 Hektar Sawah di 5 Kecamatan Terendam Regional 3 November 2025
ann_f7719ad63255	beritajatim	beritajatim	2023-10-10	yes	expansion	qwen3:8b	Pj Wali Kota Malang Ikuti Instruksi Khofifah Soal Cadangan Beras Pemerintah
ann_f787922c274a	beritajatim	beritajatim	2023-03-01	yes	expansion	qwen3:8b	Khofifah Lepas KRI Malahayati 362 Bawa Bantuan Logistik ke Masalembu
ann_f7a83631d445	beritajatim	beritajatim	2026-01-22	no	expansion	qwen3:8b	Awas Cuaca Ekstrem Jawa Timur Meningkat! Waspada Banjir, Longsor dan Angin Kencang
ann_f7ae0cbe7a1e	kontan	kontan	2022-01-10	yes	expansion	qwen3:8b	Kemendag Pastikan Stok Bahan Pokok Aman Walau Ada Kenaikan Harga
ann_f7c70b1455aa	beritajatim	beritajatim	2026-05-13	yes	expansion	qwen3:8b	DPRD Surabaya Bongkar Dugaan Dapur MBG Tak Higienis di Hadapan Natalius Pigai
ann_f8a0ab914e3d	kompas	kompas_money	2021-04-01	yes	expansion	qwen3:8b	2,1 Juta Ton Pupuk Subsidi Disiapkan untuk 6 Minggu ke Depan Money 1 April 2021
ann_f90979de298a	beritajatim	beritajatim	2026-01-17	yes	expansion	qwen3:8b	Hujan Deras Picu Longsor di Pasean Pamekasan, Jalan Desa Lumpuh Total
ann_f9b1cacec45a	kompas	kompas_regional	2025-11-07	no	expansion	qwen3:8b	Cuaca Ekstrem, Pemkot Surabaya Bersihkan Saluran dan Tambah Rumah Pompa Regional 7 November 2025
ann_fa61f45c80da	beritajatim	beritajatim	2025-11-21	yes	expansion	qwen3:8b	161 Ternak di Lumajang Selamat dari Erupsi Semeru, Pemkab Siapkan Bantuan Pakan
ann_fa6a8033fc1f	kontan	kontan	2021-12-04	no	expansion	qwen3:8b	Gunung Semeru erupsi, Bupati Lumajang: Kecamatan Pronojiwo dan Candipuro gelap
ann_fa9622bebe87	kompas	kompas_regional	2021-04-10	no	expansion	qwen3:8b	Satu Orang Tewas Tertimpa Batu Besar Saat Gempa Malang Regional 10 April 2021
ann_fad770a09c4d	kompas	kompas_regional	2021-05-21	no	expansion	qwen3:8b	Dampak Gempa 5,9 Magnitudo di Blitar, Nenek Baru Operasi Patah Kaki Lari ke Luar Rumah, Gedung Kampus Retak Regional 21 Mei 2021
ann_fb3fd20b7fe5	beritajatim	beritajatim	2026-05-08	no	expansion	qwen3:8b	Gudang Proyek di Surabaya Terbakar Saat Salat Jumat, Diduga Akibat Kompor Lupa Dimatikan
ann_fb7556e1648b	kompas	kompas_regional	2022-03-02	yes	expansion	qwen3:8b	4 Desa di Kecamatan Porong Sidoarjo Terendam Banjir Regional 2 Maret 2022
ann_fbc5fbf2e724	kompas	kompas_regional	2026-03-26	yes	expansion	qwen3:8b	Tinjau Banjir Rejoso Pasuruan, Khofifah Sebut 10 Pompa Air Tak Maksimal karena Sungai Meluap Regional 26 Maret 2026
ann_fbfae13af548	kompas	kompas_regional	2026-01-22	no	expansion	qwen3:8b	Kasus Petani Selamatkan Dua Ekor Landak Jawa di Madiun, Hakim Putus Hukuman Percobaan tapi Jaksa Langsung Banding Regional 22 Januari 2026
ann_fc1cd51d3c54	beritajatim	beritajatim	2021-12-05	yes	expansion	qwen3:8b	BPBD Bojonegoro Kirim Personil Bantu Evakuasi Korban Erupsi Semeru
ann_fc1d63eb7162	kontan	kontan	2021-04-10	no	expansion	qwen3:8b	Penyebab gempa Malang menurut peneliti bencana ITS Surabaya
ann_fc5a1532668c	detik	detik_finance	2026-03-24	uncertain	expansion	qwen3:8b	Industri Keramik RI Dihantam Produk Impor China & India
ann_fc791573a66e	beritajatim	beritajatim	2026-02-10	yes	expansion	qwen3:8b	Jelang Ramadan, Satgas Pangan Polresta Malang Kota Sidak Pasar Bunulrejo
ann_fce7efb9d260	detik	detik_news	2025-11-19	no	expansion	qwen3:8b	3 Desa di Lumajang Terdampak Erupsi Gunung Semeru, 300 Warga Mengungsi
ann_fcf512722fb7	beritajatim	beritajatim	2022-11-28	no	expansion	qwen3:8b	Damkar Malang, Kediri, Tulungagung Padamkan Kebakaran Pasar Kesamben Blitar
ann_fd237736f0d0	kompas	kompas_regional	2025-11-28	no	expansion	qwen3:8b	Simulasi Bencana di Kawasan Industri Surabaya, Belajar Tetap Tenang di Tengah Ancaman Nyata Regional 28 November 2025
ann_fd9ca2e1142e	beritajatim	beritajatim	2021-02-21	no	expansion	qwen3:8b	Banjir Jakarta Ganggu Perjalanan Kereta Api, KAI Daop 7 Madiun Mohon Maaf
ann_fe5ac75faca0	kompas	kompas_money	2022-12-06	yes	expansion	qwen3:8b	Petrokimia Gresik Kirim Bantuan 1.000 Paket Sembako untuk Korban Erupsi Gunung Semeru Money 6 Desember 2022
ann_fe70b0716da8	kompas	kompas_regional	2026-01-22	no	expansion	qwen3:8b	Update Banjir Pasuruan, Ratusan KK di Rejoso dan Winongan Masih Terendam hingga 60 Cm Regional 22 Januari 2026
ann_ff119bd50411	beritajatim	beritajatim	2026-02-14	no	expansion	qwen3:8b	Banjir Landa 23 Desa di Jember, 7.445 Keluarga Jadi Korban
ann_ff3acee47a6b	detik	detik_news	2021-12-19	yes	expansion	qwen3:8b	Saat Polisi Sidoarjo Serahkan Langsung Bantuan ke Korban Erupsi Semeru
ann_ff42dc410626	kompas	kompas_regional	2026-05-08	yes	expansion	qwen3:8b	Dulu Berebut Air, Kini Petani Banyuwangi Bisa Bertahan Hadapi Kemarau Regional 8 Mei 2026
ann_0908fbe7f56e			2022-05-25	yes	chat	chatbot-frontier	
ann_09a30578bc1f			2024-09-02	no	chat	chatbot-frontier	
ann_09f74c5c8685			2024-01-12	no	chat	chatbot-frontier	
ann_0a3d5c2ffcff			2026-01-07	yes	chat	chatbot-frontier	
ann_0a5dc4ecedea			2025-11-11	no	chat	chatbot-frontier	
ann_0a74db204b84			2025-03-28	yes	chat	chatbot-frontier	
ann_0ac183a48b3a			2021-11-18	no	chat	chatbot-frontier	
ann_0ad3e69dd9d8			2025-11-19	no	chat	chatbot-frontier	
ann_0adeb59f9bce			2024-03-08	no	chat	chatbot-frontier	
ann_0b34ed522140			2026-01-17	yes	chat	chatbot-frontier	
ann_0bdc5017af92			2026-03-11	no	chat	chatbot-frontier	
ann_0cbe685de532			2024-04-20	yes	chat	chatbot-frontier	
ann_0cfd36f1713c			2021-12-03	no	chat	chatbot-frontier	
ann_0d14074ee24c			2026-01-05	yes	chat	chatbot-frontier	
ann_0d2c51f5fe33			2025-10-28	no	chat	chatbot-frontier	
ann_0d590881c4f8			2026-01-28	no	chat	chatbot-frontier	
ann_0d6b35a94899			2025-01-11	no	chat	chatbot-frontier	
ann_0d8006a412d0			2025-12-08	no	chat	chatbot-frontier	
ann_0dd075b5e86e			2024-03-04	no	chat	chatbot-frontier	
ann_0dd1d5be93e5			2024-04-21	yes	chat	chatbot-frontier	
ann_0e0baf6162ed			2021-04-06	no	chat	chatbot-frontier	
ann_0e4b6d182502			2025-10-06	uncertain	chat	chatbot-frontier	
ann_0eb6ee75a883			2022-11-21	no	chat	chatbot-frontier	
ann_0ec78e0eb146			2024-04-27	no	chat	chatbot-frontier	
ann_0ed118fd673a			2024-02-07	no	chat	chatbot-frontier	
ann_0ee12942987d			2021-01-09	yes	chat	chatbot-frontier	
ann_0f5392042f31			2025-05-10	no	chat	chatbot-frontier	
ann_0f5d1533f0f5			2022-09-14	no	chat	chatbot-frontier	
ann_0f896e140a97			2025-01-27	no	chat	chatbot-frontier	
ann_0f8ec21b5398			2024-12-14	no	chat	chatbot-frontier	
ann_100edd3bf182			2026-05-09	no	chat	chatbot-frontier	
ann_10100c13061b			2025-10-23	yes	chat	chatbot-frontier	
ann_11034d6d694a			2022-12-06	no	chat	chatbot-frontier	
ann_12525dc9af96			2026-01-15	yes	chat	chatbot-frontier	
ann_12a12f05e451			2024-06-01	yes	chat	chatbot-frontier	
ann_1325904c6d18			2021-12-17	no	chat	chatbot-frontier	
ann_1336716d4a6a			2023-09-13	yes	chat	chatbot-frontier	
ann_1340f4adc067			2024-04-19	yes	chat	chatbot-frontier	
ann_1345fe3d8991			2021-11-11	no	chat	chatbot-frontier	
ann_1370005aec63			2024-09-03	no	chat	chatbot-frontier	
ann_1462add7b302			2021-10-22	no	chat	chatbot-frontier	
ann_149d77efd856			2024-07-15	no	chat	chatbot-frontier	
ann_14ef2607bbd3			2021-07-16	no	chat	chatbot-frontier	
ann_1590a391840e			2023-12-09	no	chat	chatbot-frontier	
ann_159ed5bf81d9			2023-10-13	uncertain	chat	chatbot-frontier	
ann_15a43a38c1c5			2022-01-18	no	chat	chatbot-frontier	
ann_15aa81c08730			2022-11-25	yes	chat	chatbot-frontier	
ann_15e1d4435fbc			2024-04-19	yes	chat	chatbot-frontier	
ann_1621be20d009			2021-11-17	no	chat	chatbot-frontier	
ann_166658be5a97			2021-11-10	no	chat	chatbot-frontier	
ann_16e659b0bc79			2025-09-30	no	chat	chatbot-frontier	
ann_17308dc95ccc			2024-05-24	yes	chat	chatbot-frontier	
ann_173232823f05			2021-10-01	yes	chat	chatbot-frontier	
ann_175deb1ffa00			2023-09-05	no	chat	chatbot-frontier	
ann_1787186b378d			2025-11-26	no	chat	chatbot-frontier	
ann_17c961f87115			2026-04-18	no	chat	chatbot-frontier	
ann_1815d7109e98			2026-02-03	yes	chat	chatbot-frontier	
ann_181a26fc1d93			2025-04-04	no	chat	chatbot-frontier	
ann_181a9a60e118			2025-11-18	no	chat	chatbot-frontier	
ann_181ab58fb23e			2025-03-06	no	chat	chatbot-frontier	
ann_183fed6e4c43			2026-02-08	yes	chat	chatbot-frontier	
ann_1845ac0b6507			2025-11-19	no	chat	chatbot-frontier	
ann_185b37f804d2			2026-02-03	no	chat	chatbot-frontier	
ann_186e19bf0855			2025-04-15	no	chat	chatbot-frontier	
ann_18c2dd949f20			2023-10-05	no	chat	chatbot-frontier	
ann_18f50de13186			2024-10-10	no	chat	chatbot-frontier	
ann_1904390ddcf1			2026-01-27	no	chat	chatbot-frontier	
ann_194f3099d91f			2025-11-09	no	chat	chatbot-frontier	
ann_19726ad2718a			2021-08-04	no	chat	chatbot-frontier	
ann_1a27f6a09447			2025-01-22	no	chat	chatbot-frontier	
ann_1a7389311cb9			2025-11-05	yes	chat	chatbot-frontier	
ann_1a757c1b99c0			2025-07-17	no	chat	chatbot-frontier	
ann_1aecfd5d5337			2021-01-05	yes	chat	chatbot-frontier	
ann_1b7735c3a576			2026-01-22	no	chat	chatbot-frontier	
ann_1ba861800a9a			2024-11-30	no	chat	chatbot-frontier	
ann_1c5fbc2db811			2026-04-11	no	chat	chatbot-frontier	
ann_1c72a9734fc5			2024-02-18	no	chat	chatbot-frontier	
ann_1c8ebce1f3e7			2023-06-26	no	chat	chatbot-frontier	
ann_1cae5c973d3e			2025-10-14	no	chat	chatbot-frontier	
ann_1cda0b1fdb1b			2023-07-24	yes	chat	chatbot-frontier	
ann_1d36bbc80a2f			2023-12-02	no	chat	chatbot-frontier	
ann_1d4c9f4e5a90			2022-01-09	no	chat	chatbot-frontier	
ann_1dfb1c3ded9d			2025-09-25	no	chat	chatbot-frontier	
ann_1e04a38f3166			2024-02-13	no	chat	chatbot-frontier	
ann_1e17f7527b26			2021-02-18	no	chat	chatbot-frontier	
ann_1e1d8ae81d1f			2021-12-18	no	chat	chatbot-frontier	
ann_1e8647cfdb9a			2024-02-13	no	chat	chatbot-frontier	
ann_1ed0f3c28268			2026-02-16	no	chat	chatbot-frontier	
ann_1f009c04dff0			2023-12-13	no	chat	chatbot-frontier	
ann_1f07347ee966			2021-07-06	yes	chat	chatbot-frontier	
ann_1f51cab1a84c			2023-04-14	no	chat	chatbot-frontier	
ann_1f76a33f01ce			2024-12-11	no	chat	chatbot-frontier	
ann_1fa631aa5845			2025-01-08	no	chat	chatbot-frontier	
ann_1fc45ec8d07c			2026-01-27	no	chat	chatbot-frontier	
ann_20221ea5983b			2024-10-28	no	chat	chatbot-frontier	
ann_203966e81d5a			2023-04-14	no	chat	chatbot-frontier	
ann_20c944600ba4			2025-12-12	yes	chat	chatbot-frontier	
ann_2126b061c0ce			2025-06-11	no	chat	chatbot-frontier	
ann_2180f8f6bf99			2025-02-21	no	chat	chatbot-frontier	
ann_21ccda44c7c7			2025-07-11	yes	chat	chatbot-frontier	
ann_22717f5b2f8b			2025-01-07	yes	chat	chatbot-frontier	
ann_2282f2865bcf			2022-02-16	no	chat	chatbot-frontier	
ann_22b9ba42469c			2022-12-24	no	chat	chatbot-frontier	
ann_22fe0c0321b2			2026-02-06	no	chat	chatbot-frontier	
ann_2355a1bdbc57			2026-05-15	no	chat	chatbot-frontier	
ann_23c061954e60			2021-02-01	no	chat	chatbot-frontier	
ann_23cd446562b6			2024-04-24	yes	chat	chatbot-frontier	
ann_241abe4e03ba			2023-01-09	no	chat	chatbot-frontier	
ann_2434ac2ff340			2024-02-29	no	chat	chatbot-frontier	
ann_24531d41ec58			2021-07-07	no	chat	chatbot-frontier	
ann_250ba74946c4			2021-11-22	no	chat	chatbot-frontier	
ann_251cd88d7038			2023-04-14	no	chat	chatbot-frontier	
ann_254423ef0c86			2024-09-10	no	chat	chatbot-frontier	
ann_256faac006cb			2024-08-27	yes	chat	chatbot-frontier	
ann_25e76b44efda			2021-11-01	no	chat	chatbot-frontier	
ann_25e8737703cd			2024-12-11	no	chat	chatbot-frontier	
ann_25f1f233590a			2024-03-22	no	chat	chatbot-frontier	
ann_262a74787fa3			2024-11-18	yes	chat	chatbot-frontier	
ann_264af9815cf9			2023-01-17	no	chat	chatbot-frontier	
ann_264e39dc9692			2025-12-16	no	chat	chatbot-frontier	
ann_26516f85d2f0			2022-05-26	no	chat	chatbot-frontier	
ann_2662fc6ee712			2023-10-21	no	chat	chatbot-frontier	
ann_26d1ab14b4d5			2022-05-11	yes	chat	chatbot-frontier	
ann_26fae1b6979e			2023-12-08	no	chat	chatbot-frontier	
ann_2712336c967a			2023-03-24	no	chat	chatbot-frontier	
ann_27363f376a37			2024-01-23	no	chat	chatbot-frontier	
ann_275d2794940b			2026-03-02	yes	chat	chatbot-frontier	
ann_2768e86c0ca5			2023-03-17	no	chat	chatbot-frontier	
ann_2776aee20afc			2021-08-25	no	chat	chatbot-frontier	
ann_27b857f0df49			2025-12-12	no	chat	chatbot-frontier	
ann_285ce65b99c5			2025-08-05	no	chat	chatbot-frontier	
ann_2887e31ae43e			2024-09-17	no	chat	chatbot-frontier	
ann_28964d71af67			2026-01-23	no	chat	chatbot-frontier	
ann_293a14d7ab23			2026-04-27	no	chat	chatbot-frontier	
ann_295500b44907			2024-11-05	no	chat	chatbot-frontier	
ann_29774e852930			2025-09-25	no	chat	chatbot-frontier	
ann_29e5fe3d3cac			2021-02-04	no	chat	chatbot-frontier	
ann_2a43b6388c59			2025-02-10	no	chat	chatbot-frontier	
ann_2a6695e07273			2024-11-30	no	chat	chatbot-frontier	
ann_2a8c2af3c8a9			2026-02-03	no	chat	chatbot-frontier	
ann_2aa82728ac53			2023-02-11	no	chat	chatbot-frontier	
ann_2addda3d14b5			2026-03-29	no	chat	chatbot-frontier	
ann_2aeeedb5ca20			2021-10-17	yes	chat	chatbot-frontier	
ann_2b0a5ae8383a			2024-12-06	no	chat	chatbot-frontier	
ann_2b816ed76263			2025-05-22	no	chat	chatbot-frontier	
ann_2b94f6666f26			2026-05-01	no	chat	chatbot-frontier	
ann_2c0223ad1361			2025-10-27	yes	chat	chatbot-frontier	
ann_2c21f311b64b			2022-05-27	no	chat	chatbot-frontier	
ann_2c759e5fc8fe			2026-02-04	yes	chat	chatbot-frontier	
ann_2c7fa6af4f44			2023-08-25	no	chat	chatbot-frontier	
ann_2d3c969f978e			2022-06-19	no	chat	chatbot-frontier	
ann_2d946c57df5f			2022-02-01	yes	chat	chatbot-frontier	
ann_2db8ce52d4e3			2025-11-19	no	chat	chatbot-frontier	
ann_2e060dcd19e1			2024-06-06	yes	chat	chatbot-frontier	
ann_2e26ea8700af			2022-05-11	yes	chat	chatbot-frontier	
ann_2e6e2c49379f			2025-04-23	no	chat	chatbot-frontier	
ann_2ead11833831			2021-07-07	no	chat	chatbot-frontier	
ann_2eb30ba8581d			2026-02-18	yes	chat	chatbot-frontier	
ann_2edd34ca1daf			2023-06-11	yes	chat	chatbot-frontier	
ann_2ee9911e47a5			2025-09-11	no	chat	chatbot-frontier	
ann_2ef0f4952427			2021-12-01	no	chat	chatbot-frontier	
ann_2ef8fbc474aa			2023-04-19	yes	chat	chatbot-frontier	
ann_2f2400f2c4f4			2021-11-06	yes	chat	chatbot-frontier	
ann_2f5869989524			2025-02-07	yes	chat	chatbot-frontier	
ann_2f8617a2d19d			2023-05-10	no	chat	chatbot-frontier	
ann_304ba9c74232			2024-11-18	no	chat	chatbot-frontier	
ann_3053de847226			2022-12-28	yes	chat	chatbot-frontier	
ann_306328313f0d			2023-06-21	no	chat	chatbot-frontier	
ann_30699065baed			2024-11-16	no	chat	chatbot-frontier	
ann_3087329c958c			2023-03-24	no	chat	chatbot-frontier	
ann_30a975816e35			2022-07-31	no	chat	chatbot-frontier	
ann_30c119f366ab			2022-10-19	no	chat	chatbot-frontier	
ann_30cbce59a22d			2026-04-04	no	chat	chatbot-frontier	
ann_30e76bfa2b3a			2023-01-17	no	chat	chatbot-frontier	
ann_30e9055bb994			2021-11-07	no	chat	chatbot-frontier	
ann_3109a801cc7d			2024-05-04	no	chat	chatbot-frontier	
ann_3111f2ff2325			2022-03-11	no	chat	chatbot-frontier	
ann_313802ea65a1			2021-08-24	yes	chat	chatbot-frontier	
ann_31dbec88f019			2025-01-10	no	chat	chatbot-frontier	
ann_31e89caa769e			2025-08-29	no	chat	chatbot-frontier	
ann_31eeff4b2c17			2022-08-03	yes	chat	chatbot-frontier	
ann_3255f9742ffc			2025-01-28	no	chat	chatbot-frontier	
ann_32cf1a880af5			2022-12-04	no	chat	chatbot-frontier	
ann_333833bec8b4			2024-02-23	no	chat	chatbot-frontier	
ann_337b3c1d26a7			2023-07-04	no	chat	chatbot-frontier	
ann_341cfa35702c			2024-08-23	no	chat	chatbot-frontier	
ann_344dc8ece627			2022-04-07	yes	chat	chatbot-frontier	
ann_345817146bf8			2026-03-30	no	chat	chatbot-frontier	
ann_35150bedbc53			2025-01-17	no	chat	chatbot-frontier	
ann_351f5b710301			2025-10-14	no	chat	chatbot-frontier	
ann_355364aa7990			2023-09-25	yes	chat	chatbot-frontier	
ann_355b8abf209d			2026-01-21	no	chat	chatbot-frontier	
ann_3568c8481879			2021-09-02	no	chat	chatbot-frontier	
ann_358d2ece5492			2025-12-25	no	chat	chatbot-frontier	
ann_3595a3dc14f7			2021-02-24	no	chat	chatbot-frontier	
ann_359e5e74bc7b			2023-02-06	no	chat	chatbot-frontier	
ann_35a0328a9d76			2026-01-23	yes	chat	chatbot-frontier	
ann_35aae58d0948			2023-10-30	no	chat	chatbot-frontier	
ann_35dd4d400c51			2024-03-31	no	chat	chatbot-frontier	
ann_35f26604f768			2021-07-17	uncertain	chat	chatbot-frontier	
ann_362471c867ac			2026-01-24	no	chat	chatbot-frontier	
ann_3634b5d5e3c6			2023-02-09	no	chat	chatbot-frontier	
ann_3656abf870b9			2024-07-31	no	chat	chatbot-frontier	
ann_36b04fc5d671			2021-02-08	yes	chat	chatbot-frontier	
ann_36d0c712d74d			2024-01-18	no	chat	chatbot-frontier	
ann_36d2f3e08222			2026-03-17	no	chat	chatbot-frontier	
ann_36de2532dac1			2024-07-04	yes	chat	chatbot-frontier	
ann_377afc1003ef			2025-02-27	no	chat	chatbot-frontier	
ann_377b71fd2220			2026-02-13	no	chat	chatbot-frontier	
ann_380ee211dcac			2022-02-04	no	chat	chatbot-frontier	
ann_38233e2586cb			2023-11-08	no	chat	chatbot-frontier	
ann_383911eb88ab			2026-01-29	no	chat	chatbot-frontier	
ann_38528d8a2cd4			2024-01-01	no	chat	chatbot-frontier	
ann_388991432fd8			2022-10-18	no	chat	chatbot-frontier	
ann_38aa78c2073f			2023-12-08	no	chat	chatbot-frontier	
ann_391f06fa94b2			2024-11-22	no	chat	chatbot-frontier	
ann_3943ba93f30e			2023-11-02	no	chat	chatbot-frontier	
ann_39d11cdfd87c			2022-06-10	yes	chat	chatbot-frontier	
ann_39d75105e33e			2025-11-04	no	chat	chatbot-frontier	
ann_3a069817621c			2021-02-15	yes	chat	chatbot-frontier	
ann_3a81fa5cfe97			2025-03-07	no	chat	chatbot-frontier	
ann_3aa5606c9a9d			2026-02-03	no	chat	chatbot-frontier	
ann_3ab431bbaf50			2023-11-21	yes	chat	chatbot-frontier	
ann_3af3e0e06e64			2025-07-30	yes	chat	chatbot-frontier	
ann_3b2d7e218f69			2022-10-19	no	chat	chatbot-frontier	
ann_3b7c777519c4			2023-12-18	no	chat	chatbot-frontier	
ann_3bc10676b03c			2021-07-02	no	chat	chatbot-frontier	
ann_3be93a01678c			2021-09-08	no	chat	chatbot-frontier	
ann_3c8374074346			2024-02-27	no	chat	chatbot-frontier	
ann_3c8ee1e1d524			2025-08-17	no	chat	chatbot-frontier	
ann_3d3fe75d3e8c			2025-10-01	no	chat	chatbot-frontier	
ann_3d7ebea6fabc			2026-02-02	no	chat	chatbot-frontier	
ann_3da21bfa86a6			2024-04-24	yes	chat	chatbot-frontier	
ann_3dfb786ab062			2023-06-30	yes	chat	chatbot-frontier	
ann_3e1bd04e4845			2022-12-05	no	chat	chatbot-frontier	
ann_3e3f7df971b7			2024-11-03	uncertain	chat	chatbot-frontier	
ann_3e6d9c8f2185			2021-08-09	no	chat	chatbot-frontier	
ann_3e839f05681a			2024-12-16	no	chat	chatbot-frontier	
ann_3e870f82ba45			2022-05-24	no	chat	chatbot-frontier	
ann_3e99a137f060			2023-08-19	no	chat	chatbot-frontier	
ann_3edaf842e424			2023-03-02	no	chat	chatbot-frontier	
ann_3ee626905584			2023-01-19	no	chat	chatbot-frontier	
ann_3eea7f2b942b			2021-09-15	no	chat	chatbot-frontier	
ann_3f4145aceb4b			2025-07-11	yes	chat	chatbot-frontier	
ann_3f43e875704b			2024-12-16	no	chat	chatbot-frontier	
ann_3fc5d5eb56e8			2021-10-17	no	chat	chatbot-frontier	
ann_4015fa1b36e0			2023-10-31	no	chat	chatbot-frontier	
ann_4026fc8a8bd8			2021-11-05	no	chat	chatbot-frontier	
ann_40323dfbd07b			2024-12-24	no	chat	chatbot-frontier	
ann_403e93ac5353			2025-02-11	no	chat	chatbot-frontier	
ann_4046ad241d1d			2021-12-22	yes	chat	chatbot-frontier	
ann_40552b60ff25			2021-08-16	yes	chat	chatbot-frontier	
ann_40d85ee06331			2026-02-02	no	chat	chatbot-frontier	
ann_4115b67f2b59			2023-05-15	no	chat	chatbot-frontier	
ann_412cdf499a5b			2025-06-24	no	chat	chatbot-frontier	
ann_41884ffca71d			2025-02-11	no	chat	chatbot-frontier	
ann_41948b7d63e2			2023-09-06	no	chat	chatbot-frontier	
ann_41d99395f2d4			2023-03-16	no	chat	chatbot-frontier	
ann_41ecd54bb0d2			2022-11-20	no	chat	chatbot-frontier	
ann_41ef72b73750			2021-12-02	uncertain	chat	chatbot-frontier	
ann_425f38af78d0			2026-04-27	no	chat	chatbot-frontier	
ann_427cbecd13e4			2022-10-17	no	chat	chatbot-frontier	
ann_42a7f0d45c6e			2025-03-05	yes	chat	chatbot-frontier	
ann_43071d3e119c			2026-02-17	no	chat	chatbot-frontier	
ann_43463cc5e8e0			2021-03-03	no	chat	chatbot-frontier	
ann_434b29f84998			2025-02-26	no	chat	chatbot-frontier	
ann_436936fb17db			2022-01-23	no	chat	chatbot-frontier	
ann_43d9b9b158af			2025-11-17	no	chat	chatbot-frontier	
ann_43fbcd0db306			2022-02-20	yes	chat	chatbot-frontier	
ann_442dc6a967b5			2023-02-19	no	chat	chatbot-frontier	
ann_4455809d8c53			2021-07-18	no	chat	chatbot-frontier	
ann_448253d03a69			2023-06-13	no	chat	chatbot-frontier	
ann_44aff9259651			2022-09-02	yes	chat	chatbot-frontier	
ann_44eeeec13aa7			2021-09-23	no	chat	chatbot-frontier	
ann_4514a44c1b4f			2025-11-20	no	chat	chatbot-frontier	
ann_45401b153231			2026-02-23	no	chat	chatbot-frontier	
ann_4592f620e89e			2025-10-21	no	chat	chatbot-frontier	
ann_459ef4cddeab			2021-11-18	yes	chat	chatbot-frontier	
ann_45c10145e058			2021-10-16	no	chat	chatbot-frontier	
ann_45ee1baac0de			2021-10-25	no	chat	chatbot-frontier	
ann_46398ccdb231			2025-12-17	yes	chat	chatbot-frontier	
ann_46756ec6dee5			2024-12-16	no	chat	chatbot-frontier	
ann_47110c5dd39b			2021-10-21	no	chat	chatbot-frontier	
ann_472f46fa5400			2023-12-08	no	chat	chatbot-frontier	
ann_47513fe97570			2024-08-26	no	chat	chatbot-frontier	
ann_4776e1105edb			2025-12-17	no	chat	chatbot-frontier	
ann_47e769857dae			2022-05-18	no	chat	chatbot-frontier	
ann_481890062f59			2022-07-20	no	chat	chatbot-frontier	
ann_4843fcf94662			2026-02-27	no	chat	chatbot-frontier	
ann_4872fe7a85bf			2022-08-19	no	chat	chatbot-frontier	
ann_487411072603			2023-01-18	no	chat	chatbot-frontier	
ann_48897a13a5f5			2025-11-21	no	chat	chatbot-frontier	
ann_488e17799da3			2026-04-04	no	chat	chatbot-frontier	
ann_48924769b7e2			2022-10-25	no	chat	chatbot-frontier	
ann_489e2370ec07			2021-09-07	no	chat	chatbot-frontier	
ann_48ca86e067a1			2021-11-20	no	chat	chatbot-frontier	
ann_48cd59a6a2e0			2022-12-13	no	chat	chatbot-frontier	
ann_4900c92315f9			2026-02-06	no	chat	chatbot-frontier	
ann_490e16caa18e			2021-12-27	no	chat	chatbot-frontier	
ann_492f0c8ad713			2025-11-24	no	chat	chatbot-frontier	
ann_495fe756f74e			2024-12-13	no	chat	chatbot-frontier	
ann_498b202103d6			2024-05-11	no	chat	chatbot-frontier	
ann_499191cd9011			2022-01-18	no	chat	chatbot-frontier	
ann_4a47e504292c			2023-06-20	no	chat	chatbot-frontier	
ann_4a8b15503a04			2021-03-16	no	chat	chatbot-frontier	
ann_4a92388706f6			2025-11-20	no	chat	chatbot-frontier	
ann_4ab3f9631af1			2025-04-11	yes	chat	chatbot-frontier	
ann_4ace43086ff6			2026-02-03	yes	chat	chatbot-frontier	
ann_4b16718a0283			2023-11-02	uncertain	chat	chatbot-frontier	
ann_4b3cbe4ca85d			2023-09-08	no	chat	chatbot-frontier	
ann_4b4dfae9ec0d			2026-04-06	no	chat	chatbot-frontier	
ann_4b632ad5362d			2024-12-17	no	chat	chatbot-frontier	
ann_4b82f70d2c0f			2023-06-20	yes	chat	chatbot-frontier	
ann_4bba37ad9d22			2025-09-24	yes	chat	chatbot-frontier	
ann_4bc60ec11f31			2025-09-25	no	chat	chatbot-frontier	
ann_4beee6d557ee			2025-09-19	no	chat	chatbot-frontier	
ann_4c4d154084bd			2025-11-10	no	chat	chatbot-frontier	
ann_4ca2d1ef302a			2023-09-25	yes	chat	chatbot-frontier	
ann_4cc3dc0ab49f			2023-05-07	no	chat	chatbot-frontier	
ann_4ce0e358e39a			2026-04-06	no	chat	chatbot-frontier	
ann_4d10bdd11a32			2025-05-20	yes	chat	chatbot-frontier	
ann_4e1eec08f474			2022-10-17	no	chat	chatbot-frontier	
ann_4e61bcaa6c78			2026-01-16	no	chat	chatbot-frontier	
ann_4f0720adf567			2026-03-04	no	chat	chatbot-frontier	
ann_4f3639ff3032			2022-06-02	no	chat	chatbot-frontier	
ann_4f500253a861			2024-04-07	yes	chat	chatbot-frontier	
ann_4f6d9da53bfc			2026-02-25	no	chat	chatbot-frontier	
ann_4fb26242f92c			2024-02-27	yes	chat	chatbot-frontier	
ann_4fc658b0ff1e			2025-06-04	yes	chat	chatbot-frontier	
ann_4fed9099dee6			2024-10-08	yes	chat	chatbot-frontier	
ann_501de42fb4c4			2021-11-04	no	chat	chatbot-frontier	
ann_502397a2a33b			2026-03-08	no	chat	chatbot-frontier	
ann_502ac37eea47			2026-02-19	no	chat	chatbot-frontier	
ann_502b437a7470			2025-06-17	no	chat	chatbot-frontier	
ann_50495b642ca4			2024-03-22	no	chat	chatbot-frontier	
ann_507cf77310bf			2024-12-19	no	chat	chatbot-frontier	
ann_50b046826811			2021-03-12	no	chat	chatbot-frontier	
ann_511f2276e327			2023-04-10	no	chat	chatbot-frontier	
ann_512dd36d1f01			2024-09-04	no	chat	chatbot-frontier	
ann_5145c9d24070			2023-02-09	no	chat	chatbot-frontier	
ann_516774974d7d			2022-01-09	no	chat	chatbot-frontier	
ann_51f75a453f5d			2026-05-08	no	chat	chatbot-frontier	
ann_521aee13eb8d			2025-12-09	no	chat	chatbot-frontier	
ann_52378de4a64b			2025-12-20	no	chat	chatbot-frontier	
ann_52725ce01c35			2022-05-10	no	chat	chatbot-frontier	
ann_528a4fdd109f			2022-12-03	no	chat	chatbot-frontier	
ann_5384e613bfaa			2025-02-25	yes	chat	chatbot-frontier	
ann_538823d9515e			2026-02-20	no	chat	chatbot-frontier	
ann_539c3304619c			2022-08-11	no	chat	chatbot-frontier	
ann_53aaa6823505			2026-01-12	no	chat	chatbot-frontier	
ann_5421ac22e99f			2024-03-18	yes	chat	chatbot-frontier	
ann_549f6c498ac5			2024-07-04	no	chat	chatbot-frontier	
ann_54b41af79ab5			2025-10-11	no	chat	chatbot-frontier	
ann_54cdd54526bd			2025-11-25	no	chat	chatbot-frontier	
ann_5521dd0d1ae6			2023-03-01	no	chat	chatbot-frontier	
ann_5577df7fd4f3			2022-02-05	yes	chat	chatbot-frontier	
ann_558c208d2486			2024-01-11	yes	chat	chatbot-frontier	
ann_5598133b6748			2024-03-22	no	chat	chatbot-frontier	
ann_55ae34ad8df4			2022-05-08	no	chat	chatbot-frontier	
ann_563cc0bf75be			2021-11-05	yes	chat	chatbot-frontier	
ann_56465591b348			2023-02-10	no	chat	chatbot-frontier	
ann_5651fc2f0a70			2026-02-13	no	chat	chatbot-frontier	
ann_5667f3c172d8			2023-03-21	yes	chat	chatbot-frontier	
ann_5681a475a91b			2025-05-24	no	chat	chatbot-frontier	
ann_56b96866c6ac			2025-08-20	yes	chat	chatbot-frontier	
ann_56b9cd62b2e3			2022-10-26	yes	chat	chatbot-frontier	
ann_56ddf380858b			2024-11-07	uncertain	chat	chatbot-frontier	
ann_57093fb7b931			2025-06-16	no	chat	chatbot-frontier	
ann_57189b8fab94			2026-02-06	no	chat	chatbot-frontier	
ann_572009a18bcb			2025-10-05	no	chat	chatbot-frontier	
ann_5780feedf5f9			2024-04-28	no	chat	chatbot-frontier	
ann_5785920d237c			2022-07-19	uncertain	chat	chatbot-frontier	
ann_57a47021d73c			2025-03-31	no	chat	chatbot-frontier	
ann_57aebc0a211d			2026-04-04	no	chat	chatbot-frontier	
ann_57c09a5abf3f			2025-03-23	no	chat	chatbot-frontier	
ann_57da0c7e9e02			2022-04-26	no	chat	chatbot-frontier	
ann_57e0d8951043			2021-07-30	uncertain	chat	chatbot-frontier	
ann_57fb86b75023			2021-11-01	no	chat	chatbot-frontier	
ann_581282bfd964			2025-02-19	no	chat	chatbot-frontier	
ann_5857b8a17be8			2023-07-08	no	chat	chatbot-frontier	
ann_5879e4483b20			2025-07-01	no	chat	chatbot-frontier	
ann_591955aa9b6a			2021-11-08	yes	chat	chatbot-frontier	
ann_593953c5db99			2024-12-11	no	chat	chatbot-frontier	
ann_59634e2cafbd			2025-02-11	yes	chat	chatbot-frontier	
ann_5971311af192			2022-01-20	yes	chat	chatbot-frontier	
ann_59a30bd981b9			2022-12-07	no	chat	chatbot-frontier	
ann_59bcb6510a71			2023-10-12	no	chat	chatbot-frontier	
ann_59f0153458de			2025-06-29	yes	chat	chatbot-frontier	
ann_5a5a526a4d94			2021-07-01	uncertain	chat	chatbot-frontier	
ann_5aab69ce338f			2022-07-30	yes	chat	chatbot-frontier	
ann_5aca2e53b1da			2026-01-06	no	chat	chatbot-frontier	
ann_5b5d36523612			2026-02-16	no	chat	chatbot-frontier	
ann_5b9f3f0cd148			2022-02-21	no	chat	chatbot-frontier	
ann_5ba95d3651cf			2024-01-05	no	chat	chatbot-frontier	
ann_5bb4eb6805ea			2025-01-30	no	chat	chatbot-frontier	
ann_5c0b41ceb615			2026-04-27	no	chat	chatbot-frontier	
ann_5c3cd6c6f318			2021-03-04	no	chat	chatbot-frontier	
ann_5c4620f4f80d			2026-03-31	no	chat	chatbot-frontier	
ann_5c651ec8bcbd			2021-08-24	no	chat	chatbot-frontier	
ann_5c6cb40b4e73			2024-04-26	yes	chat	chatbot-frontier	
ann_5c7de7d936d9			2023-04-16	no	chat	chatbot-frontier	
ann_5c887034033f			2024-12-16	no	chat	chatbot-frontier	
ann_5c90422edb21			2021-02-25	no	chat	chatbot-frontier	
ann_5c9d7db1b9de			2022-06-02	uncertain	chat	chatbot-frontier	
ann_5d10ed725d9d			2022-08-29	no	chat	chatbot-frontier	
ann_5d160dba685a			2025-07-23	no	chat	chatbot-frontier	
ann_5d21b3a146dd			2026-05-08	yes	chat	chatbot-frontier	
ann_5d2a97a682c6			2021-11-09	yes	chat	chatbot-frontier	
ann_5d330c598b25			2025-01-09	no	chat	chatbot-frontier	
ann_5d33eb91235e			2024-07-19	no	chat	chatbot-frontier	
ann_5d79fc69e9eb			2026-02-02	no	chat	chatbot-frontier	
ann_5dd9f2e86c2e			2023-06-17	no	chat	chatbot-frontier	
ann_5dee8f63726e			2023-09-10	no	chat	chatbot-frontier	
ann_5e33da4173bc			2021-05-04	no	chat	chatbot-frontier	
ann_5e54763045ae			2021-02-16	no	chat	chatbot-frontier	
ann_5ea1e5399a91			2024-03-22	no	chat	chatbot-frontier	
ann_5efbef0ce3cf			2024-11-04	no	chat	chatbot-frontier	
ann_5f4c1eec9e5a			2024-09-20	no	chat	chatbot-frontier	
ann_5f680e22099d			2023-02-20	yes	chat	chatbot-frontier	
ann_5fa41f25844d			2026-02-06	no	chat	chatbot-frontier	
ann_6015e78c7464			2024-05-12	no	chat	chatbot-frontier	
ann_602690bec382			2026-02-12	no	chat	chatbot-frontier	
ann_602b92ab0072			2022-06-30	no	chat	chatbot-frontier	
ann_608371b8da75			2024-03-15	no	chat	chatbot-frontier	
ann_608a0b613d0f			2024-03-17	no	chat	chatbot-frontier	
ann_60d006720861			2025-03-20	yes	chat	chatbot-frontier	
ann_61da3e8a2af4			2025-02-26	no	chat	chatbot-frontier	
ann_622155014fc5			2021-04-07	no	chat	chatbot-frontier	
ann_6228567bbe6b			2025-02-25	no	chat	chatbot-frontier	
ann_6260e684fb53			2025-06-02	no	chat	chatbot-frontier	
ann_6267b1cc4fa8			2022-12-04	no	chat	chatbot-frontier	
ann_629d9ec2ec6c			2024-10-14	no	chat	chatbot-frontier	
ann_62c4aae5524f			2022-02-21	yes	chat	chatbot-frontier	
ann_62fb300f2aa3			2023-07-05	no	chat	chatbot-frontier	
ann_638eb141606b			2025-12-03	yes	chat	chatbot-frontier	
ann_638f8f42dd19			2025-11-24	yes	chat	chatbot-frontier	
ann_63cbffab8843			2022-01-07	no	chat	chatbot-frontier	
ann_6464154ecfd4			2025-08-14	yes	chat	chatbot-frontier	
ann_6469cd6a31dd			2025-02-19	no	chat	chatbot-frontier	
ann_64aa66b34a53			2021-01-29	no	chat	chatbot-frontier	
ann_64ac5ab89d54			2025-01-11	no	chat	chatbot-frontier	
ann_6564236ea311			2025-06-13	no	chat	chatbot-frontier	
ann_657c44a5a745			2024-04-29	yes	chat	chatbot-frontier	
ann_65b48097a582			2024-04-23	no	chat	chatbot-frontier	
ann_65e9fce4f2a5			2025-09-22	no	chat	chatbot-frontier	
ann_6610ea418f23			2026-04-24	yes	chat	chatbot-frontier	
ann_66355f8579e7			2021-11-22	no	chat	chatbot-frontier	
ann_669cff684736			2025-12-19	yes	chat	chatbot-frontier	
ann_66b1fe5c6aee			2026-03-06	yes	chat	chatbot-frontier	
ann_66f18b2d3a5f			2026-01-24	no	chat	chatbot-frontier	
ann_66f38446d488			2025-03-03	yes	chat	chatbot-frontier	
ann_672ae28dbf1c			2024-10-23	no	chat	chatbot-frontier	
ann_67ceaeb4a2ab			2024-08-20	no	chat	chatbot-frontier	
ann_6820e01f1a44			2022-11-06	no	chat	chatbot-frontier	
ann_683d0c593922			2022-08-31	uncertain	chat	chatbot-frontier	
ann_68474cbb6677			2024-05-22	no	chat	chatbot-frontier	
ann_68975be5c685			2022-10-08	no	chat	chatbot-frontier	
ann_68a3cea1c3b5			2023-02-16	no	chat	chatbot-frontier	
ann_68ae1daa3d2a			2025-06-23	no	chat	chatbot-frontier	
ann_68b20dc1b65d			2024-11-13	no	chat	chatbot-frontier	
ann_6936624e0575			2024-03-13	no	chat	chatbot-frontier	
ann_6940033f95c1			2025-02-19	no	chat	chatbot-frontier	
ann_694c10c88bb9			2022-12-06	no	chat	chatbot-frontier	
ann_6959b6785fd4			2025-06-15	yes	chat	chatbot-frontier	
ann_696e7cb5abd8			2024-03-15	no	chat	chatbot-frontier	
ann_696fd0d5aa08			2021-07-17	no	chat	chatbot-frontier	
ann_6978f4225fa3			2025-12-05	no	chat	chatbot-frontier	
ann_697ef099d3a9			2025-08-30	yes	chat	chatbot-frontier	
ann_6985529aa1da			2025-03-01	no	chat	chatbot-frontier	
ann_6997f84b1368			2025-09-11	no	chat	chatbot-frontier	
ann_699db92a14dc			2023-03-03	no	chat	chatbot-frontier	
ann_6a6982cf4778			2025-03-20	no	chat	chatbot-frontier	
ann_6a9d07cb6a2a			2025-01-07	no	chat	chatbot-frontier	
ann_6adbd36c3acc			2024-09-17	no	chat	chatbot-frontier	
ann_6afdea391116			2025-11-21	no	chat	chatbot-frontier	
ann_6b6261871c6e			2025-09-18	no	chat	chatbot-frontier	
ann_6ba616d09857			2026-04-29	no	chat	chatbot-frontier	
ann_6bf9579ab4e1			2022-03-10	no	chat	chatbot-frontier	
ann_6c06a1fe3639			2023-09-22	no	chat	chatbot-frontier	
ann_6c1d0d4260d9			2022-08-12	yes	chat	chatbot-frontier	
ann_6cc36684999f			2024-03-22	no	chat	chatbot-frontier	
ann_6cd872ec8975			2023-08-23	no	chat	chatbot-frontier	
ann_6cf6b5839974			2023-12-08	no	chat	chatbot-frontier	
ann_6d247d4d1dc6			2024-12-10	no	chat	chatbot-frontier	
ann_6d3f28afa8d1			2023-02-28	yes	chat	chatbot-frontier	
ann_6d5da82faeed			2023-08-11	no	chat	chatbot-frontier	
ann_6d7cf3910674			2023-05-29	yes	chat	chatbot-frontier	
ann_6d986faf82a1			2026-02-10	no	chat	chatbot-frontier	
ann_6dbb1f2f9cab			2021-01-18	no	chat	chatbot-frontier	
ann_6dcb4dd891a7			2025-01-19	no	chat	chatbot-frontier	
ann_6dd369f6e50e			2022-08-31	yes	chat	chatbot-frontier	
ann_6e0c859c5dc4			2022-07-24	no	chat	chatbot-frontier	
ann_6e152e4ffc23			2021-02-22	no	chat	chatbot-frontier	
ann_6e3a79d460e4			2025-05-01	no	chat	chatbot-frontier	
ann_6e64c2fe1f52			2025-09-21	no	chat	chatbot-frontier	
ann_6e902b60179b			2025-07-08	no	chat	chatbot-frontier	
ann_6eae8a67a685			2025-06-30	no	chat	chatbot-frontier	
ann_6eda575eca2f			2021-11-06	no	chat	chatbot-frontier	
ann_6ee4f5c7b37b			2026-02-07	no	chat	chatbot-frontier	
ann_6f24c95dffc9			2022-10-18	no	chat	chatbot-frontier	
ann_6f359f3593ef			2022-06-17	no	chat	chatbot-frontier	
ann_6fa4ed84a16d			2022-12-06	no	chat	chatbot-frontier	
ann_6fc484fb2923			2022-07-06	yes	chat	chatbot-frontier	
ann_6fc5a3dfaaf3			2024-04-19	no	chat	chatbot-frontier	
ann_6fdd2eb820ff			2026-03-12	no	chat	chatbot-frontier	
ann_70195ba94bf7			2025-08-03	no	chat	chatbot-frontier	
ann_7081096c300e			2026-01-13	no	chat	chatbot-frontier	
ann_7165c3f33e50			2024-10-31	yes	chat	chatbot-frontier	
ann_71ad2389f1a1			2025-03-14	yes	chat	chatbot-frontier	
ann_71c1d06e64a6			2024-12-10	yes	chat	chatbot-frontier	
ann_71c9eb4f4408			2026-05-06	yes	chat	chatbot-frontier	
ann_71d461678c60			2026-03-08	no	chat	chatbot-frontier	
ann_721bfc942a84			2026-01-19	no	chat	chatbot-frontier	
ann_723b9d15ebfb			2022-04-22	yes	chat	chatbot-frontier	
ann_72e07bd9a79a			2025-12-10	no	chat	chatbot-frontier	
ann_7326b2a8a9f3			2022-08-14	no	chat	chatbot-frontier	
ann_73c50c84fcc0			2025-04-10	no	chat	chatbot-frontier	
ann_749384e75ebf			2022-11-02	no	chat	chatbot-frontier	
ann_74bd2997e73e			2025-06-02	no	chat	chatbot-frontier	
ann_74d7c23fbc12			2025-12-23	no	chat	chatbot-frontier	
ann_7585ba9eab2a			2025-03-16	no	chat	chatbot-frontier	
ann_759a38bafe3d			2025-12-16	no	chat	chatbot-frontier	
ann_75e1a15b3383			2022-11-25	yes	chat	chatbot-frontier	
ann_760441cbab88			2023-02-14	no	chat	chatbot-frontier	
ann_76f17711d7d6			2022-01-19	yes	chat	chatbot-frontier	
ann_76f750a33fe8			2021-07-07	yes	chat	chatbot-frontier	
ann_77514f537000			2022-12-06	no	chat	chatbot-frontier	
ann_77848248c130			2021-09-23	no	chat	chatbot-frontier	
ann_77b694b69f47			2021-02-14	no	chat	chatbot-frontier	
ann_77c00b5b825f			2021-09-12	yes	chat	chatbot-frontier	
ann_78896f9dfb5d			2025-05-28	uncertain	chat	chatbot-frontier	
ann_79334f716764			2021-09-22	no	chat	chatbot-frontier	
ann_794b5d018282			2021-06-04	yes	chat	chatbot-frontier	
ann_795ce284160c			2022-10-18	no	chat	chatbot-frontier	
ann_797748c0abeb			2021-12-19	no	chat	chatbot-frontier	
ann_7992942419f9			2024-12-23	no	chat	chatbot-frontier	
ann_79a1f249870e			2025-10-01	no	chat	chatbot-frontier	
ann_79a2d3def2c9			2024-03-22	no	chat	chatbot-frontier	
ann_79c8fb26b06e			2026-02-15	no	chat	chatbot-frontier	
ann_79cac7875998			2024-11-29	no	chat	chatbot-frontier	
ann_79fb3c3612bb			2025-11-27	no	chat	chatbot-frontier	
ann_7a30f694b816			2025-11-21	yes	chat	chatbot-frontier	
ann_7a34bd5c2859			2022-12-28	no	chat	chatbot-frontier	
ann_7a56147f997f			2023-02-20	no	chat	chatbot-frontier	
ann_7a836e1af491			2023-08-30	no	chat	chatbot-frontier	
ann_7a8d9f7c3a26			2022-05-18	yes	chat	chatbot-frontier	
ann_7b40c89535a3			2025-11-05	yes	chat	chatbot-frontier	
ann_7b78a8ad9406			2024-12-13	no	chat	chatbot-frontier	
ann_7b823cd740d3			2023-12-21	yes	chat	chatbot-frontier	
ann_7b82ab115976			2024-12-17	yes	chat	chatbot-frontier	
ann_7be1e2e73e6d			2023-09-07	no	chat	chatbot-frontier	
ann_7bf186519060			2022-05-10	yes	chat	chatbot-frontier	
ann_7bf1c578794b			2025-10-22	no	chat	chatbot-frontier	
ann_7bfdf07f2557			2021-10-29	no	chat	chatbot-frontier	
ann_7c04efb8ac5f			2022-12-06	no	chat	chatbot-frontier	
ann_7c4b8456b833			2025-01-10	no	chat	chatbot-frontier	
ann_7cdf501e1002			2025-08-12	no	chat	chatbot-frontier	
ann_7cf6a9a0c078			2024-12-10	no	chat	chatbot-frontier	
ann_7d5f325cf1a9			2025-06-26	yes	chat	chatbot-frontier	
ann_7d82a257ba73			2025-11-19	no	chat	chatbot-frontier	
ann_7d905dc649e4			2023-10-13	uncertain	chat	chatbot-frontier	
ann_7dc4318534e4			2023-01-04	no	chat	chatbot-frontier	
ann_7ddd3d93d022			2026-02-13	no	chat	chatbot-frontier	
ann_7def85e14957			2023-08-22	yes	chat	chatbot-frontier	
ann_7e0bb1bbbe45			2025-07-18	no	chat	chatbot-frontier	
ann_7e4c23de4913			2026-03-17	no	chat	chatbot-frontier	
ann_7e9063c263dc			2024-02-19	no	chat	chatbot-frontier	
ann_7ea6ef240505			2025-09-22	no	chat	chatbot-frontier	
ann_7ed6963e545c			2026-03-09	no	chat	chatbot-frontier	
ann_7ee10c3cba06			2026-01-12	yes	chat	chatbot-frontier	
ann_7f055ab114c4			2025-10-05	no	chat	chatbot-frontier	
ann_7f6e8cfe1c57			2022-06-28	no	chat	chatbot-frontier	
ann_7faaa1f2bd19			2022-08-10	no	chat	chatbot-frontier	
ann_7fb5f9ffa4c9			2022-06-07	yes	chat	chatbot-frontier	
ann_7fd96011c0e0			2025-10-02	no	chat	chatbot-frontier	
ann_7ff8fc8729f3			2021-09-13	no	chat	chatbot-frontier	
ann_80348f0a0723			2025-11-20	no	chat	chatbot-frontier	
ann_806e751bd58f			2025-07-30	no	chat	chatbot-frontier	
ann_8116a0c4b67d			2023-04-09	no	chat	chatbot-frontier	
ann_812563017e88			2026-01-07	no	chat	chatbot-frontier	
ann_812becc7c61d			2024-03-01	no	chat	chatbot-frontier	
ann_81cff54c25b6			2021-03-26	yes	chat	chatbot-frontier	
ann_82071fd04370			2025-11-20	no	chat	chatbot-frontier	
ann_8207cc420b13			2023-02-27	uncertain	chat	chatbot-frontier	
ann_823d79af21d3			2024-04-02	yes	chat	chatbot-frontier	
ann_8266d62b6250			2025-02-09	no	chat	chatbot-frontier	
ann_828a2b032826			2022-01-24	no	chat	chatbot-frontier	
ann_82c1a7897d23			2025-01-13	no	chat	chatbot-frontier	
ann_82c2a2b48a84			2024-10-05	no	chat	chatbot-frontier	
ann_82ecb1ac98a3			2025-09-03	yes	chat	chatbot-frontier	
ann_82f51f81054a			2021-08-24	yes	chat	chatbot-frontier	
ann_82fb67d56402			2025-03-29	no	chat	chatbot-frontier	
ann_830f52469998			2023-03-20	no	chat	chatbot-frontier	
ann_8361cbef90d8			2023-04-06	yes	chat	chatbot-frontier	
ann_83d37b2cddf7			2025-10-25	no	chat	chatbot-frontier	
ann_83ece60ceedc			2026-01-31	no	chat	chatbot-frontier	
ann_83ef342fa678			2024-07-05	no	chat	chatbot-frontier	
ann_83f37b161963			2025-06-19	no	chat	chatbot-frontier	
ann_841f2b61b8b1			2022-03-11	yes	chat	chatbot-frontier	
ann_842b762829f3			2022-12-09	yes	chat	chatbot-frontier	
ann_8468001602f6			2025-10-01	no	chat	chatbot-frontier	
ann_84a2436359da			2023-02-17	yes	chat	chatbot-frontier	
ann_84c1e84e8c61			2025-11-05	no	chat	chatbot-frontier	
ann_84fc5657bfec			2026-01-25	no	chat	chatbot-frontier	
ann_85228e4cade0			2025-11-13	no	chat	chatbot-frontier	
ann_85291684f19b			2026-01-19	yes	chat	chatbot-frontier	
ann_852d11506036			2025-12-09	no	chat	chatbot-frontier	
ann_858f322e6be5			2022-01-31	yes	chat	chatbot-frontier	
ann_8647f8d8e8ff			2023-05-12	yes	chat	chatbot-frontier	
ann_8659e43730bf			2024-06-25	no	chat	chatbot-frontier	
ann_865eed24e91b			2024-01-17	yes	chat	chatbot-frontier	
ann_8661bc85dd0b			2026-05-16	no	chat	chatbot-frontier	
ann_868ed2c1fbbd			2023-01-21	no	chat	chatbot-frontier	
ann_86cd54f0ce2c			2023-06-08	no	chat	chatbot-frontier	
ann_86d7fcc46387			2026-01-15	yes	chat	chatbot-frontier	
ann_86ec08b423f2			2022-10-22	yes	chat	chatbot-frontier	
ann_86f3f9c07d07			2025-08-27	no	chat	chatbot-frontier	
ann_870c50ccbf59			2021-02-28	no	chat	chatbot-frontier	
ann_872688b31261			2021-06-26	yes	chat	chatbot-frontier	
ann_873b69fc1fab			2022-05-28	yes	chat	chatbot-frontier	
ann_87dfb73d223e			2024-02-21	yes	chat	chatbot-frontier	
ann_87e9ad13c041			2026-03-11	no	chat	chatbot-frontier	
ann_87f6ec107af9			2024-12-02	yes	chat	chatbot-frontier	
ann_880934fc8357			2022-11-06	no	chat	chatbot-frontier	
ann_880ed4fbaeed			2022-01-10	no	chat	chatbot-frontier	
ann_8828b0740e02			2025-04-06	no	chat	chatbot-frontier	
ann_8869c3f2618b			2021-04-03	no	chat	chatbot-frontier	
ann_887da368d01d			2022-07-25	no	chat	chatbot-frontier	
ann_887e7148635d			2021-02-19	no	chat	chatbot-frontier	
ann_889151cc3c23			2026-03-12	yes	chat	chatbot-frontier	
ann_88a9c0771759			2025-03-27	yes	chat	chatbot-frontier	
ann_88c50f54b874			2025-07-31	yes	chat	chatbot-frontier	
ann_88c56f6c54a3			2023-12-06	no	chat	chatbot-frontier	
ann_896031c7d4a7			2025-07-13	no	chat	chatbot-frontier	
ann_8974d53a9837			2022-04-20	yes	chat	chatbot-frontier	
ann_8a03b42a5e79			2025-12-17	no	chat	chatbot-frontier	
ann_8a1cd5a986e4			2024-07-08	no	chat	chatbot-frontier	
ann_8aaaba4b5489			2025-05-19	no	chat	chatbot-frontier	
ann_8aadb7efbb67			2023-06-19	no	chat	chatbot-frontier	
ann_8aba4a0b5d00			2025-08-16	yes	chat	chatbot-frontier	
ann_8ac856c16cf8			2022-07-07	no	chat	chatbot-frontier	
ann_8adb7b0cee56			2021-09-14	no	chat	chatbot-frontier	
ann_8ae05ca1eb8b			2025-11-19	no	chat	chatbot-frontier	
ann_8ae073832c5c			2022-11-08	no	chat	chatbot-frontier	
ann_8b03a01227cb			2025-11-12	no	chat	chatbot-frontier	
ann_8b148ac443ec			2022-03-30	uncertain	chat	chatbot-frontier	
ann_8b684493148d			2022-05-26	no	chat	chatbot-frontier	
ann_8b7654dca872			2024-06-29	no	chat	chatbot-frontier	
ann_8bd1f5b21509			2026-01-04	no	chat	chatbot-frontier	
ann_8cd2b46a48ce			2025-11-10	no	chat	chatbot-frontier	
ann_8cd5892748ad			2022-05-25	yes	chat	chatbot-frontier	
ann_8d16bc46b18d			2022-10-19	yes	chat	chatbot-frontier	
ann_8d26863b7ca0			2026-04-08	yes	chat	chatbot-frontier	
ann_8d36c4554f79			2025-09-16	no	chat	chatbot-frontier	
ann_8d3ba9982c99			2023-09-07	no	chat	chatbot-frontier	
ann_8d50c2cf0a6e			2025-11-02	yes	chat	chatbot-frontier	
ann_8d6fd296b34a			2025-05-17	no	chat	chatbot-frontier	
ann_8da253d23230			2025-07-15	yes	chat	chatbot-frontier	
ann_8da8dc4d9dde			2023-12-05	no	chat	chatbot-frontier	
ann_8db710506d76			2021-04-25	no	chat	chatbot-frontier	
ann_8e19bfd906a4			2022-02-02	no	chat	chatbot-frontier	
ann_8e6507c7c134			2022-09-14	no	chat	chatbot-frontier	
ann_8e7f2540110e			2022-05-17	yes	chat	chatbot-frontier	
ann_8e8de2325cd7			2025-02-28	no	chat	chatbot-frontier	
ann_8e996063bf31			2024-11-29	uncertain	chat	chatbot-frontier	
ann_8ef7327d89bf			2024-06-03	no	chat	chatbot-frontier	
ann_8f1d8346b5e2			2024-04-16	yes	chat	chatbot-frontier	
ann_8f32a0a24900			2025-07-31	yes	chat	chatbot-frontier	
ann_8fe255d1904e			2021-11-12	no	chat	chatbot-frontier	
ann_8ffc585805a4			2025-02-11	no	chat	chatbot-frontier	
ann_904b9fa24ca5			2021-06-10	no	chat	chatbot-frontier	
ann_904c61536d6a			2025-09-26	no	chat	chatbot-frontier	
ann_905d56212f4a			2022-10-18	no	chat	chatbot-frontier	
ann_9069dba8055d			2025-02-21	no	chat	chatbot-frontier	
ann_90a1a2c58b9e			2023-10-09	yes	chat	chatbot-frontier	
ann_90b3ef80f9aa			2021-02-14	no	chat	chatbot-frontier	
ann_90b8d9f91f6b			2026-04-29	no	chat	chatbot-frontier	
ann_910d9f535e79			2023-02-27	no	chat	chatbot-frontier	
ann_910f76d08c4b			2025-04-18	no	chat	chatbot-frontier	
ann_9147d60c3a85			2024-02-24	no	chat	chatbot-frontier	
ann_9148832ca767			2025-12-11	no	chat	chatbot-frontier	
ann_917068cb7187			2022-11-29	no	chat	chatbot-frontier	
ann_9174ee53ffea			2025-01-03	no	chat	chatbot-frontier	
ann_91e9f6108dce			2022-01-20	no	chat	chatbot-frontier	
ann_9221a407c0fa			2022-09-27	yes	chat	chatbot-frontier	
ann_924d7a54622c			2024-04-01	no	chat	chatbot-frontier	
ann_92548012932b			2026-05-03	no	chat	chatbot-frontier	
ann_926bc7e85229			2024-10-09	no	chat	chatbot-frontier	
ann_928a1ce1fcac			2024-09-07	yes	chat	chatbot-frontier	
ann_928b0c65ad3f			2021-09-29	yes	chat	chatbot-frontier	
ann_928b49fe4731			2025-01-09	yes	chat	chatbot-frontier	
ann_92903089063e			2023-11-04	yes	chat	chatbot-frontier	
ann_92c1158545fe			2024-03-25	no	chat	chatbot-frontier	
ann_92edf377edbc			2022-05-09	no	chat	chatbot-frontier	
ann_935747bbe3db			2023-12-31	no	chat	chatbot-frontier	
ann_9364f9a08e52			2021-12-11	no	chat	chatbot-frontier	
ann_938d446d4bad			2025-01-11	no	chat	chatbot-frontier	
ann_93a13f459503			2025-11-24	no	chat	chatbot-frontier	
ann_93eed2b15057			2021-10-06	no	chat	chatbot-frontier	
ann_93fd7a579a96			2022-11-29	no	chat	chatbot-frontier	
ann_942e259b2c49			2022-02-20	yes	chat	chatbot-frontier	
ann_9435a5b0fd04			2021-09-11	no	chat	chatbot-frontier	
ann_94665c7e2bdb			2023-06-13	no	chat	chatbot-frontier	
ann_949e11066a4b			2023-11-02	no	chat	chatbot-frontier	
ann_94a4fbc2f75c			2025-05-09	no	chat	chatbot-frontier	
ann_94cbabba4b13			2021-12-25	no	chat	chatbot-frontier	
ann_94fa096876e1			2024-11-19	no	chat	chatbot-frontier	
ann_95004cbdbca6			2021-09-15	no	chat	chatbot-frontier	
ann_95e28686a6ad			2024-04-30	no	chat	chatbot-frontier	
ann_960bdc6eb592			2025-08-20	no	chat	chatbot-frontier	
ann_967e5f01af4a			2025-12-16	no	chat	chatbot-frontier	
ann_96b68b3d0830			2022-08-26	no	chat	chatbot-frontier	
ann_96baf1da291b			2026-02-02	no	chat	chatbot-frontier	
ann_978eaf2763fa			2025-12-08	yes	chat	chatbot-frontier	
ann_979824e551d6			2021-06-21	no	chat	chatbot-frontier	
ann_97abafeead89			2021-09-14	no	chat	chatbot-frontier	
ann_97dc57e0e83e			2021-03-07	no	chat	chatbot-frontier	
ann_98879342d355			2022-05-12	no	chat	chatbot-frontier	
ann_988a9e70b6b8			2024-11-20	no	chat	chatbot-frontier	
ann_989ba03f5db3			2023-07-27	no	chat	chatbot-frontier	
ann_98ec07685563			2021-08-07	no	chat	chatbot-frontier	
ann_990cd94632c3			2021-02-07	no	chat	chatbot-frontier	
ann_991dcec403ce			2026-01-14	no	chat	chatbot-frontier	
ann_993935ca7ed1			2024-02-20	no	chat	chatbot-frontier	
ann_998a33adc0aa			2026-02-06	no	chat	chatbot-frontier	
ann_99b99b42c1a2			2022-12-11	no	chat	chatbot-frontier	
ann_99bde1973aa2			2025-05-09	no	chat	chatbot-frontier	
ann_99f2af735ee0			2021-09-20	no	chat	chatbot-frontier	
ann_9a220b60beb7			2026-01-01	no	chat	chatbot-frontier	
ann_9a34f7e7d68a			2024-09-09	yes	chat	chatbot-frontier	
ann_9aaaa1714e89			2021-10-17	yes	chat	chatbot-frontier	
ann_9ae304ffd1c2			2023-05-17	no	chat	chatbot-frontier	
ann_9aeca157953b			2026-05-13	yes	chat	chatbot-frontier	
ann_9b32f5ef85dc			2025-01-25	no	chat	chatbot-frontier	
ann_9b5fec2388a3			2025-02-20	no	chat	chatbot-frontier	
ann_9b835c155e8f			2024-08-27	no	chat	chatbot-frontier	
ann_9b854f92cd63			2026-01-21	no	chat	chatbot-frontier	
ann_9b8d38129a27			2021-01-21	no	chat	chatbot-frontier	
ann_9ba7ff62d941			2026-04-24	no	chat	chatbot-frontier	
ann_9bb108541423			2026-02-26	no	chat	chatbot-frontier	
ann_9bf4936bd890			2025-01-22	no	chat	chatbot-frontier	
ann_9c191f0f73cd			2025-11-25	no	chat	chatbot-frontier	
ann_9c892b565896			2023-12-05	yes	chat	chatbot-frontier	
ann_9ce77940213a			2021-03-15	yes	chat	chatbot-frontier	
ann_9d12e3f568eb			2024-04-22	no	chat	chatbot-frontier	
ann_9d67ad7c7fd2			2021-12-14	no	chat	chatbot-frontier	
ann_9d96cb937956			2023-12-21	yes	chat	chatbot-frontier	
ann_9df3a50a1312			2021-02-17	yes	chat	chatbot-frontier	
ann_9e03f58fc23d			2022-10-27	yes	chat	chatbot-frontier	
ann_9e0c5f89f25e			2025-12-16	yes	chat	chatbot-frontier	
ann_9e0fe2d9b8f6			2022-07-07	no	chat	chatbot-frontier	
ann_9e5611870e40			2024-08-27	no	chat	chatbot-frontier	
ann_9e73815ea298			2021-01-13	no	chat	chatbot-frontier	
ann_9f54280e8b2e			2026-05-12	no	chat	chatbot-frontier	
ann_9f84c04e4e60			2026-01-11	no	chat	chatbot-frontier	
ann_9f8e5f6b4d8a			2021-10-02	yes	chat	chatbot-frontier	
ann_9ff98f75e799			2025-03-15	no	chat	chatbot-frontier	
ann_9ffd715b6abf			2025-12-09	no	chat	chatbot-frontier	
ann_a0269e4c5fcf			2021-10-13	no	chat	chatbot-frontier	
ann_a0356cc833ef			2023-11-06	no	chat	chatbot-frontier	
ann_a061bf213c4d			2025-11-22	no	chat	chatbot-frontier	
ann_a0aa34ce9ce6			2025-01-09	yes	chat	chatbot-frontier	
ann_a0da118f3926			2023-11-02	no	chat	chatbot-frontier	
ann_a154d7d7d108			2022-07-06	yes	chat	chatbot-frontier	
ann_a1748727175f			2023-06-19	no	chat	chatbot-frontier	
ann_a17eca98e332			2024-03-03	no	chat	chatbot-frontier	
ann_a17f35bb0c12			2022-01-10	no	chat	chatbot-frontier	
ann_a1cf3fda0365			2021-03-27	yes	chat	chatbot-frontier	
ann_a1d409507d98			2026-01-22	no	chat	chatbot-frontier	
ann_a1d86431ff91			2025-11-15	no	chat	chatbot-frontier	
ann_a1e5f6a33e9b			2024-06-04	yes	chat	chatbot-frontier	
ann_a215a95c3b3f			2025-02-20	no	chat	chatbot-frontier	
ann_a23011d8a914			2021-11-05	no	chat	chatbot-frontier	
ann_a2604e763a5d			2023-10-06	no	chat	chatbot-frontier	
ann_a27e24707b5c			2024-03-21	no	chat	chatbot-frontier	
ann_a291bd16a17d			2022-09-13	no	chat	chatbot-frontier	
ann_a2dcad994f9d			2025-05-09	no	chat	chatbot-frontier	
ann_a2dd0d407f63			2026-03-07	no	chat	chatbot-frontier	
ann_a34908ce24f7			2021-09-08	no	chat	chatbot-frontier	
ann_a34e526078d4			2021-10-04	no	chat	chatbot-frontier	
ann_a35021f5e896			2025-07-21	yes	chat	chatbot-frontier	
ann_a35c2ac5d0e6			2023-12-26	no	chat	chatbot-frontier	
ann_a3e334ab80f2			2022-01-01	no	chat	chatbot-frontier	
ann_a3f0f2f0fc84			2021-09-30	no	chat	chatbot-frontier	
ann_a3f2c38f307d			2024-12-18	yes	chat	chatbot-frontier	
ann_a40097e6126c			2024-07-31	yes	chat	chatbot-frontier	
ann_a42a5ac011da			2021-09-11	no	chat	chatbot-frontier	
ann_a46e82a67316			2026-02-03	no	chat	chatbot-frontier	
ann_a48269761f0e			2022-05-12	uncertain	chat	chatbot-frontier	
ann_a49b7d24ca2c			2025-09-25	no	chat	chatbot-frontier	
ann_a4b183c4fc20			2022-12-04	uncertain	chat	chatbot-frontier	
ann_a4b1b2962399			2021-03-06	no	chat	chatbot-frontier	
ann_a51356dfce0d			2025-02-25	no	chat	chatbot-frontier	
ann_a5168b5176d0			2025-09-24	no	chat	chatbot-frontier	
ann_a5250e854916			2022-06-26	no	chat	chatbot-frontier	
ann_a55df200171a			2024-02-12	no	chat	chatbot-frontier	
ann_a592b5ec0a13			2023-08-29	no	chat	chatbot-frontier	
ann_a599b8afa5bc			2023-04-30	no	chat	chatbot-frontier	
ann_a63ed292f7aa			2025-10-05	no	chat	chatbot-frontier	
ann_a656d04f7b7c			2024-01-12	yes	chat	chatbot-frontier	
ann_a6ffd742b337			2023-11-10	no	chat	chatbot-frontier	
ann_a716d86b4a79			2024-11-02	yes	chat	chatbot-frontier	
ann_a7540a19e7f8			2025-06-21	yes	chat	chatbot-frontier	
ann_a75675b9af12			2021-03-23	no	chat	chatbot-frontier	
ann_a779517fa5f6			2024-12-14	yes	chat	chatbot-frontier	
ann_a7a167040573			2025-12-27	no	chat	chatbot-frontier	
ann_a7def4169a78			2025-11-27	no	chat	chatbot-frontier	
ann_a7feaa6e7dd1			2026-01-06	no	chat	chatbot-frontier	
ann_a81d4e798832			2025-11-21	yes	chat	chatbot-frontier	
ann_a863cebbc186			2023-05-27	no	chat	chatbot-frontier	
ann_a8a9bc9c1f4a			2025-11-26	no	chat	chatbot-frontier	
ann_a8b544ec9fb3			2024-07-02	yes	chat	chatbot-frontier	
ann_a8cdb70cbd46			2026-01-19	no	chat	chatbot-frontier	
ann_a940c86844a9			2024-10-15	no	chat	chatbot-frontier	
ann_a9b15ea830bb			2022-06-24	no	chat	chatbot-frontier	
ann_a9d162540de3			2025-08-08	no	chat	chatbot-frontier	
ann_a9d9dcbfccf5			2025-06-13	no	chat	chatbot-frontier	
ann_aa35e8aed266			2025-12-30	no	chat	chatbot-frontier	
ann_aa47c31fa18d			2024-04-01	no	chat	chatbot-frontier	
ann_aa509b736e17			2021-02-28	no	chat	chatbot-frontier	
ann_aa9e3f203d6c			2024-03-22	no	chat	chatbot-frontier	
ann_ab07ef2b6263			2022-11-04	no	chat	chatbot-frontier	
ann_ab08ee9d0ad9			2022-11-03	yes	chat	chatbot-frontier	
ann_ab14eebdfde7			2026-02-13	no	chat	chatbot-frontier	
ann_ab29027692fd			2026-02-06	no	chat	chatbot-frontier	
ann_ab6c6a70cc58			2021-12-09	no	chat	chatbot-frontier	
ann_abaa00fa36c9			2022-12-29	no	chat	chatbot-frontier	
ann_abcfc51f5968			2025-12-16	no	chat	chatbot-frontier	
ann_ac083ccadf0c			2026-02-02	no	chat	chatbot-frontier	
ann_ac75a28aed6e			2025-07-29	no	chat	chatbot-frontier	
ann_ac998ae5702d			2026-01-27	no	chat	chatbot-frontier	
ann_acf116f89d31			2022-10-21	no	chat	chatbot-frontier	
ann_ad4e5fd98dce			2023-10-17	yes	chat	chatbot-frontier	
ann_ada00fb24df3			2021-02-17	no	chat	chatbot-frontier	
ann_adadfa057870			2025-12-17	no	chat	chatbot-frontier	
ann_add38f5691df			2026-01-22	no	chat	chatbot-frontier	
ann_ae6e9f892116			2024-12-09	no	chat	chatbot-frontier	
ann_aed55a8d4987			2025-05-08	no	chat	chatbot-frontier	
ann_aee0478fc34a			2021-11-22	no	chat	chatbot-frontier	
ann_aef53129d5cd			2024-08-21	yes	chat	chatbot-frontier	
ann_af0d5ced8169			2023-10-27	no	chat	chatbot-frontier	
ann_af0e105bc02a			2021-07-18	no	chat	chatbot-frontier	
ann_af47bcf2d187			2023-12-06	yes	chat	chatbot-frontier	
ann_af88907c90c4			2025-05-31	no	chat	chatbot-frontier	
ann_afa7de0bad19			2022-06-25	no	chat	chatbot-frontier	
ann_afb459a1898d			2024-09-10	no	chat	chatbot-frontier	
ann_afb4e180a29a			2023-10-09	no	chat	chatbot-frontier	
ann_afc249b87803			2022-10-25	yes	chat	chatbot-frontier	
ann_b0710574d9c7			2021-01-19	no	chat	chatbot-frontier	
ann_b07cc4a06283			2022-11-14	no	chat	chatbot-frontier	
ann_b096f92e95a4			2026-02-16	yes	chat	chatbot-frontier	
ann_b0c5d4a087c1			2022-12-15	no	chat	chatbot-frontier	
ann_b0e988e89c64			2025-05-23	no	chat	chatbot-frontier	
ann_b109fae72577			2025-11-11	no	chat	chatbot-frontier	
ann_b11195138a05			2022-07-13	no	chat	chatbot-frontier	
ann_b111acadee8c			2025-06-25	no	chat	chatbot-frontier	
ann_b122cada95a8			2026-04-30	no	chat	chatbot-frontier	
ann_b1a5a20ab77f			2024-03-24	no	chat	chatbot-frontier	
ann_b1ddacd8c299			2026-02-11	no	chat	chatbot-frontier	
ann_b1e2941c9d25			2025-04-13	no	chat	chatbot-frontier	
ann_b1f3d41e1d69			2026-03-06	yes	chat	chatbot-frontier	
ann_b21bcb17b703			2021-11-27	yes	chat	chatbot-frontier	
ann_b22ad4ac79b7			2023-08-16	no	chat	chatbot-frontier	
ann_b22bb6cd05f4			2024-12-25	no	chat	chatbot-frontier	
ann_b22dd1f951d8			2025-11-14	no	chat	chatbot-frontier	
ann_b2af0fd391d0			2024-03-04	no	chat	chatbot-frontier	
ann_b2bb0af4de69			2026-02-28	uncertain	chat	chatbot-frontier	
ann_b2eb1a97ed59			2023-03-17	no	chat	chatbot-frontier	
ann_b2ef7a2b3210			2022-06-08	no	chat	chatbot-frontier	
ann_b31ecb1ce1c2			2021-11-02	no	chat	chatbot-frontier	
ann_b35fac56bc47			2025-02-14	no	chat	chatbot-frontier	
ann_b3a795737d5a			2024-03-05	no	chat	chatbot-frontier	
ann_b3ad5cef7a73			2023-11-21	yes	chat	chatbot-frontier	
ann_b421c39ac9b1			2025-03-04	no	chat	chatbot-frontier	
ann_b4f62026d7dd			2024-12-24	yes	chat	chatbot-frontier	
ann_b4f76c6676dd			2023-02-20	no	chat	chatbot-frontier	
ann_b537768d6031			2024-03-29	no	chat	chatbot-frontier	
ann_b5fcbbe766c8			2022-09-26	yes	chat	chatbot-frontier	
ann_b68b840e66ed			2025-12-23	no	chat	chatbot-frontier	
ann_b68e25934a55			2023-09-11	uncertain	chat	chatbot-frontier	
ann_b6a981af16e9			2021-11-04	yes	chat	chatbot-frontier	
ann_b6cfcaddb300			2025-01-09	yes	chat	chatbot-frontier	
ann_b70e7a4e9b7e			2021-10-27	uncertain	chat	chatbot-frontier	
ann_b71e5efb3fd8			2022-03-02	no	chat	chatbot-frontier	
ann_b7234881be2f			2023-07-26	no	chat	chatbot-frontier	
ann_b75003cb090c			2023-08-12	no	chat	chatbot-frontier	
ann_b75d419746d3			2024-06-15	no	chat	chatbot-frontier	
ann_b7d5240aa925			2022-10-17	no	chat	chatbot-frontier	
ann_b80de567b2af			2023-06-20	no	chat	chatbot-frontier	
ann_b883ae7d23a4			2025-11-11	no	chat	chatbot-frontier	
ann_b884f582fd85			2024-03-12	no	chat	chatbot-frontier	
ann_b8df250a917c			2025-01-07	no	chat	chatbot-frontier	
ann_b8ef710c3bab			2024-06-04	yes	chat	chatbot-frontier	
ann_b929cc70956c			2025-10-31	no	chat	chatbot-frontier	
ann_b99260d05fe7			2024-07-22	yes	chat	chatbot-frontier	
ann_b9d79014e35f			2024-04-02	no	chat	chatbot-frontier	
ann_ba6bf9bdac8e			2025-11-11	no	chat	chatbot-frontier	
ann_ba805d7a24fc			2024-05-16	yes	chat	chatbot-frontier	
ann_ba95981ed170			2025-01-12	no	chat	chatbot-frontier	
ann_ba980ad9d82d			2021-02-04	no	chat	chatbot-frontier	
ann_ba99ce0bdc11			2026-01-15	no	chat	chatbot-frontier	
ann_baac8352a2ed			2021-02-19	yes	chat	chatbot-frontier	
ann_bb31d2006b6d			2026-03-16	no	chat	chatbot-frontier	
ann_bb34fb33c41e			2022-11-08	no	chat	chatbot-frontier	
ann_bbba4be09c2c			2023-07-18	no	chat	chatbot-frontier	
ann_bc19279bb68c			2023-06-19	no	chat	chatbot-frontier	
ann_bc1be2a67961			2022-11-11	no	chat	chatbot-frontier	
ann_bcc6b26398e5			2025-06-02	yes	chat	chatbot-frontier	
ann_bd02b130dae5			2026-01-13	no	chat	chatbot-frontier	
ann_bd319f3f2b7c			2025-06-26	yes	chat	chatbot-frontier	
ann_bd54958da29f			2025-05-27	no	chat	chatbot-frontier	
ann_bd59d06101b6			2025-03-22	no	chat	chatbot-frontier	
ann_bd5f03c979cd			2025-01-16	yes	chat	chatbot-frontier	
ann_bd7ea6564545			2025-10-01	no	chat	chatbot-frontier	
ann_bd8f39ed29d0			2022-10-21	no	chat	chatbot-frontier	
ann_bd92ffb8e7ee			2021-03-08	no	chat	chatbot-frontier	
ann_bdc3c7e3dc74			2025-10-02	no	chat	chatbot-frontier	
ann_bdc59b9222b4			2025-08-04	no	chat	chatbot-frontier	
ann_bdea15f5c67e			2021-12-24	uncertain	chat	chatbot-frontier	
ann_be3407096318			2025-12-04	no	chat	chatbot-frontier	
ann_be4e675660d7			2021-10-07	yes	chat	chatbot-frontier	
ann_be6b6b9649cb			2025-01-09	yes	chat	chatbot-frontier	
ann_be858136c7d2			2026-03-27	no	chat	chatbot-frontier	
ann_bebaf8d72e67			2025-07-29	no	chat	chatbot-frontier	
ann_bed12e7c29da			2025-05-26	no	chat	chatbot-frontier	
ann_bf287cc543a5			2025-12-02	no	chat	chatbot-frontier	
ann_bf45ba04dc9a			2021-10-14	no	chat	chatbot-frontier	
ann_bfb74d7364ac			2025-03-15	no	chat	chatbot-frontier	
ann_bfc44a9ba804			2026-01-27	no	chat	chatbot-frontier	
ann_bfd4755a1390			2022-12-11	uncertain	chat	chatbot-frontier	
ann_bfe9f7445ddd			2024-02-24	no	chat	chatbot-frontier	
ann_c00e82d74e96			2026-02-13	no	chat	chatbot-frontier	
ann_c0468c7de8a8			2025-10-30	no	chat	chatbot-frontier	
ann_c06278b22c31			2022-03-13	no	chat	chatbot-frontier	
ann_c0b21686b8e0			2024-12-30	no	chat	chatbot-frontier	
ann_c0bc061dfa24			2026-02-06	no	chat	chatbot-frontier	
ann_c0e310955a77			2022-05-19	no	chat	chatbot-frontier	
ann_c10b9cbca776			2025-03-20	yes	chat	chatbot-frontier	
ann_c14539b66c26			2021-02-27	no	chat	chatbot-frontier	
ann_c14665fca86a			2023-06-02	no	chat	chatbot-frontier	
ann_c177b6b1b696			2022-10-14	no	chat	chatbot-frontier	
ann_c18f28e0950f			2026-03-17	uncertain	chat	chatbot-frontier	
ann_c1ca1173de22			2023-09-12	yes	chat	chatbot-frontier	
ann_c1e9efa132fa			2024-03-22	no	chat	chatbot-frontier	
ann_c1f560eb4226			2023-02-22	no	chat	chatbot-frontier	
ann_c20c2d140177			2021-07-27	no	chat	chatbot-frontier	
ann_c24638e1c531			2026-03-27	no	chat	chatbot-frontier	
ann_c2730417391a			2022-05-09	yes	chat	chatbot-frontier	
ann_c3218d58d8f8			2025-01-09	no	chat	chatbot-frontier	
ann_c39b418b14a8			2025-11-25	no	chat	chatbot-frontier	
ann_c3a094c496d6			2024-06-13	no	chat	chatbot-frontier	
ann_c3d404eb1322			2025-05-12	yes	chat	chatbot-frontier	
ann_c4285baf56b2			2023-01-01	no	chat	chatbot-frontier	
ann_c43c907298b5			2025-10-23	no	chat	chatbot-frontier	
ann_c462b2931b37			2026-05-27	no	chat	chatbot-frontier	
ann_c4a6cbb4c0b4			2025-04-24	no	chat	chatbot-frontier	
ann_c56d91b3de1f			2021-12-07	no	chat	chatbot-frontier	
ann_c576102466c6			2024-09-30	no	chat	chatbot-frontier	
ann_c58b71f2bd0e			2023-05-17	no	chat	chatbot-frontier	
ann_c5c788d87436			2021-01-21	no	chat	chatbot-frontier	
ann_c5f68cf463bf			2022-11-29	no	chat	chatbot-frontier	
ann_c60c817704dd			2021-11-04	yes	chat	chatbot-frontier	
ann_c687f3918ba1			2025-02-27	no	chat	chatbot-frontier	
ann_c68dc5b2dae8			2021-02-20	no	chat	chatbot-frontier	
ann_c6afbd8aed49			2025-12-04	no	chat	chatbot-frontier	
ann_c6b9b08a099b			2023-07-07	no	chat	chatbot-frontier	
ann_c73f051fb0ca			2022-11-06	no	chat	chatbot-frontier	
ann_c73fda1ea71c			2021-10-17	no	chat	chatbot-frontier	
ann_c784a5b0df31			2025-07-02	no	chat	chatbot-frontier	
ann_c799fa9d4443			2021-07-14	no	chat	chatbot-frontier	
ann_c79d20ac3e86			2021-11-30	yes	chat	chatbot-frontier	
ann_c7dfd4c3a8ce			2025-01-06	no	chat	chatbot-frontier	
ann_c7fee0a69d32			2025-11-04	yes	chat	chatbot-frontier	
ann_c7ff50fcd73f			2022-08-05	no	chat	chatbot-frontier	
ann_c81ea6be699f			2022-08-11	uncertain	chat	chatbot-frontier	
ann_c8202a54e0eb			2024-09-17	no	chat	chatbot-frontier	
ann_c8f800e3fc20			2022-06-19	no	chat	chatbot-frontier	
ann_c905cb586779			2024-06-26	no	chat	chatbot-frontier	
ann_c919e9ff99cf			2022-01-10	no	chat	chatbot-frontier	
ann_c930f3fbc771			2024-08-15	no	chat	chatbot-frontier	
ann_c9b3328b3817			2024-03-22	no	chat	chatbot-frontier	
ann_c9cb93b305bc			2024-03-07	no	chat	chatbot-frontier	
ann_c9ecc8a2f2e3			2025-02-14	no	chat	chatbot-frontier	
ann_ca1414963326			2021-01-28	no	chat	chatbot-frontier	
ann_ca3d90c1d0fa			2025-12-19	no	chat	chatbot-frontier	
ann_ca492a9633de			2026-04-30	no	chat	chatbot-frontier	
ann_caac7b662c64			2024-03-28	no	chat	chatbot-frontier	
ann_cb29480a9ad1			2025-03-28	no	chat	chatbot-frontier	
ann_cb2cd02133fc			2024-05-02	no	chat	chatbot-frontier	
ann_cb466f6ae4b8			2024-03-26	yes	chat	chatbot-frontier	
ann_cb5a91c7007b			2026-01-13	no	chat	chatbot-frontier	
ann_cb697b4d039c			2022-05-25	yes	chat	chatbot-frontier	
ann_cbc2d9b4ae68			2021-06-18	no	chat	chatbot-frontier	
ann_cc4d9f3f5352			2025-11-19	no	chat	chatbot-frontier	
ann_cc6b9ca4a209			2024-07-28	no	chat	chatbot-frontier	
ann_ccabedfc042e			2021-03-26	yes	chat	chatbot-frontier	
ann_ccc3ca3085ac			2022-10-25	no	chat	chatbot-frontier	
ann_ccf4ab3b488d			2024-03-13	no	chat	chatbot-frontier	
ann_cd54acea1be5			2025-09-23	no	chat	chatbot-frontier	
ann_cd5aa43d5dfa			2022-12-08	yes	chat	chatbot-frontier	
ann_cd6223ec54fe			2025-10-16	yes	chat	chatbot-frontier	
ann_cd97a54e9a07			2023-07-08	no	chat	chatbot-frontier	
ann_cda6191187ac			2026-05-15	no	chat	chatbot-frontier	
ann_cdac4e279b39			2024-03-21	no	chat	chatbot-frontier	
ann_cdc5f274f78c			2021-05-15	yes	chat	chatbot-frontier	
ann_ce1fd9d3f5e0			2024-01-18	no	chat	chatbot-frontier	
ann_ce7f17e19542			2025-01-23	no	chat	chatbot-frontier	
ann_ce8e693e1d86			2025-02-10	yes	chat	chatbot-frontier	
ann_ce97a9519ec7			2023-12-13	no	chat	chatbot-frontier	
ann_cec0b473ea87			2024-10-22	no	chat	chatbot-frontier	
ann_cec2e28c0ba0			2025-10-16	no	chat	chatbot-frontier	
ann_cee531539f5d			2025-08-30	no	chat	chatbot-frontier	
ann_cf29ecbd913e			2023-02-20	no	chat	chatbot-frontier	
ann_cf3cdc6e9cc3			2025-05-20	no	chat	chatbot-frontier	
ann_cf6def9c3d80			2022-05-14	yes	chat	chatbot-frontier	
ann_cfd55cd67bd1			2026-05-04	no	chat	chatbot-frontier	
ann_cfdfc674c731			2025-09-26	no	chat	chatbot-frontier	
ann_d0127013fda9			2023-04-14	no	chat	chatbot-frontier	
ann_d01bec083b93			2023-12-15	no	chat	chatbot-frontier	
ann_d020af53aabb			2023-03-17	no	chat	chatbot-frontier	
ann_d06417b2ac90			2025-01-03	no	chat	chatbot-frontier	
ann_d0d0d9b0eb91			2024-01-30	yes	chat	chatbot-frontier	
ann_d0fe68a18221			2025-11-05	yes	chat	chatbot-frontier	
ann_d1247e7fd992			2022-01-10	no	chat	chatbot-frontier	
ann_d12af89c5286			2024-12-14	no	chat	chatbot-frontier	
ann_d144a3cb5040			2024-11-05	yes	chat	chatbot-frontier	
ann_d19eb452b206			2023-12-25	no	chat	chatbot-frontier	
ann_d223905fc825			2021-12-20	no	chat	chatbot-frontier	
ann_d25bd4055ea7			2022-01-11	no	chat	chatbot-frontier	
ann_d2606c6a2003			2025-04-26	no	chat	chatbot-frontier	
ann_d2bfc2194a03			2025-02-26	yes	chat	chatbot-frontier	
ann_d2d0e64c6f05			2022-05-30	yes	chat	chatbot-frontier	
ann_d2feab194dc4			2026-03-31	uncertain	chat	chatbot-frontier	
ann_d32b525c5729			2024-07-31	yes	chat	chatbot-frontier	
ann_d36ae8e203c8			2021-01-19	yes	chat	chatbot-frontier	
ann_d394772e8dd3			2025-10-16	no	chat	chatbot-frontier	
ann_d3b9242fff21			2025-12-26	no	chat	chatbot-frontier	
ann_d3c8a4db315f			2024-01-15	no	chat	chatbot-frontier	
ann_d3e5a02f97f1			2023-03-04	no	chat	chatbot-frontier	
ann_d42623ee5d10			2021-09-01	no	chat	chatbot-frontier	
ann_d43ded05b62f			2024-01-09	no	chat	chatbot-frontier	
ann_d43ec0c1c677			2021-07-08	no	chat	chatbot-frontier	
ann_d43eea7a3ae2			2021-10-07	no	chat	chatbot-frontier	
ann_d49bfdac3275			2023-06-08	no	chat	chatbot-frontier	
ann_d49dd23a6a8f			2022-11-25	yes	chat	chatbot-frontier	
ann_d4a2ccff62d0			2023-08-03	no	chat	chatbot-frontier	
ann_d4a49688f9da			2026-01-14	no	chat	chatbot-frontier	
ann_d4f2598a23a1			2024-03-06	no	chat	chatbot-frontier	
ann_d5807a019d74			2025-12-03	no	chat	chatbot-frontier	
ann_d58221db80a4			2022-06-04	no	chat	chatbot-frontier	
ann_d5d445ded6d6			2021-11-24	no	chat	chatbot-frontier	
ann_d5e896d6b636			2026-02-09	no	chat	chatbot-frontier	
ann_d615a4d6f4c6			2022-11-04	yes	chat	chatbot-frontier	
ann_d631aabb889a			2021-10-11	no	chat	chatbot-frontier	
ann_d650c45e9e40			2025-11-15	no	chat	chatbot-frontier	
ann_d65ffa66268c			2021-02-17	no	chat	chatbot-frontier	
ann_d66437a1cc7f			2025-09-25	no	chat	chatbot-frontier	
ann_d66aea7ccd69			2025-07-18	no	chat	chatbot-frontier	
ann_d69508a39c81			2025-10-14	no	chat	chatbot-frontier	
ann_d70605f92204			2025-01-02	no	chat	chatbot-frontier	
ann_d74413cbdf0d			2024-12-10	no	chat	chatbot-frontier	
ann_d830ca1f3a6f			2022-03-25	no	chat	chatbot-frontier	
ann_d8484dceef75			2023-03-29	no	chat	chatbot-frontier	
ann_d8552ec13f0f			2026-02-06	no	chat	chatbot-frontier	
ann_d8bd4a53b36e			2025-09-20	yes	chat	chatbot-frontier	
ann_d8e1646f140e			2022-10-17	yes	chat	chatbot-frontier	
ann_d96f6349844a			2024-06-11	yes	chat	chatbot-frontier	
ann_d982cc0cda9a			2026-03-04	no	chat	chatbot-frontier	
ann_d99d7853d00c			2026-03-22	no	chat	chatbot-frontier	
ann_d9aa9dc33b6c			2025-12-10	yes	chat	chatbot-frontier	
ann_da416a81fc45			2023-10-13	no	chat	chatbot-frontier	
ann_da61e6ff9282			2022-06-27	no	chat	chatbot-frontier	
ann_da9e6d8b1f1f			2023-03-06	no	chat	chatbot-frontier	
ann_dae284dfdbe3			2024-12-10	no	chat	chatbot-frontier	
ann_dae339a6a968			2025-05-26	no	chat	chatbot-frontier	
ann_dae7a0e76a19			2023-02-27	yes	chat	chatbot-frontier	
ann_daf69ca6197f			2026-04-06	no	chat	chatbot-frontier	
ann_db2025b2c8a8			2026-04-15	no	chat	chatbot-frontier	
ann_db88bb73e62b			2026-02-10	no	chat	chatbot-frontier	
ann_dbb144556714			2022-01-01	no	chat	chatbot-frontier	
ann_dc16d70eef4f			2024-12-25	no	chat	chatbot-frontier	
ann_dc6870baace5			2022-08-07	no	chat	chatbot-frontier	
ann_dc6c83e6b654			2021-04-01	no	chat	chatbot-frontier	
ann_dcb472da5363			2024-11-28	no	chat	chatbot-frontier	
ann_dcd9907b7c92			2021-10-25	no	chat	chatbot-frontier	
ann_dcdfa97607f7			2021-02-17	yes	chat	chatbot-frontier	
ann_dcfd92cd3d19			2021-08-22	yes	chat	chatbot-frontier	
ann_dd246b19d6d5			2025-06-03	yes	chat	chatbot-frontier	
ann_dd336e35413b			2023-11-03	no	chat	chatbot-frontier	
ann_dd511b940db9			2021-11-20	no	chat	chatbot-frontier	
ann_dda4a8a40446			2022-03-14	no	chat	chatbot-frontier	
ann_ddf1b77152b6			2021-11-16	no	chat	chatbot-frontier	
ann_de572b9cde8d			2023-11-01	yes	chat	chatbot-frontier	
ann_de9cd1b1e08a			2026-02-14	no	chat	chatbot-frontier	
ann_df1ea623a747			2021-01-14	no	chat	chatbot-frontier	
ann_df4e413cc8b0			2021-02-21	no	chat	chatbot-frontier	
ann_dfaca039f50d			2024-12-12	no	chat	chatbot-frontier	
ann_dfc3ac14d39d			2023-06-06	no	chat	chatbot-frontier	
ann_dfcdafb56235			2023-09-24	yes	chat	chatbot-frontier	
ann_e00d1c046b8f			2025-06-13	no	chat	chatbot-frontier	
ann_e050330106b1			2025-12-11	no	chat	chatbot-frontier	
ann_e0ddb7e0f034			2025-10-15	no	chat	chatbot-frontier	
ann_e0e94514a17a			2026-01-10	no	chat	chatbot-frontier	
ann_e11e0af8160b			2024-03-25	no	chat	chatbot-frontier	
ann_e1578ee85a04			2025-12-11	no	chat	chatbot-frontier	
ann_e17a9c60f11b			2025-05-28	yes	chat	chatbot-frontier	
ann_e1af6dc0ce33			2024-02-15	no	chat	chatbot-frontier	
ann_e1b317c2fd76			2026-05-23	yes	chat	chatbot-frontier	
ann_e1d2ac6e258a			2025-09-22	no	chat	chatbot-frontier	
ann_e1e58660f94d			2025-10-16	no	chat	chatbot-frontier	
ann_e1f1361c6b3e			2022-02-11	yes	chat	chatbot-frontier	
ann_e25e7d1a4803			2022-11-21	no	chat	chatbot-frontier	
ann_e263d0a8eddd			2023-07-23	no	chat	chatbot-frontier	
ann_e2891a960778			2025-08-16	no	chat	chatbot-frontier	
ann_e2d4f8275a99			2022-01-29	no	chat	chatbot-frontier	
ann_e2d5e9dac9dc			2025-04-02	no	chat	chatbot-frontier	
ann_e3476b9b732d			2021-03-14	no	chat	chatbot-frontier	
ann_e34aaca2c196			2023-09-01	no	chat	chatbot-frontier	
ann_e35c9da8f8c8			2023-05-24	no	chat	chatbot-frontier	
ann_e36d73c63314			2026-02-16	no	chat	chatbot-frontier	
ann_e3e53ba8da00			2022-02-22	yes	chat	chatbot-frontier	
ann_e3f7d5dd86e1			2025-07-12	no	chat	chatbot-frontier	
ann_e427e99fcdf3			2025-09-21	yes	chat	chatbot-frontier	
ann_e45f7d563be3			2022-10-17	no	chat	chatbot-frontier	
ann_e46074e35ae0			2025-08-18	yes	chat	chatbot-frontier	
ann_e496fa72071c			2025-02-07	no	chat	chatbot-frontier	
ann_e4e096a87176			2022-02-18	yes	chat	chatbot-frontier	
ann_e4e921da12d5			2025-02-24	no	chat	chatbot-frontier	
ann_e4f76f968fee			2025-06-24	no	chat	chatbot-frontier	
ann_e517e0715815			2025-01-12	no	chat	chatbot-frontier	
ann_e525e9c8781b			2023-08-14	no	chat	chatbot-frontier	
ann_e53fb7e0605e			2023-03-02	no	chat	chatbot-frontier	
ann_e55247cab580			2023-10-03	yes	chat	chatbot-frontier	
ann_e572636188a3			2025-10-27	yes	chat	chatbot-frontier	
ann_e57dd19b7d9e			2022-05-23	no	chat	chatbot-frontier	
ann_e5805c431062			2023-12-29	no	chat	chatbot-frontier	
ann_e5b1e78ec654			2021-11-12	no	chat	chatbot-frontier	
ann_e5b777a6a814			2021-01-15	no	chat	chatbot-frontier	
ann_e5ba822f0daf			2022-03-27	no	chat	chatbot-frontier	
ann_e5c751060cef			2026-05-27	no	chat	chatbot-frontier	
ann_e640eff1fca3			2026-04-01	no	chat	chatbot-frontier	
ann_e67c475218ba			2021-02-01	no	chat	chatbot-frontier	
ann_e6806d74485b			2022-09-30	no	chat	chatbot-frontier	
ann_e6a8e3444735			2025-01-29	no	chat	chatbot-frontier	
ann_e6de47356dea			2023-06-14	no	chat	chatbot-frontier	
ann_e6f780d34105			2022-11-25	no	chat	chatbot-frontier	
ann_e6fe289c156f			2022-03-10	yes	chat	chatbot-frontier	
ann_e7966bf6ea23			2024-12-10	no	chat	chatbot-frontier	
ann_e79cc46d16d6			2022-06-09	yes	chat	chatbot-frontier	
ann_e7b744cf1c44			2026-04-30	no	chat	chatbot-frontier	
ann_e7ca4f060ea7			2021-09-05	no	chat	chatbot-frontier	
ann_e7d02be6f828			2022-03-05	no	chat	chatbot-frontier	
ann_e7da02405179			2022-09-13	no	chat	chatbot-frontier	
ann_e7f5478fcca0			2025-10-25	yes	chat	chatbot-frontier	
ann_e7fd3210a65a			2025-05-24	no	chat	chatbot-frontier	
ann_e89c62fb6dfb			2025-07-17	yes	chat	chatbot-frontier	
ann_e92a7e05901c			2026-02-11	no	chat	chatbot-frontier	
ann_e9853a24ae2a			2025-06-12	no	chat	chatbot-frontier	
ann_e9dc6e2b3288			2026-02-12	no	chat	chatbot-frontier	
ann_e9f0cd2695ab			2021-12-11	no	chat	chatbot-frontier	
ann_e9f1bd7b86c9			2025-06-16	no	chat	chatbot-frontier	
ann_ea61264dfc73			2025-05-17	no	chat	chatbot-frontier	
ann_eacb8b616633			2026-02-02	no	chat	chatbot-frontier	
ann_eaeddf4d0faa			2026-01-01	no	chat	chatbot-frontier	
ann_eb0b14e35318			2026-03-05	no	chat	chatbot-frontier	
ann_eb77f5aee6d9			2026-03-05	no	chat	chatbot-frontier	
ann_ebf851397b1b			2024-04-17	yes	chat	chatbot-frontier	
ann_ec5015089218			2023-06-06	no	chat	chatbot-frontier	
ann_ec951b891ff4			2026-03-30	no	chat	chatbot-frontier	
ann_ece50989f1f4			2021-10-01	no	chat	chatbot-frontier	
ann_ed00388bfa0b			2025-11-13	no	chat	chatbot-frontier	
ann_ed12ea28aa8c			2026-01-27	no	chat	chatbot-frontier	
ann_ed2d8e812963			2022-01-11	no	chat	chatbot-frontier	
ann_ed53dfff8696			2025-11-24	no	chat	chatbot-frontier	
ann_eda6ffb63fb5			2024-03-19	no	chat	chatbot-frontier	
ann_edaf59d14053			2025-06-09	yes	chat	chatbot-frontier	
ann_edf195e033b7			2024-12-05	no	chat	chatbot-frontier	
ann_ee43e1e8f736			2025-11-03	no	chat	chatbot-frontier	
ann_ee4b413fddc8			2023-06-08	no	chat	chatbot-frontier	
ann_ee64e820cb06			2025-12-17	no	chat	chatbot-frontier	
ann_ee8c5a2cf145			2025-12-15	no	chat	chatbot-frontier	
ann_eea6f91054c8			2025-12-04	no	chat	chatbot-frontier	
ann_eeb7538995f4			2023-06-19	no	chat	chatbot-frontier	
ann_eec6bfbbcdaf			2026-02-28	no	chat	chatbot-frontier	
ann_eed0d292757c			2024-07-09	yes	chat	chatbot-frontier	
ann_eedc242ac362			2023-09-05	no	chat	chatbot-frontier	
ann_ef2f1411e83c			2026-05-22	no	chat	chatbot-frontier	
ann_ef7cd89a5533			2024-09-02	no	chat	chatbot-frontier	
ann_ef9c55a8cfdf			2021-10-25	no	chat	chatbot-frontier	
ann_efa9100ec111			2025-02-26	no	chat	chatbot-frontier	
ann_f00597d9b241			2026-03-01	uncertain	chat	chatbot-frontier	
ann_f033d1c5e418			2025-02-05	yes	chat	chatbot-frontier	
ann_f04e5318a645			2026-03-05	no	chat	chatbot-frontier	
ann_f050ffb93fd3			2025-10-24	no	chat	chatbot-frontier	
ann_f09d8084cebd			2023-08-26	yes	chat	chatbot-frontier	
ann_f0ce326643a9			2022-07-06	no	chat	chatbot-frontier	
ann_f130e5eb4497			2026-02-03	no	chat	chatbot-frontier	
ann_f14687c4df74			2024-02-28	no	chat	chatbot-frontier	
ann_f1892e1254df			2021-11-08	no	chat	chatbot-frontier	
ann_f18ed067382d			2022-02-24	no	chat	chatbot-frontier	
ann_f234feaa2e4d			2025-12-04	no	chat	chatbot-frontier	
ann_f2528ef619ed			2021-03-19	no	chat	chatbot-frontier	
ann_f258bdbc1017			2023-09-29	yes	chat	chatbot-frontier	
ann_f2681a7e8c09			2025-09-11	no	chat	chatbot-frontier	
ann_f2b31499e5eb			2025-09-16	no	chat	chatbot-frontier	
ann_f2d54f0fc608			2024-03-30	no	chat	chatbot-frontier	
ann_f2e5adfcf1b3			2025-06-09	no	chat	chatbot-frontier	
ann_f2f26a2259d1			2022-09-05	no	chat	chatbot-frontier	
ann_f3618c251048			2025-09-22	no	chat	chatbot-frontier	
ann_f372d42e2bba			2023-10-06	no	chat	chatbot-frontier	
ann_f3d1401bb585			2021-12-19	yes	chat	chatbot-frontier	
ann_f3f689295346			2025-12-24	yes	chat	chatbot-frontier	
ann_f400a56c8e4f			2026-01-16	no	chat	chatbot-frontier	
ann_f429ecb7aab1			2022-09-09	yes	chat	chatbot-frontier	
ann_f480b735ab79			2025-12-02	no	chat	chatbot-frontier	
ann_f4fbd3157020			2025-03-26	no	chat	chatbot-frontier	
ann_f5296c54bcea			2024-02-21	no	chat	chatbot-frontier	
ann_f52d7195c507			2026-02-09	yes	chat	chatbot-frontier	
ann_f537d7bda135			2021-01-02	no	chat	chatbot-frontier	
ann_f541ad2818dd			2022-10-14	no	chat	chatbot-frontier	
ann_f560624d6ea0			2022-03-11	no	chat	chatbot-frontier	
ann_f575e67c4868			2025-12-10	no	chat	chatbot-frontier	
ann_f5b90dc60ba8			2025-08-10	no	chat	chatbot-frontier	
ann_f5ebf650d948			2025-07-19	yes	chat	chatbot-frontier	
ann_f5f66a871af8			2023-02-15	no	chat	chatbot-frontier	
ann_f63d1b0e2eb9			2024-12-10	no	chat	chatbot-frontier	
ann_f6925537ae95			2021-02-05	no	chat	chatbot-frontier	
ann_f6b2e6f433a3			2024-04-26	no	chat	chatbot-frontier	
ann_f6d36d769f2f			2022-07-25	no	chat	chatbot-frontier	
ann_f6db447507e8			2022-09-27	no	chat	chatbot-frontier	
ann_f6ea66cc789f			2025-12-06	no	chat	chatbot-frontier	
ann_f7064263add2			2021-02-16	no	chat	chatbot-frontier	
ann_f70f4b51bde4			2021-08-08	no	chat	chatbot-frontier	
ann_f7296bf898de			2025-12-10	no	chat	chatbot-frontier	
ann_f74d6b71ce1f			2023-01-21	no	chat	chatbot-frontier	
ann_f76e9936d475			2026-01-13	no	chat	chatbot-frontier	
ann_f7b3b25aca92			2026-05-30	yes	chat	chatbot-frontier	
ann_f7baba476724			2023-03-17	no	chat	chatbot-frontier	
ann_f7fb23f093ba			2026-02-10	no	chat	chatbot-frontier	
ann_f91030042cf2			2025-11-10	no	chat	chatbot-frontier	
ann_f93ccd76f15f			2026-02-14	no	chat	chatbot-frontier	
ann_f95088a24b39			2025-12-12	yes	chat	chatbot-frontier	
ann_f951d12cf252			2025-11-10	no	chat	chatbot-frontier	
ann_fa0e618083f4			2024-03-13	no	chat	chatbot-frontier	
ann_fa284148bcfc			2021-12-12	no	chat	chatbot-frontier	
ann_fa61eff5e77e			2026-03-09	no	chat	chatbot-frontier	
ann_fa81500b418f			2022-01-08	no	chat	chatbot-frontier	
ann_fab9bcec633b			2022-06-15	no	chat	chatbot-frontier	
ann_fac110eaa4bb			2024-02-15	no	chat	chatbot-frontier	
ann_facd922372b5			2021-03-07	no	chat	chatbot-frontier	
ann_fb169cf6a4c4			2025-11-25	yes	chat	chatbot-frontier	
ann_fb1733f2a02c			2024-12-01	no	chat	chatbot-frontier	
ann_fb4849c0e394			2021-07-04	yes	chat	chatbot-frontier	
ann_fb57a9dbc3ad			2024-10-16	no	chat	chatbot-frontier	
ann_fb96c58bb7b4			2024-12-20	uncertain	chat	chatbot-frontier	
ann_fb9f6c44f45e			2022-02-01	yes	chat	chatbot-frontier	
ann_fbef3f3cf370			2022-06-21	yes	chat	chatbot-frontier	
ann_fc05d83a8c5f			2021-02-15	yes	chat	chatbot-frontier	
ann_fc130040fd80			2021-07-30	uncertain	chat	chatbot-frontier	
ann_fc1a22884294			2025-12-09	no	chat	chatbot-frontier	
ann_fc482cd8fa9d			2022-10-19	no	chat	chatbot-frontier	
ann_fc5b9b17642a			2023-04-12	no	chat	chatbot-frontier	
ann_fcd9add7a566			2026-02-10	no	chat	chatbot-frontier	
ann_fcf165d0bdf6			2022-05-26	yes	chat	chatbot-frontier	
ann_fd04cc104db5			2023-03-01	no	chat	chatbot-frontier	
ann_fd288ee25278			2022-11-27	no	chat	chatbot-frontier	
ann_fd478820e187			2025-11-19	no	chat	chatbot-frontier	
ann_fd49b1dbff0b			2024-06-30	no	chat	chatbot-frontier	
ann_fd8f6e0502af			2025-12-16	no	chat	chatbot-frontier	
ann_fd9ae68ca24e			2023-02-11	no	chat	chatbot-frontier	
ann_fdb3bbf33873			2022-07-14	yes	chat	chatbot-frontier	
ann_fde1d49c3d18			2024-04-19	yes	chat	chatbot-frontier	
ann_fde27c8de13c			2025-11-11	no	chat	chatbot-frontier	
ann_fdf51bcd3196			2025-02-26	no	chat	chatbot-frontier	
ann_fe26bed53c2e			2023-04-15	no	chat	chatbot-frontier	
ann_fe4cbc62fe66			2024-07-29	yes	chat	chatbot-frontier	
ann_fe63dcac30a0			2022-12-06	no	chat	chatbot-frontier	
ann_fe765fdff3dc			2023-11-01	yes	chat	chatbot-frontier	
ann_fe884c6e11f9			2024-02-21	no	chat	chatbot-frontier	
ann_ff8242061dbb			2024-03-23	no	chat	chatbot-frontier	
